{
    "nEvents": 62910,
    "sumGenWeights": -5282.255473330617,
    "sumSquaredGenWeights": 443.5513305994682,
    "sumLHEpdfWeights": [
        -5282.13037109375,
        -5273.7373046875,
        -5270.63330078125,
        -5282.150390625,
        -5294.5791015625,
        -5264.2685546875,
        -5295.41357421875,
        -5270.01025390625,
        -5272.2666015625,
        -5280.826171875,
        -5276.33154296875,
        -5298.5576171875,
        -5285.95849609375,
        -5294.01171875,
        -5301.19189453125,
        -5295.72021484375,
        -5298.8349609375,
        -5300.70556640625,
        -5261.22802734375,
        -5260.5849609375,
        -5282.1884765625,
        -5267.1650390625,
        -5278.20947265625,
        -5291.2783203125,
        -5259.14208984375,
        -5282.92333984375,
        -5276.32373046875,
        -5280.64306640625,
        -5276.26416015625,
        -5258.203125,
        -5280.90966796875,
        -5259.4609375,
        -5281.6162109375,
        -5275.587890625,
        -5264.48779296875,
        -5287.26220703125,
        -5294.72607421875,
        -5270.99560546875,
        -5281.10693359375,
        -5280.1826171875,
        -5275.2685546875,
        -5273.1103515625,
        -5289.830078125,
        -5280.43115234375,
        -5284.0400390625,
        -5279.59814453125,
        -5270.89306640625,
        -5285.0,
        -5282.57763671875,
        -5275.072265625,
        -5278.82861328125,
        -5280.86572265625,
        -5289.97607421875,
        -5282.6884765625,
        -5279.58984375,
        -5272.51611328125,
        -5279.59130859375,
        -5285.82666015625,
        -5287.48486328125,
        -5283.298828125,
        -5280.35693359375,
        -5280.92041015625,
        -5287.162109375,
        -5289.23291015625,
        -5280.27685546875,
        -5287.0458984375,
        -5278.64208984375,
        -5275.8740234375,
        -5288.38525390625,
        -5281.0888671875,
        -5288.224609375,
        -5277.19091796875,
        -5275.712890625,
        -5281.8779296875,
        -5277.52099609375,
        -5281.708984375,
        -5283.1796875,
        -5285.630859375,
        -5283.67724609375,
        -5280.64208984375,
        -5282.73388671875,
        -5280.05712890625,
        -5282.6943359375,
        -5290.46435546875,
        -5280.7294921875,
        -5283.59130859375,
        -5281.62890625,
        -5283.314453125,
        -5280.07958984375,
        -5278.9775390625,
        -5284.37890625,
        -5283.7431640625,
        -5286.19580078125,
        -5278.76416015625,
        -5283.09619140625,
        -5285.2587890625,
        -5280.93701171875,
        -5284.7666015625,
        -5283.1630859375,
        -5283.7080078125,
        -5282.13037109375
    ],
    "sumPSWeights": [
        -5281.6298828125,
        -5281.9970703125,
        -5283.576171875,
        -5289.4072265625
    ],
    "sumLHEscaleWeights": [
        -6987.9013671875,
        -6337.24853515625,
        -5775.189453125,
        -5825.08740234375,
        -5282.13037109375,
        -4813.42822265625,
        -4933.57421875,
        -4473.521484375,
        -4076.220458984375
    ]
}