{
    "sumGenWeights": 14700.613227888942,
    "nEvents": 175090,
    "sumLHEpdfWeights": [
        14701.798828125,
        14695.861328125,
        14667.9833984375,
        14703.322265625,
        14736.234375,
        14687.3212890625,
        14738.0068359375,
        14716.837890625,
        14731.26953125,
        14690.548828125,
        14691.23046875,
        14684.642578125,
        14725.890625,
        14716.27734375,
        14734.509765625,
        14727.279296875,
        14712.7421875,
        14714.0673828125,
        14683.3994140625,
        14689.166015625,
        14686.986328125,
        14687.28125,
        14687.556640625,
        14714.6767578125,
        14666.1416015625,
        14698.73046875,
        14684.1953125,
        14681.259765625,
        14700.30078125,
        14646.529296875,
        14698.185546875,
        14646.91796875,
        14701.34765625,
        14680.478515625,
        14665.4130859375,
        14709.1064453125,
        14732.119140625,
        14686.51953125,
        14696.12109375,
        14697.7890625,
        14687.0390625,
        14689.56640625,
        14715.8359375,
        14693.6953125,
        14707.82421875,
        14699.853515625,
        14687.69140625,
        14703.4228515625,
        14698.376953125,
        14685.7294921875,
        14693.19921875,
        14697.72265625,
        14716.130859375,
        14700.78125,
        14698.29296875,
        14690.8359375,
        14694.0283203125,
        14707.5693359375,
        14707.97265625,
        14703.7880859375,
        14699.169921875,
        14698.60546875,
        14712.01953125,
        14709.794921875,
        14700.6669921875,
        14712.1640625,
        14697.306640625,
        14694.841796875,
        14710.138671875,
        14700.6943359375,
        14708.54296875,
        14695.966796875,
        14693.740234375,
        14701.951171875,
        14694.9296875,
        14699.880859375,
        14702.0078125,
        14709.28125,
        14703.15625,
        14698.33984375,
        14702.484375,
        14697.96875,
        14702.5302734375,
        14713.10546875,
        14700.46875,
        14703.052734375,
        14699.86328125,
        14703.109375,
        14698.9912109375,
        14697.51171875,
        14704.2958984375,
        14703.3681640625,
        14706.9716796875,
        14696.2841796875,
        14702.162109375,
        14705.373046875,
        14699.5458984375,
        14704.474609375,
        14702.6142578125,
        14703.4609375,
        14701.798828125
    ],
    "sumPSWeights": [
        14692.0703125,
        14690.15234375,
        14709.875,
        14703.04296875
    ],
    "sumLHEscaleWeights": [
        18849.328125,
        17951.55078125,
        17060.2890625,
        15438.337890625,
        14701.798828125,
        13968.865234375,
        12887.85546875,
        12270.404296875,
        11658.345703125
    ]
}