{
    "sumGenWeights": 4276.429105550051,
    "nEvents": 250000,
    "sumLHEpdfWeights": [
        250000.0,
        249678.96875,
        249643.03125,
        250007.28125,
        250395.03125,
        249108.984375,
        250441.53125,
        249501.40625,
        249520.6875,
        249870.25,
        249826.15625,
        250930.171875,
        250098.21875,
        250419.8125,
        250728.0625,
        250558.875,
        250676.0,
        250954.65625,
        248773.109375,
        248893.28125,
        250025.890625,
        249289.4375,
        249814.03125,
        250388.3125,
        248755.15625,
        249998.484375,
        249782.453125,
        249981.046875,
        249600.03125,
        248826.9375,
        249775.53125,
        248756.21875,
        250049.15625,
        249878.71875,
        249149.03125,
        250122.59375,
        250446.53125,
        249556.90625,
        250099.34375,
        249989.53125,
        249863.875,
        249697.46875,
        250204.796875,
        249934.8125,
        249954.671875,
        249868.8125,
        249529.53125,
        250083.28125,
        250073.09375,
        249807.171875,
        249962.84375,
        250026.671875,
        250206.03125,
        250028.921875,
        249926.453125,
        249580.875,
        249962.296875,
        250084.5625,
        250119.90625,
        250029.703125,
        249958.0,
        250026.25,
        250091.953125,
        250270.71875,
        249906.65625,
        250093.59375,
        249933.625,
        249733.21875,
        250210.5,
        249974.125,
        250212.703125,
        249836.1875,
        249741.390625,
        249937.4375,
        249856.8125,
        250022.25,
        250074.65625,
        250045.25,
        250005.890625,
        249985.953125,
        250011.75,
        249943.828125,
        249992.0625,
        250281.875,
        249962.0,
        250014.953125,
        250006.40625,
        250012.828125,
        249940.09375,
        249923.328125,
        250023.875,
        250039.5,
        250090.34375,
        249921.5625,
        250010.25,
        250059.8125,
        249992.6875,
        250045.640625,
        250034.8125,
        250020.96875,
        250000.0
    ]
}