{
    "sumGenWeights": 17106.93223774433,
    "nEvents": 250000,
    "sumLHEpdfWeights": [
        250000.0,
        249548.71875,
        249497.671875,
        250006.125,
        250590.375,
        249034.0625,
        250579.453125,
        249306.03125,
        249390.34375,
        249927.5625,
        249749.71875,
        250901.5625,
        250169.3125,
        250602.46875,
        250958.28125,
        250645.9375,
        250863.578125,
        250937.5625,
        248927.171875,
        248854.09375,
        250027.90625,
        249255.8125,
        249833.890625,
        250450.75,
        248869.21875,
        250051.46875,
        249718.484375,
        249965.65625,
        249638.015625,
        248853.375,
        249911.171875,
        248935.625,
        249971.0,
        249726.46875,
        249118.359375,
        250216.203125,
        250622.0625,
        249468.125,
        249997.8125,
        249945.0625,
        249711.375,
        249540.71875,
        250366.359375,
        249936.375,
        250044.46875,
        249874.53125,
        249466.625,
        250109.484375,
        250061.4375,
        249668.96875,
        249872.0625,
        249979.171875,
        250356.4375,
        250029.1875,
        249910.375,
        249536.359375,
        249912.546875,
        250114.8125,
        250210.21875,
        250064.21875,
        249937.609375,
        249982.5625,
        250186.671875,
        250302.078125,
        249902.1875,
        250200.09375,
        249874.859375,
        249693.03125,
        250275.46875,
        249969.71875,
        250259.3125,
        249783.375,
        249703.078125,
        249940.328125,
        249807.609375,
        250017.15625,
        250066.71875,
        250102.21875,
        250020.078125,
        249967.625,
        250015.375,
        249922.03125,
        249994.84375,
        250362.53125,
        249948.875,
        250034.53125,
        249998.6875,
        250023.25,
        249923.546875,
        249881.90625,
        250053.8125,
        250056.890625,
        250144.625,
        249871.171875,
        250016.921875,
        250099.53125,
        249978.25,
        250077.21875,
        250044.484375,
        250032.484375,
        250000.0
    ]
}