{
    "sumGenWeights": -384147.0367119312,
    "nEvents": 172560,
    "sumLHEpdfWeights": [
        172560.0,
        172522.25,
        172217.8125,
        172610.875,
        173003.234375,
        172438.921875,
        172994.125,
        172791.875,
        173031.03125,
        172491.984375,
        172520.890625,
        172252.484375,
        172835.75,
        172644.53125,
        172894.59375,
        172828.609375,
        172613.265625,
        172618.59375,
        172470.5,
        172536.078125,
        172379.4375,
        172482.1875,
        172396.5625,
        172685.15625,
        172244.65625,
        172562.40625,
        172452.84375,
        172327.515625,
        172504.21875,
        171963.78125,
        172516.484375,
        171949.625,
        172565.171875,
        172423.3125,
        172246.15625,
        172608.9375,
        172891.65625,
        172438.296875,
        172575.53125,
        172545.515625,
        172493.640625,
        172480.84375,
        172643.8125,
        172517.328125,
        172562.59375,
        172535.75,
        172442.4375,
        172579.375,
        172573.140625,
        172481.3125,
        172538.59375,
        172554.1875,
        172647.125,
        172566.328125,
        172541.15625,
        172461.75,
        172547.078125,
        172589.53125,
        172592.625,
        172574.84375,
        172549.3125,
        172563.09375,
        172614.875,
        172625.90625,
        172541.5625,
        172601.96875,
        172547.375,
        172495.28125,
        172615.828125,
        172554.15625,
        172616.21875,
        172520.3125,
        172495.546875,
        172544.875,
        172527.28125,
        172563.90625,
        172576.34375,
        172595.828125,
        172560.125,
        172554.4375,
        172565.8125,
        172543.96875,
        172558.421875,
        172637.34375,
        172551.53125,
        172563.890625,
        172559.515625,
        172564.53125,
        172545.3125,
        172542.0625,
        172567.984375,
        172570.6875,
        172584.953125,
        172537.71875,
        172562.140625,
        172576.265625,
        172557.125,
        172572.34375,
        172568.328125,
        172566.578125,
        172560.0
    ]
}