{
    "sumGenWeights": 61389.75937065482,
    "nEvents": 183406,
    "sumLHEpdfWeights": [
        183406.0,
        183352.46875,
        183082.875,
        183437.15625,
        183798.34375,
        183221.015625,
        183793.625,
        183527.125,
        183781.96875,
        183335.625,
        183361.65625,
        183202.90625,
        183631.59375,
        183531.3125,
        183774.703125,
        183656.296875,
        183526.46875,
        183539.1875,
        183208.71875,
        183272.84375,
        183266.6875,
        183266.78125,
        183259.46875,
        183554.53125,
        183007.9375,
        183404.75,
        183301.609375,
        183220.609375,
        183303.53125,
        182760.21875,
        183338.25,
        182748.15625,
        183417.46875,
        183294.40625,
        183062.140625,
        183465.140625,
        183723.125,
        183260.75,
        183439.515625,
        183395.515625,
        183344.5,
        183318.28125,
        183488.28125,
        183367.84375,
        183396.15625,
        183372.09375,
        183256.4375,
        183432.1875,
        183426.1875,
        183329.5625,
        183392.3125,
        183408.65625,
        183487.28125,
        183416.5,
        183385.625,
        183281.625,
        183398.875,
        183435.6875,
        183439.78125,
        183420.4375,
        183394.59375,
        183414.84375,
        183449.765625,
        183486.34375,
        183381.296875,
        183439.984375,
        183392.59375,
        183325.78125,
        183471.1875,
        183397.625,
        183471.75,
        183358.78125,
        183328.078125,
        183385.84375,
        183367.4375,
        183412.46875,
        183428.28125,
        183430.40625,
        183406.09375,
        183401.96875,
        183411.5625,
        183388.125,
        183402.96875,
        183492.8125,
        183395.84375,
        183409.53125,
        183407.171875,
        183410.4375,
        183389.0,
        183386.109375,
        183412.34375,
        183417.59375,
        183431.46875,
        183383.125,
        183408.46875,
        183422.40625,
        183404.203125,
        183418.390625,
        183415.6875,
        183412.59375,
        183406.0
    ]
}