{
    "sumGenWeights": 172393.58886027336,
    "nEvents": 77440,
    "sumLHEpdfWeights": [
        172389.65625,
        172397.59375,
        172025.28125,
        172461.546875,
        172812.34375,
        172349.453125,
        172833.921875,
        172758.78125,
        172937.375,
        172260.921875,
        172313.15625,
        172017.59375,
        172732.84375,
        172495.578125,
        172699.15625,
        172650.96875,
        172401.34375,
        172407.71875,
        172350.8125,
        172416.703125,
        172202.484375,
        172348.875,
        172230.78125,
        172518.09375,
        172078.4375,
        172364.28125,
        172209.84375,
        172132.0625,
        172430.09375,
        171806.5625,
        172351.71875,
        171802.359375,
        172415.609375,
        172161.03125,
        172027.84375,
        172466.53125,
        172739.65625,
        172265.625,
        172349.71875,
        172369.28125,
        172258.640625,
        172304.421875,
        172551.59375,
        172311.65625,
        172488.28125,
        172387.484375,
        172290.40625,
        172400.796875,
        172351.34375,
        172242.875,
        172314.6875,
        172352.5,
        172558.78125,
        172373.671875,
        172359.46875,
        172320.03125,
        172323.921875,
        172464.296875,
        172457.171875,
        172422.75,
        172367.3125,
        172365.734375,
        172528.03125,
        172476.8125,
        172404.1875,
        172535.46875,
        172367.4375,
        172353.1875,
        172487.46875,
        172390.0,
        172458.703125,
        172352.84375,
        172325.359375,
        172417.84375,
        172331.9375,
        172362.671875,
        172388.15625,
        172497.28125,
        172417.59375,
        172354.0,
        172410.453125,
        172350.0625,
        172415.921875,
        172509.609375,
        172391.265625,
        172404.703125,
        172365.625,
        172417.03125,
        172366.78125,
        172356.96875,
        172431.453125,
        172407.0625,
        172454.84375,
        172340.96875,
        172391.25,
        172438.59375,
        172367.0,
        172428.234375,
        172395.8125,
        172422.4375,
        172389.65625
    ],
    "sumPSWeights": [
        172440.734375,
        172405.109375,
        172369.34375,
        171898.5625
    ],
    "sumLHEscaleWeights": [
        218486.625,
        211899.5625,
        204432.875,
        177754.53125,
        172389.65625,
        166315.34375,
        147575.9375,
        143122.171875,
        138075.625
    ]
}