{
    "sumGenWeights": 14700.613227888942,
    "nEvents": 175090,
    "sumLHEpdfWeights": [
        175090.0,
        175031.234375,
        174704.03125,
        175125.6875,
        175532.625,
        174920.5625,
        175545.25,
        175263.96875,
        175448.34375,
        174999.59375,
        175022.1875,
        174900.40625,
        175383.15625,
        175255.921875,
        175498.625,
        175401.90625,
        175218.265625,
        175235.625,
        174885.1875,
        174954.875,
        174917.8125,
        174939.515625,
        174934.8125,
        175259.4375,
        174703.09375,
        175092.015625,
        174940.828125,
        174841.03125,
        175037.5625,
        174437.9375,
        175052.90625,
        174436.75,
        175088.125,
        174904.125,
        174694.34375,
        175163.453125,
        175477.59375,
        174937.53125,
        175090.21875,
        175072.1875,
        174990.75,
        174974.3125,
        175224.09375,
        175046.25,
        175116.75,
        175064.125,
        174939.671875,
        175116.65625,
        175100.5,
        174975.9375,
        175050.578125,
        175075.9375,
        175219.25,
        175096.125,
        175070.40625,
        174968.359375,
        175067.71875,
        175123.328125,
        175138.015625,
        175112.40625,
        175074.9375,
        175089.5,
        175167.0625,
        175166.84375,
        175068.96875,
        175159.8125,
        175069.171875,
        175009.75,
        175169.625,
        175081.5625,
        175157.59375,
        175037.4375,
        175012.09375,
        175074.34375,
        175044.5,
        175093.125,
        175108.8125,
        175137.90625,
        175092.46875,
        175082.0625,
        175094.90625,
        175068.9375,
        175088.46875,
        175190.6875,
        175079.09375,
        175097.640625,
        175088.34375,
        175095.65625,
        175072.015625,
        175065.765625,
        175100.6875,
        175103.765625,
        175124.625,
        175059.5625,
        175092.34375,
        175112.625,
        175086.09375,
        175106.28125,
        175100.28125,
        175097.734375,
        175090.0
    ]
}