{
    "nEvents": 172560,
    "sumGenWeights": -384147.0367119312,
    "sumSquaredGenWeights": 855225.6899299622,
    "sumLHEpdfWeights": [
        -384188.8125,
        -384106.78125,
        -383290.4375,
        -384253.3125,
        -385051.4375,
        -383964.375,
        -385103.5625,
        -384775.75,
        -385209.4375,
        -383869.0625,
        -383961.40625,
        -383453.875,
        -384857.875,
        -384467.75,
        -384955.75,
        -384772.375,
        -384343.375,
        -384339.625,
        -383923.3125,
        -384091.0625,
        -383728.96875,
        -383945.21875,
        -383784.53125,
        -384475.875,
        -383377.625,
        -384097.03125,
        -383741.8125,
        -383566.3125,
        -384209.90625,
        -382764.8125,
        -384101.0625,
        -382755.25,
        -384206.5,
        -383640.625,
        -383288.0,
        -384336.5,
        -384904.25,
        -383840.25,
        -384060.5,
        -384093.75,
        -383853.03125,
        -383932.75,
        -384498.875,
        -383980.21875,
        -384351.125,
        -384152.53125,
        -383892.96875,
        -384215.5625,
        -384116.96875,
        -383817.46875,
        -384001.5,
        -384089.21875,
        -384534.125,
        -384158.625,
        -384098.5625,
        -383962.0,
        -384022.40625,
        -384360.53125,
        -384337.09375,
        -384232.96875,
        -384127.5,
        -384121.5625,
        -384471.4375,
        -384386.0625,
        -384176.3125,
        -384461.5625,
        -384107.125,
        -384050.1875,
        -384377.0,
        -384170.0625,
        -384353.8125,
        -384065.96875,
        -384005.0625,
        -384201.8125,
        -384040.3125,
        -384138.1875,
        -384184.6875,
        -384411.1875,
        -384225.0625,
        -384106.0,
        -384218.5,
        -384093.375,
        -384216.6875,
        -384470.8125,
        -384168.1875,
        -384211.25,
        -384135.15625,
        -384229.03125,
        -384114.75,
        -384088.53125,
        -384258.65625,
        -384224.6875,
        -384323.75,
        -384061.96875,
        -384194.6875,
        -384281.625,
        -384130.25,
        -384260.25,
        -384197.0625,
        -384238.59375,
        -384188.8125
    ],
    "sumPSWeights": [
        -384069.25,
        -384968.5625,
        -384241.21875,
        -383064.03125
    ],
    "sumLHEscaleWeights": [
        -489766.1875,
        -470594.09375,
        -450481.625,
        -399797.6875,
        -384188.8125,
        -367721.375,
        -332833.6875,
        -319812.6875,
        -306116.0625
    ]
}