{
    "sumGenWeights": -5282.255473330617,
    "nEvents": 62910,
    "sumLHEpdfWeights": [
        62910.0,
        62809.375,
        62767.953125,
        62908.80078125,
        63059.37109375,
        62695.1484375,
        63069.80078125,
        62763.0859375,
        62790.640625,
        62893.6484375,
        62840.7578125,
        63104.5234375,
        62953.8125,
        63048.984375,
        63136.6171875,
        63070.4375,
        63109.546875,
        63130.6796875,
        62660.8203125,
        62652.15625,
        62908.73828125,
        62731.03125,
        62860.640625,
        63018.0390625,
        62633.8046875,
        62917.578125,
        62838.9453125,
        62891.265625,
        62838.1953125,
        62623.8359375,
        62896.546875,
        62639.6953125,
        62899.89453125,
        62825.5,
        62698.1875,
        62969.4609375,
        63057.75390625,
        62777.90625,
        62893.484375,
        62885.41796875,
        62823.8515625,
        62800.0703125,
        63003.24609375,
        62887.5,
        62932.28125,
        62880.5078125,
        62774.796875,
        62940.6953125,
        62920.109375,
        62822.2421875,
        62868.328125,
        62898.390625,
        63003.6015625,
        62918.796875,
        62886.7421875,
        62796.3203125,
        62878.21875,
        62942.13671875,
        62970.3046875,
        62926.1796875,
        62891.33203125,
        62899.5,
        62968.1484375,
        62985.265625,
        62886.34375,
        62970.98046875,
        62869.203125,
        62835.4375,
        62979.890625,
        62901.3984375,
        62975.21875,
        62855.203125,
        62837.171875,
        62896.8046875,
        62858.6328125,
        62913.1875,
        62926.2578125,
        62948.4765625,
        62917.97265625,
        62899.14453125,
        62913.0625,
        62888.8046875,
        62908.859375,
        63006.15625,
        62896.703125,
        62920.8671875,
        62908.7734375,
        62916.484375,
        62889.953125,
        62878.1328125,
        62926.39453125,
        62925.34375,
        62953.0078125,
        62874.5625,
        62914.4609375,
        62938.390625,
        62903.4609375,
        62932.04296875,
        62921.69921875,
        62919.296875,
        62910.0
    ]
}