{
    "sumGenWeights": 4276.429105550051,
    "nEvents": 250000,
    "sumLHEpdfWeights": [
        4275.953125,
        4268.53955078125,
        4267.03076171875,
        4276.5,
        4286.7294921875,
        4260.07958984375,
        4287.3828125,
        4264.7578125,
        4265.95166015625,
        4275.5966796875,
        4271.30419921875,
        4291.90087890625,
        4278.93359375,
        4286.7001953125,
        4292.2041015625,
        4287.9384765625,
        4291.26123046875,
        4292.849609375,
        4257.8232421875,
        4256.94580078125,
        4277.0546875,
        4263.16064453125,
        4273.37939453125,
        4284.0478515625,
        4256.6494140625,
        4277.32470703125,
        4271.216796875,
        4275.8232421875,
        4270.79296875,
        4256.861328125,
        4275.388671875,
        4257.80078125,
        4275.625,
        4270.8447265625,
        4261.35400390625,
        4280.458984375,
        4287.345703125,
        4266.87890625,
        4275.412109375,
        4274.8671875,
        4270.759765625,
        4268.2236328125,
        4283.3740234375,
        4275.15966796875,
        4278.11328125,
        4273.607421875,
        4266.7607421875,
        4278.7216796875,
        4276.6513671875,
        4270.4296875,
        4273.49755859375,
        4275.21240234375,
        4283.3173828125,
        4276.49853515625,
        4273.9833984375,
        4267.69287109375,
        4274.091796875,
        4278.92333984375,
        4281.0185546875,
        4277.2255859375,
        4274.416015625,
        4275.4267578125,
        4280.517578125,
        4282.158203125,
        4274.1982421875,
        4280.798828125,
        4273.205078125,
        4270.55712890625,
        4281.8515625,
        4275.1064453125,
        4281.2783203125,
        4272.0048828125,
        4270.64453125,
        4275.88037109375,
        4272.125,
        4275.89794921875,
        4277.24365234375,
        4279.20654296875,
        4277.43994140625,
        4275.00830078125,
        4276.45166015625,
        4274.22705078125,
        4276.55419921875,
        4283.62158203125,
        4274.8173828125,
        4277.4267578125,
        4275.75,
        4276.99609375,
        4274.3759765625,
        4273.5791015625,
        4277.82470703125,
        4277.47998046875,
        4279.7060546875,
        4273.41650390625,
        4276.8486328125,
        4278.76708984375,
        4275.283203125,
        4278.3154296875,
        4276.94091796875,
        4277.36328125,
        4275.953125
    ],
    "sumPSWeights": [
        4274.95068359375,
        4278.890625,
        4278.22265625,
        4266.224609375
    ],
    "sumLHEscaleWeights": [
        5675.541015625,
        5120.8681640625,
        4645.75390625,
        4739.86083984375,
        4275.953125,
        3879.5703125,
        4020.438232421875,
        3626.9814453125,
        3290.427734375
    ]
}