{
    "sumGenWeights": 172393.58886027336,
    "nEvents": 77440,
    "sumLHEpdfWeights": [
        77440.0,
        77443.5,
        77280.3671875,
        77468.640625,
        77625.5,
        77420.96875,
        77630.265625,
        77609.078125,
        77681.859375,
        77377.40625,
        77419.8359375,
        77271.78125,
        77594.8046875,
        77483.875,
        77580.640625,
        77559.125,
        77447.34375,
        77447.421875,
        77419.625,
        77449.6171875,
        77352.421875,
        77416.78125,
        77367.09375,
        77495.9375,
        77303.625,
        77437.921875,
        77359.8203125,
        77316.6484375,
        77456.546875,
        77167.375,
        77426.2265625,
        77163.640625,
        77436.1953125,
        77327.0390625,
        77272.34375,
        77470.71875,
        77597.9375,
        77389.625,
        77430.890625,
        77430.921875,
        77392.953125,
        77400.9921875,
        77503.21875,
        77415.90625,
        77462.046875,
        77433.9296875,
        77389.515625,
        77448.5625,
        77438.0625,
        77386.578125,
        77416.609375,
        77428.234375,
        77499.09375,
        77439.9375,
        77432.5546875,
        77400.7265625,
        77425.2265625,
        77455.515625,
        77457.9765625,
        77450.390625,
        77431.4296875,
        77438.546875,
        77483.171875,
        77465.15625,
        77433.953125,
        77481.2734375,
        77432.1015625,
        77414.671875,
        77471.1328125,
        77436.5625,
        77461.65625,
        77422.359375,
        77414.1953125,
        77438.421875,
        77423.0,
        77438.34375,
        77445.5234375,
        77468.8046875,
        77442.5078125,
        77435.265625,
        77441.53125,
        77429.984375,
        77441.109375,
        77477.9296875,
        77436.1875,
        77444.328125,
        77437.75,
        77442.1953125,
        77433.9140625,
        77431.421875,
        77444.7734375,
        77445.640625,
        77454.7421875,
        77427.4375,
        77440.3671875,
        77449.8125,
        77437.796875,
        77446.6640625,
        77443.546875,
        77443.578125,
        77440.0
    ]
}