{
    "sumGenWeights": -22291.810652643442,
    "nEvents": 66594,
    "sumLHEpdfWeights": [
        66594.0,
        66488.9375,
        66439.4140625,
        66592.515625,
        66755.0390625,
        66361.9375,
        66764.9375,
        66439.671875,
        66465.625,
        66576.625,
        66528.09375,
        66798.921875,
        66642.203125,
        66738.390625,
        66839.96875,
        66762.828125,
        66807.609375,
        66828.09375,
        66329.2109375,
        66321.53125,
        66590.90625,
        66408.0390625,
        66543.0859375,
        66706.609375,
        66303.2265625,
        66603.7734375,
        66515.234375,
        66576.7734375,
        66511.828125,
        66291.59375,
        66587.6875,
        66305.640625,
        66576.265625,
        66496.984375,
        66368.0859375,
        66657.546875,
        66745.671875,
        66460.109375,
        66575.09375,
        66575.984375,
        66503.671875,
        66472.15625,
        66696.5625,
        66576.71875,
        66621.1640625,
        66563.6328125,
        66456.390625,
        66623.296875,
        66608.578125,
        66493.6875,
        66551.7890625,
        66587.921875,
        66696.78125,
        66602.421875,
        66574.640625,
        66477.546875,
        66563.859375,
        66620.5625,
        66648.890625,
        66611.859375,
        66576.203125,
        66592.90625,
        66653.828125,
        66666.953125,
        66569.1953125,
        66672.1875,
        66563.421875,
        66518.1953125,
        66664.453125,
        66586.03125,
        66657.6875,
        66540.328125,
        66521.984375,
        66578.0859375,
        66546.203125,
        66598.90625,
        66613.0078125,
        66618.765625,
        66598.125,
        66587.5546875,
        66597.015625,
        66573.4375,
        66591.8515625,
        66687.25,
        66581.890625,
        66603.8359375,
        66594.484375,
        66599.2109375,
        66575.640625,
        66566.59375,
        66604.34375,
        66608.7890625,
        66630.875,
        66562.15625,
        66597.2109375,
        66617.296875,
        66590.6484375,
        66611.21875,
        66604.9140625,
        66600.9296875,
        66594.0
    ]
}