{
    "sumGenWeights": 340294.349193573,
    "nEvents": 250000,
    "sumLHEpdfWeights": [
        340309.40625,
        340297.0,
        339558.625,
        340406.875,
        341113.28125,
        340185.6875,
        341145.25,
        340942.375,
        341317.84375,
        340032.5625,
        340118.625,
        339607.375,
        340958.0625,
        340560.28125,
        340966.25,
        340839.25,
        340394.1875,
        340398.25,
        340154.1875,
        340287.28125,
        339920.3125,
        340168.0,
        339987.09375,
        340570.9375,
        339651.1875,
        340224.34375,
        339918.75,
        339768.0,
        340386.375,
        339082.75,
        340251.4375,
        339086.625,
        340354.75,
        339823.6875,
        339552.6875,
        340466.09375,
        340979.0625,
        340031.0,
        340198.25,
        340243.65625,
        340013.125,
        340113.96875,
        340637.875,
        340126.75,
        340519.9375,
        340306.75,
        340088.5,
        340332.46875,
        340223.4375,
        339975.15625,
        340137.40625,
        340217.3125,
        340658.8125,
        340272.03125,
        340237.75,
        340164.0,
        340150.875,
        340484.625,
        340455.875,
        340367.5625,
        340255.25,
        340242.28125,
        340600.5625,
        340498.84375,
        340340.8125,
        340609.875,
        340245.5,
        340237.1875,
        340512.625,
        340299.34375,
        340453.5625,
        340218.9375,
        340170.34375,
        340371.0,
        340177.5,
        340246.21875,
        340297.21875,
        340543.125,
        340363.3125,
        340227.75,
        340348.15625,
        340218.875,
        340360.1875,
        340571.09375,
        340302.625,
        340340.25,
        340249.0,
        340362.6875,
        340250.5,
        340229.3125,
        340403.96875,
        340346.59375,
        340458.0,
        340195.3125,
        340313.4375,
        340414.75,
        340252.1875,
        340390.5,
        340322.34375,
        340376.28125,
        340309.40625
    ],
    "sumPSWeights": [
        340311.125,
        340075.3125,
        340317.25,
        340784.78125
    ],
    "sumLHEscaleWeights": [
        432624.46875,
        417485.03125,
        401148.125,
        352596.0625,
        340309.40625,
        326948.625,
        293162.53125,
        282922.28125,
        271832.4375
    ]
}