{
    "nEvents": 250000,
    "sumGenWeights": 340294.349193573,
    "sumSquaredGenWeights": 463221.8607664108,
    "sumLHEpdfWeights": [
        340309.40625,
        340297.0,
        339558.625,
        340406.875,
        341113.3125,
        340185.6875,
        341145.25,
        340942.40625,
        341317.84375,
        340032.5625,
        340118.65625,
        339607.375,
        340958.0625,
        340560.28125,
        340966.28125,
        340839.25,
        340394.1875,
        340398.21875,
        340154.15625,
        340287.25,
        339920.34375,
        340168.03125,
        339987.09375,
        340570.96875,
        339651.21875,
        340224.34375,
        339918.75,
        339767.96875,
        340386.34375,
        339082.75,
        340251.40625,
        339086.65625,
        340354.75,
        339823.6875,
        339552.71875,
        340466.0625,
        340979.0625,
        340031.0,
        340198.25,
        340243.65625,
        340013.125,
        340113.96875,
        340637.90625,
        340126.75,
        340519.9375,
        340306.75,
        340088.5,
        340332.5,
        340223.4375,
        339975.15625,
        340137.375,
        340217.34375,
        340658.8125,
        340272.03125,
        340237.75,
        340164.0,
        340150.875,
        340484.65625,
        340455.90625,
        340367.59375,
        340255.28125,
        340242.28125,
        340600.59375,
        340498.84375,
        340340.78125,
        340609.875,
        340245.5,
        340237.1875,
        340512.65625,
        340299.375,
        340453.53125,
        340218.9375,
        340170.34375,
        340371.03125,
        340177.53125,
        340246.21875,
        340297.25,
        340543.15625,
        340363.25,
        340227.75,
        340348.1875,
        340218.90625,
        340360.1875,
        340571.09375,
        340302.625,
        340340.25,
        340249.03125,
        340362.6875,
        340250.5,
        340229.3125,
        340403.9375,
        340346.59375,
        340458.0,
        340195.28125,
        340313.4375,
        340414.78125,
        340252.1875,
        340390.5,
        340322.34375,
        340376.28125,
        340309.40625
    ],
    "sumPSWeights": [
        340311.09375,
        340075.3125,
        340317.25,
        340784.75
    ],
    "sumLHEscaleWeights": [
        432624.46875,
        417485.0,
        401148.09375,
        352596.09375,
        340309.40625,
        326948.625,
        293162.53125,
        282922.28125,
        271832.4375
    ]
}