{
    "nEvents": 66594,
    "sumGenWeights": -22291.810652643442,
    "sumSquaredGenWeights": 7478.986873086542,
    "sumLHEpdfWeights": [
        -22291.08203125,
        -22255.814453125,
        -22242.80078125,
        -22290.875,
        -22344.21484375,
        -22215.580078125,
        -22346.51953125,
        -22241.2109375,
        -22249.64453125,
        -22285.26953125,
        -22266.783203125,
        -22360.220703125,
        -22308.0234375,
        -22341.390625,
        -22370.708984375,
        -22348.703125,
        -22361.392578125,
        -22369.689453125,
        -22201.82421875,
        -22200.201171875,
        -22291.38671875,
        -22228.49609375,
        -22275.5703125,
        -22329.11328125,
        -22194.83984375,
        -22294.79296875,
        -22265.96875,
        -22285.740234375,
        -22265.78125,
        -22191.25390625,
        -22286.6875,
        -22195.24609375,
        -22288.17578125,
        -22262.34375,
        -22216.640625,
        -22312.5625,
        -22344.98828125,
        -22245.708984375,
        -22286.2890625,
        -22284.0078125,
        -22262.66796875,
        -22252.69921875,
        -22324.5078125,
        -22285.37890625,
        -22300.607421875,
        -22280.828125,
        -22244.75,
        -22302.9921875,
        -22293.0234375,
        -22261.015625,
        -22276.7265625,
        -22285.830078125,
        -22324.224609375,
        -22293.3515625,
        -22281.373046875,
        -22251.31640625,
        -22279.9765625,
        -22306.462890625,
        -22313.974609375,
        -22296.48828125,
        -22283.69921875,
        -22286.91015625,
        -22312.5859375,
        -22320.38671875,
        -22283.13671875,
        -22312.78125,
        -22276.892578125,
        -22265.23828125,
        -22318.3671875,
        -22286.97265625,
        -22315.91796875,
        -22271.07421875,
        -22265.2109375,
        -22290.56640625,
        -22271.974609375,
        -22289.9296875,
        -22296.0859375,
        -22306.35546875,
        -22298.056640625,
        -22285.3359375,
        -22293.1484375,
        -22282.453125,
        -22293.212890625,
        -22326.392578125,
        -22285.60546875,
        -22297.298828125,
        -22289.671875,
        -22295.48828125,
        -22283.21875,
        -22278.544921875,
        -22300.53125,
        -22297.703125,
        -22308.775390625,
        -22277.57421875,
        -22294.826171875,
        -22304.671875,
        -22286.84765625,
        -22302.220703125,
        -22295.44921875,
        -22297.71484375,
        -22291.08203125
    ],
    "sumPSWeights": [
        -22287.98046875,
        -22295.939453125,
        -22292.015625,
        -22271.21875
    ],
    "sumLHEscaleWeights": [
        -29489.6796875,
        -26743.6953125,
        -24371.3828125,
        -24582.89453125,
        -22291.08203125,
        -20313.10546875,
        -20820.64453125,
        -18878.73828125,
        -17202.19140625
    ]
}