{
    "nEvents": 183406,
    "sumGenWeights": 61389.75937065482,
    "sumSquaredGenWeights": 20595.4836432077,
    "sumLHEpdfWeights": [
        61389.1796875,
        61370.75,
        61255.546875,
        61401.65234375,
        61536.765625,
        61333.98046875,
        61543.53125,
        61454.5625,
        61517.625,
        61350.74609375,
        61349.921875,
        61322.40625,
        61492.75,
        61453.1171875,
        61533.2421875,
        61498.3046875,
        61440.8203125,
        61444.7890625,
        61317.82421875,
        61344.04296875,
        61331.7421875,
        61333.1015625,
        61333.46875,
        61448.4921875,
        61243.1484375,
        61382.046875,
        61326.40625,
        61309.11328125,
        61387.65625,
        61160.890625,
        61376.19921875,
        61162.3125,
        61395.3515625,
        61314.3984375,
        61244.57421875,
        61419.640625,
        61515.5,
        61324.04296875,
        61373.4609375,
        61374.9921875,
        61335.5703125,
        61342.4765625,
        61448.328125,
        61359.0390625,
        61417.6484375,
        61379.0859375,
        61332.6171875,
        61395.6171875,
        61377.140625,
        61332.1953125,
        61360.1015625,
        61374.296875,
        61452.234375,
        61382.16015625,
        61370.7109375,
        61344.94921875,
        61362.37890625,
        61421.24609375,
        61418.57421875,
        61396.5,
        61376.5390625,
        61375.9296875,
        61437.48828125,
        61429.4375,
        61385.89453125,
        61438.171875,
        61371.54296875,
        61362.765625,
        61428.09375,
        61382.86328125,
        61420.6015625,
        61363.9609375,
        61354.0234375,
        61394.0,
        61358.60546875,
        61376.41796875,
        61387.05859375,
        61424.390625,
        61397.59375,
        61371.9921875,
        61393.8203125,
        61369.7421875,
        61394.515625,
        61442.7421875,
        61382.84375,
        61393.703125,
        61376.0859375,
        61396.78125,
        61373.1484375,
        61368.2109375,
        61404.23046875,
        61396.03515625,
        61415.9921875,
        61363.5625,
        61390.05859375,
        61408.09375,
        61376.23046875,
        61403.578125,
        61389.6328125,
        61399.1796875,
        61389.1796875
    ],
    "sumPSWeights": [
        61423.3671875,
        61374.609375,
        61347.1796875,
        61383.265625
    ],
    "sumLHEscaleWeights": [
        78719.53125,
        74965.8515625,
        71238.7421875,
        64474.87890625,
        61389.1796875,
        58330.5234375,
        53823.71875,
        51242.28125,
        48683.1328125
    ]
}