{
    "sumGenWeights": 17106.93223774433,
    "nEvents": 250000,
    "sumLHEpdfWeights": [
        17107.560546875,
        17076.203125,
        17069.8203125,
        17106.916015625,
        17146.611328125,
        17042.318359375,
        17148.455078125,
        17060.876953125,
        17065.716796875,
        17103.14453125,
        17087.69921875,
        17168.93359375,
        17117.02734375,
        17147.380859375,
        17169.171875,
        17151.4921875,
        17164.677734375,
        17171.765625,
        17032.884765625,
        17028.765625,
        17109.19921875,
        17055.134765625,
        17094.53515625,
        17137.15234375,
        17027.404296875,
        17110.015625,
        17087.2265625,
        17104.533203125,
        17084.205078125,
        17028.650390625,
        17101.916015625,
        17031.447265625,
        17104.15625,
        17085.25390625,
        17047.51953125,
        17123.421875,
        17148.927734375,
        17069.42578125,
        17103.41015625,
        17101.3984375,
        17084.298828125,
        17074.73046875,
        17132.517578125,
        17102.82421875,
        17112.779296875,
        17097.693359375,
        17068.5625,
        17116.193359375,
        17108.9921875,
        17082.775390625,
        17095.578125,
        17102.572265625,
        17132.341796875,
        17108.22265625,
        17098.1484375,
        17073.44921875,
        17098.669921875,
        17118.396484375,
        17124.595703125,
        17110.703125,
        17100.677734375,
        17103.05078125,
        17122.77734375,
        17130.384765625,
        17100.14453125,
        17122.4921875,
        17095.42578125,
        17084.759765625,
        17128.138671875,
        17103.01953125,
        17127.111328125,
        17089.85546875,
        17084.630859375,
        17105.341796875,
        17091.125,
        17105.7265625,
        17110.474609375,
        17118.04296875,
        17111.45703125,
        17102.169921875,
        17108.634765625,
        17099.54296875,
        17108.466796875,
        17134.728515625,
        17101.703125,
        17111.6015625,
        17104.8671875,
        17110.41796875,
        17099.53125,
        17096.0859375,
        17113.89453125,
        17112.3125,
        17120.140625,
        17095.568359375,
        17109.96875,
        17117.1484375,
        17102.978515625,
        17115.275390625,
        17110.05078125,
        17111.75,
        17107.560546875
    ],
    "sumPSWeights": [
        17099.6328125,
        17096.06640625,
        17116.080078125,
        17121.830078125
    ],
    "sumLHEscaleWeights": [
        22704.33984375,
        20485.51171875,
        18584.06640625,
        18960.8671875,
        17107.560546875,
        15518.77734375,
        16083.177734375,
        14509.7744140625,
        13162.517578125
    ]
}