{
    "sumGenWeights": 340294.349193573,
    "nEvents": 250000,
    "sumLHEpdfWeights": [
        250000.0,
        249969.34375,
        249560.09375,
        250073.8125,
        250581.390625,
        249861.015625,
        250569.90625,
        250371.328125,
        250772.9375,
        249883.1875,
        249951.28125,
        249469.5625,
        250378.234375,
        250100.78125,
        250415.5,
        250333.25,
        250045.03125,
        250060.40625,
        249905.953125,
        250007.1875,
        249762.515625,
        249913.640625,
        249791.734375,
        250148.421875,
        249571.015625,
        249992.015625,
        249833.5,
        249696.484375,
        249942.671875,
        249186.59375,
        249942.46875,
        249161.09375,
        250001.125,
        249792.375,
        249576.3125,
        250083.5,
        250427.140625,
        249845.796875,
        250016.140625,
        249981.46875,
        249897.703125,
        249899.484375,
        250133.625,
        249937.46875,
        250029.6875,
        249974.421875,
        249841.046875,
        250027.015625,
        250006.8125,
        249878.671875,
        249962.6875,
        249987.109375,
        250127.5625,
        250006.296875,
        249978.59375,
        249876.171875,
        249971.8125,
        250037.328125,
        250042.984375,
        250022.9375,
        249981.75,
        250002.09375,
        250086.90625,
        250076.609375,
        249978.828125,
        250078.90625,
        249981.671875,
        249920.109375,
        250081.4375,
        249990.375,
        250064.375,
        249950.96875,
        249922.046875,
        249987.265625,
        249956.5,
        250001.25,
        250019.4375,
        250060.96875,
        250003.3125,
        249991.34375,
        250004.953125,
        249976.53125,
        249999.6875,
        250099.84375,
        249989.671875,
        250007.0,
        249997.953125,
        250004.984375,
        249982.9375,
        249978.71875,
        250009.6875,
        250013.265625,
        250034.03125,
        249971.625,
        250001.734375,
        250021.953125,
        249996.03125,
        250015.5625,
        250009.6875,
        250008.109375,
        250000.0
    ]
}