{
    "nEvents": 79891,
    "sumGenWeights": 216195.5268034935,
    "sumSquaredGenWeights": 585091.8497962952,
    "sumLHEpdfWeights": [
        216193.703125,
        216188.15625,
        215725.71875,
        216262.28125,
        216712.0,
        216134.0,
        216745.78125,
        216597.46875,
        216841.125,
        216034.46875,
        216080.546875,
        215758.71875,
        216609.40625,
        216346.5,
        216628.625,
        216539.015625,
        216249.59375,
        216247.65625,
        216115.890625,
        216198.484375,
        215947.875,
        216105.25,
        215981.78125,
        216363.9375,
        215785.15625,
        216148.09375,
        215976.84375,
        215870.03125,
        216242.375,
        215427.21875,
        216155.5,
        215441.25,
        216223.875,
        215919.21875,
        215732.4375,
        216299.9375,
        216620.921875,
        216010.625,
        216137.625,
        216141.046875,
        216006.5,
        216079.34375,
        216372.15625,
        216067.59375,
        216285.84375,
        216198.5,
        216046.421875,
        216211.53125,
        216158.28125,
        215993.5625,
        216096.46875,
        216148.640625,
        216400.6875,
        216187.515625,
        216155.765625,
        216094.5,
        216111.734375,
        216301.3125,
        216289.90625,
        216229.84375,
        216178.09375,
        216150.96875,
        216371.734375,
        216315.640625,
        216207.84375,
        216349.4375,
        216157.9375,
        216135.109375,
        216300.8125,
        216199.390625,
        216302.90625,
        216136.4375,
        216098.65625,
        216205.390625,
        216129.953125,
        216173.25,
        216191.953125,
        216323.78125,
        216215.5,
        216156.75,
        216226.359375,
        216157.53125,
        216220.3125,
        216352.21875,
        216194.6875,
        216208.65625,
        216167.3125,
        216232.0,
        216164.21875,
        216146.671875,
        216247.65625,
        216215.375,
        216274.4375,
        216128.25,
        216200.0,
        216253.25,
        216170.6875,
        216242.34375,
        216208.03125,
        216234.671875,
        216193.703125
    ],
    "sumPSWeights": [
        216195.53125,
        216086.59375,
        216140.84375,
        216087.515625
    ],
    "sumLHEscaleWeights": [
        274860.0625,
        265254.25,
        254849.6875,
        224030.59375,
        216193.703125,
        207710.8125,
        186275.140625,
        179755.890625,
        172698.5625
    ]
}