{
    "nEvents": 250000,
    "sumGenWeights": 11358.446687459946,
    "sumSquaredGenWeights": 516.0824945196509,
    "sumLHEpdfWeights": [
        11359.986328125,
        11337.744140625,
        11334.02734375,
        11358.626953125,
        11384.46875,
        11313.95703125,
        11386.26171875,
        11326.67578125,
        11329.4150390625,
        11356.9228515625,
        11345.60546875,
        11401.0625,
        11364.8828125,
        11385.009765625,
        11398.876953125,
        11388.431640625,
        11396.84375,
        11402.509765625,
        11307.65625,
        11305.443359375,
        11360.435546875,
        11323.439453125,
        11350.896484375,
        11378.24609375,
        11305.1005859375,
        11360.8818359375,
        11345.478515625,
        11357.134765625,
        11343.12109375,
        11305.7353515625,
        11355.498046875,
        11307.7255859375,
        11356.986328125,
        11343.998046875,
        11317.98828125,
        11370.40625,
        11386.328125,
        11333.4931640625,
        11356.298828125,
        11355.49609375,
        11343.396484375,
        11337.0341796875,
        11376.0625,
        11357.228515625,
        11363.431640625,
        11353.484375,
        11332.9443359375,
        11366.037109375,
        11360.796875,
        11342.509765625,
        11351.12109375,
        11355.958984375,
        11375.8359375,
        11360.7724609375,
        11353.5537109375,
        11336.3662109375,
        11353.34375,
        11368.0869140625,
        11371.0673828125,
        11362.14453125,
        11355.421875,
        11356.3583984375,
        11369.7421875,
        11375.849609375,
        11355.103515625,
        11369.6640625,
        11351.083984375,
        11344.224609375,
        11373.74609375,
        11357.2822265625,
        11373.228515625,
        11347.521484375,
        11344.392578125,
        11359.2509765625,
        11348.087890625,
        11359.005859375,
        11361.9853515625,
        11366.9912109375,
        11363.3935546875,
        11356.125,
        11360.890625,
        11354.64453125,
        11361.1123046875,
        11377.673828125,
        11356.259765625,
        11363.212890625,
        11358.7109375,
        11362.357421875,
        11354.951171875,
        11351.74609375,
        11365.0791015625,
        11363.4560546875,
        11368.7744140625,
        11351.474609375,
        11361.98828125,
        11367.177734375,
        11357.056640625,
        11365.96484375,
        11362.1767578125,
        11363.2548828125,
        11359.986328125
    ],
    "sumPSWeights": [
        11363.890625,
        11354.3671875,
        11351.271484375,
        11350.1123046875
    ],
    "sumLHEscaleWeights": [
        15089.09375,
        13594.173828125,
        12316.134765625,
        12607.8193359375,
        11359.986328125,
        10290.6064453125,
        10698.84375,
        9639.15625,
        8732.0693359375
    ]
}