{
    "sumGenWeights": 216195.5268034935,
    "nEvents": 79891,
    "sumLHEpdfWeights": [
        216193.703125,
        216188.15625,
        215725.703125,
        216262.296875,
        216712.015625,
        216133.984375,
        216745.78125,
        216597.46875,
        216841.125,
        216034.46875,
        216080.546875,
        215758.71875,
        216609.40625,
        216346.5,
        216628.609375,
        216539.015625,
        216249.578125,
        216247.65625,
        216115.890625,
        216198.5,
        215947.875,
        216105.25,
        215981.765625,
        216363.953125,
        215785.125,
        216148.09375,
        215976.859375,
        215870.046875,
        216242.375,
        215427.203125,
        216155.5,
        215441.25,
        216223.875,
        215919.21875,
        215732.4375,
        216299.9375,
        216620.921875,
        216010.625,
        216137.625,
        216141.0625,
        216006.53125,
        216079.328125,
        216372.15625,
        216067.59375,
        216285.84375,
        216198.484375,
        216046.40625,
        216211.546875,
        216158.296875,
        215993.5625,
        216096.484375,
        216148.640625,
        216400.6875,
        216187.515625,
        216155.78125,
        216094.5,
        216111.71875,
        216301.296875,
        216289.90625,
        216229.84375,
        216178.09375,
        216150.984375,
        216371.734375,
        216315.640625,
        216207.84375,
        216349.4375,
        216157.9375,
        216135.125,
        216300.828125,
        216199.40625,
        216302.921875,
        216136.40625,
        216098.65625,
        216205.40625,
        216129.953125,
        216173.25,
        216191.953125,
        216323.78125,
        216215.484375,
        216156.78125,
        216226.359375,
        216157.53125,
        216220.328125,
        216352.203125,
        216194.6875,
        216208.671875,
        216167.3125,
        216231.984375,
        216164.21875,
        216146.65625,
        216247.640625,
        216215.359375,
        216274.453125,
        216128.265625,
        216200.015625,
        216253.25,
        216170.65625,
        216242.375,
        216208.046875,
        216234.6875,
        216193.703125
    ],
    "sumPSWeights": [
        216195.53125,
        216086.625,
        216140.84375,
        216087.5
    ],
    "sumLHEscaleWeights": [
        274860.0625,
        265254.25,
        254849.6875,
        224030.625,
        216193.703125,
        207710.8125,
        186275.140625,
        179755.875,
        172698.5625
    ]
}