{
    "nEvents": 90657,
    "sumGenWeights": -4537.008676815778,
    "sumSquaredGenWeights": 227.07136717624962,
    "sumLHEpdfWeights": [
        -4536.95703125,
        -4530.2197265625,
        -4526.90234375,
        -4537.06005859375,
        -4547.69189453125,
        -4522.578125,
        -4548.44921875,
        -4528.2197265625,
        -4530.181640625,
        -4535.5166015625,
        -4532.1796875,
        -4549.0009765625,
        -4540.57421875,
        -4546.5517578125,
        -4552.537109375,
        -4548.22607421875,
        -4550.2890625,
        -4551.66845703125,
        -4520.27587890625,
        -4520.09716796875,
        -4536.61279296875,
        -4524.85400390625,
        -4533.357421875,
        -4544.3955078125,
        -4517.9619140625,
        -4537.5478515625,
        -4531.8662109375,
        -4535.2880859375,
        -4532.30322265625,
        -4516.923828125,
        -4535.580078125,
        -4517.71337890625,
        -4536.5625,
        -4531.10205078125,
        -4522.083984375,
        -4540.8681640625,
        -4547.81005859375,
        -4527.90185546875,
        -4536.0322265625,
        -4535.49609375,
        -4531.34521484375,
        -4529.48095703125,
        -4543.412109375,
        -4535.5556640625,
        -4538.517578125,
        -4534.72265625,
        -4527.8671875,
        -4539.287109375,
        -4537.2060546875,
        -4531.0,
        -4534.16845703125,
        -4535.93798828125,
        -4543.447265625,
        -4537.2744140625,
        -4534.78515625,
        -4528.9345703125,
        -4534.69287109375,
        -4540.07177734375,
        -4541.2060546875,
        -4537.87890625,
        -4535.32421875,
        -4536.14404296875,
        -4540.94873046875,
        -4542.86474609375,
        -4535.35546875,
        -4541.1357421875,
        -4534.16015625,
        -4531.7578125,
        -4542.177734375,
        -4535.97607421875,
        -4541.88427734375,
        -4532.91748046875,
        -4531.60107421875,
        -4536.82470703125,
        -4533.0439453125,
        -4536.45361328125,
        -4537.88037109375,
        -4539.91650390625,
        -4538.26904296875,
        -4535.6611328125,
        -4537.39111328125,
        -4535.04638671875,
        -4537.4521484375,
        -4543.82666015625,
        -4535.74755859375,
        -4538.1630859375,
        -4536.4462890625,
        -4537.88623046875,
        -4535.193359375,
        -4534.3759765625,
        -4538.751953125,
        -4538.2783203125,
        -4540.37890625,
        -4534.14453125,
        -4537.69775390625,
        -4539.5888671875,
        -4535.92578125,
        -4539.1015625,
        -4537.7880859375,
        -4538.2734375,
        -4536.95703125
    ],
    "sumPSWeights": [
        -4538.24658203125,
        -4535.34423828125,
        -4536.4931640625,
        -4542.0
    ],
    "sumLHEscaleWeights": [
        -5982.0859375,
        -5453.92626953125,
        -4993.9990234375,
        -4977.37451171875,
        -4536.95703125,
        -4153.6611328125,
        -4209.30078125,
        -3836.2724609375,
        -3511.59326171875
    ]
}