{
    "sumGenWeights": 11358.446687459946,
    "nEvents": 250000,
    "sumLHEpdfWeights": [
        250000.0,
        249641.46875,
        249599.140625,
        250005.140625,
        250436.921875,
        249073.15625,
        250482.1875,
        249443.59375,
        249460.328125,
        249886.9375,
        249804.859375,
        250956.40625,
        250110.703125,
        250464.75,
        250776.03125,
        250591.84375,
        250725.9375,
        250968.59375,
        248784.609375,
        248852.9375,
        250032.625,
        249280.90625,
        249818.21875,
        250402.890625,
        248756.375,
        250009.5625,
        249767.90625,
        249981.34375,
        249598.921875,
        248827.8125,
        249816.71875,
        248779.59375,
        250022.28125,
        249828.203125,
        249136.609375,
        250165.171875,
        250488.40625,
        249533.21875,
        250066.296875,
        249978.5,
        249808.40625,
        249650.6875,
        250262.78125,
        249943.1875,
        249991.25,
        249879.78125,
        249502.359375,
        250084.1875,
        250072.515625,
        249755.140625,
        249923.71875,
        250008.75,
        250254.375,
        250027.75,
        249927.140625,
        249571.046875,
        249946.546875,
        250087.890625,
        250153.390625,
        250044.578125,
        249959.109375,
        250005.96875,
        250128.6875,
        250274.0625,
        249908.46875,
        250130.859375,
        249916.03125,
        249720.765625,
        250232.0,
        249978.515625,
        250227.5,
        249820.109375,
        249730.8125,
        249932.65625,
        249846.8125,
        250023.5625,
        250067.8125,
        250064.96875,
        250000.6875,
        249987.203125,
        250014.8125,
        249942.796875,
        249991.515625,
        250306.015625,
        249959.78125,
        250018.453125,
        250003.34375,
        250016.4375,
        249936.953125,
        249910.375,
        250031.65625,
        250042.5625,
        250105.0625,
        249907.078125,
        250010.03125,
        250069.21875,
        249990.578125,
        250051.359375,
        250037.6875,
        250021.625,
        250000.0
    ]
}