{
    "sumGenWeights": -460350.90497636795,
    "nEvents": 170109,
    "sumLHEpdfWeights": [
        -460327.875,
        -460293.4375,
        -459345.5,
        -460451.5,
        -461459.84375,
        -460105.3125,
        -461494.40625,
        -461049.4375,
        -461568.75,
        -460025.625,
        -460061.25,
        -459581.75,
        -461208.96875,
        -460774.5625,
        -461348.71875,
        -461133.875,
        -460589.90625,
        -460617.25,
        -459996.5,
        -460204.3125,
        -459852.1875,
        -460059.46875,
        -459930.625,
        -460744.4375,
        -459386.40625,
        -460260.15625,
        -459876.4375,
        -459665.40625,
        -460431.84375,
        -458686.03125,
        -460283.1875,
        -458685.875,
        -460401.6875,
        -459758.1875,
        -459316.53125,
        -460581.21875,
        -461294.5625,
        -459918.8125,
        -460206.9375,
        -460235.875,
        -459939.125,
        -460052.28125,
        -460790.71875,
        -460100.96875,
        -460617.5,
        -460319.59375,
        -459990.75,
        -460369.59375,
        -460234.25,
        -459917.9375,
        -460114.0625,
        -460222.1875,
        -460850.1875,
        -460289.5,
        -460231.3125,
        -460104.8125,
        -460143.3125,
        -460552.5625,
        -460560.0625,
        -460404.9375,
        -460276.28125,
        -460225.875,
        -460763.53125,
        -460595.0,
        -460353.4375,
        -460753.53125,
        -460236.09375,
        -460197.0625,
        -460599.6875,
        -460318.875,
        -460556.78125,
        -460192.625,
        -460123.21875,
        -460380.125,
        -460155.1875,
        -460252.8125,
        -460309.4375,
        -460665.03125,
        -460391.4375,
        -460222.75,
        -460391.8125,
        -460221.21875,
        -460393.46875,
        -460694.46875,
        -460315.84375,
        -460369.96875,
        -460249.09375,
        -460405.4375,
        -460249.8125,
        -460210.46875,
        -460456.96875,
        -460381.8125,
        -460524.375,
        -460169.03125,
        -460342.90625,
        -460472.5625,
        -460250.125,
        -460440.84375,
        -460354.6875,
        -460417.125,
        -460327.875
    ],
    "sumPSWeights": [
        -460432.03125,
        -460665.75,
        -460301.875,
        -461114.3125
    ],
    "sumLHEscaleWeights": [
        -587894.625,
        -563371.25,
        -538084.25,
        -480416.65625,
        -460327.875,
        -439677.28125,
        -400288.8125,
        -383556.71875,
        -366326.4375
    ]
}