{
    "sumGenWeights": -4537.008676815778,
    "nEvents": 90657,
    "sumLHEpdfWeights": [
        -4536.95703125,
        -4530.2197265625,
        -4526.90234375,
        -4537.06005859375,
        -4547.69189453125,
        -4522.57861328125,
        -4548.44921875,
        -4528.2197265625,
        -4530.181640625,
        -4535.51611328125,
        -4532.1796875,
        -4549.0009765625,
        -4540.57421875,
        -4546.5517578125,
        -4552.537109375,
        -4548.2255859375,
        -4550.28955078125,
        -4551.66845703125,
        -4520.275390625,
        -4520.09716796875,
        -4536.6123046875,
        -4524.85400390625,
        -4533.357421875,
        -4544.3955078125,
        -4517.9619140625,
        -4537.54833984375,
        -4531.8662109375,
        -4535.2880859375,
        -4532.30322265625,
        -4516.92333984375,
        -4535.58056640625,
        -4517.712890625,
        -4536.5625,
        -4531.10205078125,
        -4522.083984375,
        -4540.8681640625,
        -4547.81005859375,
        -4527.90185546875,
        -4536.0322265625,
        -4535.49609375,
        -4531.34521484375,
        -4529.48095703125,
        -4543.412109375,
        -4535.5556640625,
        -4538.517578125,
        -4534.72265625,
        -4527.8671875,
        -4539.28759765625,
        -4537.2060546875,
        -4531.00048828125,
        -4534.16796875,
        -4535.93798828125,
        -4543.447265625,
        -4537.2744140625,
        -4534.78564453125,
        -4528.9345703125,
        -4534.69287109375,
        -4540.072265625,
        -4541.2060546875,
        -4537.87890625,
        -4535.32421875,
        -4536.14404296875,
        -4540.94921875,
        -4542.86474609375,
        -4535.35546875,
        -4541.1357421875,
        -4534.15966796875,
        -4531.75732421875,
        -4542.177734375,
        -4535.9765625,
        -4541.88427734375,
        -4532.91748046875,
        -4531.60107421875,
        -4536.82470703125,
        -4533.0439453125,
        -4536.45361328125,
        -4537.88037109375,
        -4539.9169921875,
        -4538.26953125,
        -4535.6611328125,
        -4537.39111328125,
        -4535.04638671875,
        -4537.4521484375,
        -4543.82666015625,
        -4535.748046875,
        -4538.1630859375,
        -4536.4462890625,
        -4537.88671875,
        -4535.193359375,
        -4534.3759765625,
        -4538.751953125,
        -4538.2783203125,
        -4540.37890625,
        -4534.14453125,
        -4537.69775390625,
        -4539.5888671875,
        -4535.92578125,
        -4539.1015625,
        -4537.7880859375,
        -4538.27392578125,
        -4536.95703125
    ],
    "sumPSWeights": [
        -4538.24658203125,
        -4535.34423828125,
        -4536.4931640625,
        -4542.0
    ],
    "sumLHEscaleWeights": [
        -5982.08642578125,
        -5453.92626953125,
        -4993.9990234375,
        -4977.37451171875,
        -4536.95703125,
        -4153.6611328125,
        -4209.30078125,
        -3836.2724609375,
        -3511.59326171875
    ]
}