{
    "sumGenWeights": 2838.0023930221796,
    "nEvents": 250000,
    "sumLHEpdfWeights": [
        250000.0,
        249642.9375,
        249608.203125,
        250001.78125,
        250431.28125,
        249090.8125,
        250468.65625,
        249421.921875,
        249463.25,
        249879.71875,
        249808.203125,
        250960.34375,
        250111.390625,
        250463.03125,
        250808.796875,
        250580.875,
        250730.234375,
        250962.0,
        248804.671875,
        248852.21875,
        250022.21875,
        249268.8125,
        249816.453125,
        250411.59375,
        248774.625,
        250002.109375,
        249783.46875,
        249992.3125,
        249598.15625,
        248809.453125,
        249822.390625,
        248794.265625,
        250034.25,
        249854.0625,
        249129.1875,
        250168.28125,
        250461.515625,
        249505.53125,
        250082.125,
        249952.703125,
        249807.65625,
        249662.8125,
        250225.34375,
        249911.40625,
        249956.5,
        249882.015625,
        249490.90625,
        250096.375,
        250080.5625,
        249764.484375,
        249947.859375,
        250027.078125,
        250239.6875,
        250043.3125,
        249929.9375,
        249570.125,
        249958.671875,
        250098.015625,
        250146.46875,
        250032.015625,
        249966.40625,
        250011.21875,
        250125.109375,
        250283.15625,
        249911.28125,
        250110.625,
        249924.4375,
        249725.4375,
        250210.4375,
        249978.5,
        250236.71875,
        249821.65625,
        249729.1875,
        249920.625,
        249859.0,
        250029.1875,
        250071.328125,
        250050.8125,
        249998.765625,
        249987.875,
        250020.6875,
        249949.40625,
        249985.78125,
        250301.34375,
        249962.9375,
        250013.015625,
        250004.875,
        250018.15625,
        249936.484375,
        249915.0,
        250030.328125,
        250041.390625,
        250097.765625,
        249911.1875,
        250012.015625,
        250060.515625,
        249991.84375,
        250048.984375,
        250037.234375,
        250022.1875,
        250000.0
    ]
}