{
    "nEvents": 250000,
    "sumGenWeights": 2838.0023930221796,
    "sumSquaredGenWeights": 32.21859049517661,
    "sumLHEpdfWeights": [
        2838.0234375,
        2832.768798828125,
        2831.642333984375,
        2838.02685546875,
        2844.645751953125,
        2827.358642578125,
        2845.3056640625,
        2829.957275390625,
        2830.818359375,
        2837.5126953125,
        2834.533447265625,
        2848.662841796875,
        2839.50048828125,
        2844.79296875,
        2848.43310546875,
        2845.64453125,
        2847.770751953125,
        2849.0087890625,
        2825.57568359375,
        2824.7607421875,
        2838.45703125,
        2829.072265625,
        2835.96240234375,
        2843.056640625,
        2824.80810546875,
        2838.529541015625,
        2834.790283203125,
        2837.76220703125,
        2834.0791015625,
        2824.874267578125,
        2837.59033203125,
        2825.56689453125,
        2837.45751953125,
        2834.389404296875,
        2828.0634765625,
        2841.0224609375,
        2845.015625,
        2831.294921875,
        2837.27734375,
        2836.54541015625,
        2833.8759765625,
        2832.58544921875,
        2842.4677734375,
        2836.926513671875,
        2838.9482421875,
        2836.311767578125,
        2831.197021484375,
        2839.7431640625,
        2838.1689453125,
        2833.78076171875,
        2835.9228515625,
        2837.15771484375,
        2842.67041015625,
        2838.22607421875,
        2836.313720703125,
        2832.1328125,
        2836.415771484375,
        2839.914306640625,
        2841.148681640625,
        2838.44921875,
        2836.760986328125,
        2837.125,
        2840.9306640625,
        2841.97314453125,
        2836.79541015625,
        2840.856201171875,
        2835.723388671875,
        2834.1240234375,
        2841.48828125,
        2837.09912109375,
        2841.48486328125,
        2834.92431640625,
        2834.02490234375,
        2837.527099609375,
        2835.21435546875,
        2837.5341796875,
        2838.460693359375,
        2839.62841796875,
        2838.6708984375,
        2837.021484375,
        2838.212646484375,
        2836.580078125,
        2838.148193359375,
        2842.7646484375,
        2836.92236328125,
        2838.717529296875,
        2837.45947265625,
        2838.556396484375,
        2836.51513671875,
        2835.9931640625,
        2839.079345703125,
        2838.88525390625,
        2840.177734375,
        2835.86572265625,
        2838.440673828125,
        2839.58837890625,
        2837.09375,
        2839.33447265625,
        2838.431884765625,
        2838.70947265625,
        2838.0234375
    ],
    "sumPSWeights": [
        2837.975830078125,
        2838.45751953125,
        2837.98291015625,
        2834.58349609375
    ],
    "sumLHEscaleWeights": [
        3769.915283203125,
        3396.76220703125,
        3077.49462890625,
        3149.79931640625,
        2838.0234375,
        2571.29150390625,
        2672.882568359375,
        2408.2998046875,
        2181.971923828125
    ]
}