{
    "sumGenWeights": -4537.008676815778,
    "nEvents": 90657,
    "sumLHEpdfWeights": [
        90657.0,
        90522.7265625,
        90448.234375,
        90658.796875,
        90873.8828125,
        90364.03125,
        90890.6875,
        90479.921875,
        90517.953125,
        90628.4296875,
        90568.125,
        90897.46875,
        90729.109375,
        90843.09375,
        90975.046875,
        90880.0,
        90928.375,
        90951.8515625,
        90324.640625,
        90319.921875,
        90647.3671875,
        90416.140625,
        90582.71875,
        90806.09375,
        90274.453125,
        90668.671875,
        90551.953125,
        90623.15625,
        90560.7890625,
        90254.4453125,
        90636.59375,
        90269.578125,
        90640.96875,
        90528.78125,
        90357.9375,
        90735.328125,
        90866.0,
        90479.8828125,
        90633.984375,
        90630.2578125,
        90541.046875,
        90502.25,
        90788.84375,
        90629.1953125,
        90689.7734375,
        90613.453125,
        90475.5703125,
        90698.1171875,
        90673.0703125,
        90531.328125,
        90601.859375,
        90646.28125,
        90789.1015625,
        90667.953125,
        90626.9765625,
        90499.296875,
        90614.6015625,
        90697.921875,
        90733.34375,
        90679.5859375,
        90629.984375,
        90652.1328125,
        90736.953125,
        90759.2578125,
        90622.6328125,
        90753.15625,
        90610.0078125,
        90554.5,
        90752.1953125,
        90644.4609375,
        90743.6875,
        90583.890625,
        90558.0234375,
        90638.53125,
        90588.8671875,
        90661.484375,
        90682.4375,
        90699.671875,
        90666.34375,
        90644.7421875,
        90660.5234375,
        90626.625,
        90655.640625,
        90784.625,
        90639.1015625,
        90671.796875,
        90656.5625,
        90664.953125,
        90630.4765625,
        90617.2578125,
        90674.3828125,
        90677.984375,
        90711.4375,
        90611.546875,
        90662.125,
        90692.609375,
        90650.1640625,
        90683.875,
        90672.5,
        90668.546875,
        90657.0
    ]
}