{
    "sumGenWeights": -460350.90497636795,
    "nEvents": 170109,
    "sumLHEpdfWeights": [
        170109.0,
        170074.125,
        169731.1875,
        170151.53125,
        170557.421875,
        170000.25,
        170566.515625,
        170359.375,
        170547.3125,
        170012.15625,
        170048.53125,
        169832.484375,
        170430.859375,
        170241.8125,
        170491.03125,
        170414.46875,
        170174.34375,
        170194.765625,
        169984.09375,
        170052.734375,
        169908.984375,
        170007.953125,
        169946.203125,
        170262.46875,
        169778.40625,
        170102.953125,
        169966.5,
        169832.125,
        170093.359375,
        169483.78125,
        170085.03125,
        169478.25,
        170106.5625,
        169917.203125,
        169742.28125,
        170180.3125,
        170479.21875,
        169974.921875,
        170101.9375,
        170083.0625,
        170008.46875,
        170016.109375,
        170228.609375,
        170055.140625,
        170137.28125,
        170094.6875,
        169981.46875,
        170131.65625,
        170114.171875,
        169999.796875,
        170070.21875,
        170090.921875,
        170230.9375,
        170116.140625,
        170092.0625,
        170014.453125,
        170086.390625,
        170143.0625,
        170153.90625,
        170127.71875,
        170098.375,
        170101.375,
        170192.203125,
        170173.1875,
        170093.8125,
        170175.234375,
        170092.4375,
        170043.671875,
        170172.765625,
        170104.203125,
        170168.0625,
        170066.3125,
        170044.234375,
        170094.8125,
        170075.796875,
        170112.078125,
        170120.890625,
        170164.90625,
        170108.203125,
        170102.75,
        170116.890625,
        170092.8125,
        170109.1875,
        170194.734375,
        170100.75,
        170113.796875,
        170105.828125,
        170114.78125,
        170094.5,
        170088.765625,
        170121.171875,
        170120.84375,
        170138.25,
        170081.546875,
        170110.765625,
        170129.5625,
        170103.9375,
        170123.109375,
        170118.546875,
        170116.25,
        170109.0
    ]
}