{
    "sumGenWeights": -460350.90497636795,
    "nEvents": 170109,
    "sumLHEpdfWeights": [
        -460327.875,
        -460293.4375,
        -459345.5,
        -460451.5,
        -461459.875,
        -460105.3125,
        -461494.375,
        -461049.4375,
        -461568.8125,
        -460025.65625,
        -460061.25,
        -459581.75,
        -461208.9375,
        -460774.5625,
        -461348.6875,
        -461133.875,
        -460589.875,
        -460617.25,
        -459996.53125,
        -460204.3125,
        -459852.1875,
        -460059.5,
        -459930.625,
        -460744.4375,
        -459386.375,
        -460260.15625,
        -459876.4375,
        -459665.40625,
        -460431.8125,
        -458686.03125,
        -460283.1875,
        -458685.875,
        -460401.65625,
        -459758.25,
        -459316.5,
        -460581.21875,
        -461294.5625,
        -459918.8125,
        -460206.9375,
        -460235.875,
        -459939.125,
        -460052.25,
        -460790.75,
        -460100.9375,
        -460617.46875,
        -460319.5625,
        -459990.75,
        -460369.625,
        -460234.25,
        -459917.9375,
        -460114.0625,
        -460222.1875,
        -460850.1875,
        -460289.5,
        -460231.34375,
        -460104.8125,
        -460143.34375,
        -460552.59375,
        -460560.0625,
        -460404.9375,
        -460276.3125,
        -460225.90625,
        -460763.5,
        -460595.0,
        -460353.375,
        -460753.5,
        -460236.09375,
        -460197.0625,
        -460599.6875,
        -460318.875,
        -460556.8125,
        -460192.65625,
        -460123.1875,
        -460380.125,
        -460155.1875,
        -460252.8125,
        -460309.4375,
        -460665.0,
        -460391.4375,
        -460222.71875,
        -460391.875,
        -460221.21875,
        -460393.4375,
        -460694.5,
        -460315.875,
        -460369.90625,
        -460249.0625,
        -460405.4375,
        -460249.8125,
        -460210.5,
        -460456.9375,
        -460381.8125,
        -460524.375,
        -460169.0,
        -460342.90625,
        -460472.5625,
        -460250.125,
        -460440.8125,
        -460354.6875,
        -460417.15625,
        -460327.875
    ],
    "sumPSWeights": [
        -460432.0,
        -460665.75,
        -460301.90625,
        -461114.34375
    ],
    "sumLHEscaleWeights": [
        -587894.625,
        -563371.1875,
        -538084.25,
        -480416.625,
        -460327.875,
        -439677.3125,
        -400288.78125,
        -383556.6875,
        -366326.4375
    ]
}