{
    "sumGenWeights": -114751.53769594431,
    "nEvents": 170190,
    "sumLHEpdfWeights": [
        170190.0,
        170153.125,
        169829.265625,
        170232.828125,
        170626.203125,
        170067.90625,
        170631.46875,
        170401.859375,
        170617.25,
        170108.390625,
        170138.78125,
        169925.015625,
        170473.1875,
        170303.890625,
        170557.453125,
        170473.546875,
        170262.390625,
        170271.53125,
        170071.796875,
        170133.46875,
        170007.28125,
        170087.5625,
        170027.828125,
        170334.875,
        169860.65625,
        170187.421875,
        170070.1875,
        169944.828125,
        170148.34375,
        169570.078125,
        170154.1875,
        169574.046875,
        170192.703125,
        170031.859375,
        169847.5,
        170251.5,
        170530.84375,
        170049.90625,
        170200.203125,
        170164.25,
        170105.6875,
        170104.09375,
        170283.3125,
        170136.3125,
        170195.84375,
        170166.6875,
        170056.9375,
        170218.234375,
        170201.328125,
        170099.0625,
        170165.421875,
        170183.0,
        170289.875,
        170201.03125,
        170170.5,
        170083.40625,
        170173.8125,
        170225.1875,
        170229.0,
        170204.71875,
        170176.375,
        170191.4375,
        170255.59375,
        170262.3125,
        170171.0625,
        170242.828125,
        170173.953125,
        170120.546875,
        170250.984375,
        170182.375,
        170251.625,
        170145.875,
        170120.578125,
        170173.84375,
        170154.0,
        170193.734375,
        170207.65625,
        170230.3125,
        170191.90625,
        170183.078125,
        170196.671875,
        170171.4375,
        170188.109375,
        170274.84375,
        170181.265625,
        170194.828125,
        170189.09375,
        170195.75,
        170174.203125,
        170170.359375,
        170199.09375,
        170202.28125,
        170219.359375,
        170164.0625,
        170192.4375,
        170208.421875,
        170186.4375,
        170204.09375,
        170199.25,
        170197.8125,
        170190.0
    ]
}