{
    "sumGenWeights": 7974.153585594147,
    "nEvents": 159343,
    "sumLHEpdfWeights": [
        159343.0,
        159250.46875,
        158980.5625,
        159351.203125,
        159727.65625,
        159088.265625,
        159745.875,
        159366.4375,
        159514.828125,
        159262.015625,
        159250.46875,
        159332.921875,
        159575.546875,
        159575.03125,
        159777.234375,
        159672.875,
        159567.625,
        159593.171875,
        159022.9375,
        159095.15625,
        159223.0,
        159115.953125,
        159215.546875,
        159533.453125,
        158905.78125,
        159347.703125,
        159179.265625,
        159144.75,
        159273.65625,
        158722.34375,
        159303.90625,
        158729.875,
        159336.78125,
        159157.5625,
        158924.359375,
        159419.703125,
        159723.796875,
        159172.34375,
        159333.203125,
        159331.71875,
        159233.015625,
        159199.34375,
        159501.25,
        159308.25,
        159384.03125,
        159304.0625,
        159174.03125,
        159375.671875,
        159353.21875,
        159214.25,
        159294.0,
        159325.96875,
        159494.90625,
        159346.953125,
        159316.703125,
        159197.40625,
        159312.921875,
        159378.578125,
        159399.65625,
        159370.46875,
        159318.546875,
        159345.9375,
        159422.3125,
        159433.5625,
        159313.609375,
        159434.65625,
        159315.5,
        159246.296875,
        159442.15625,
        159331.359375,
        159417.578125,
        159280.8125,
        159251.75,
        159330.8125,
        159282.125,
        159344.484375,
        159366.71875,
        159390.78125,
        159349.46875,
        159332.15625,
        159345.65625,
        159313.546875,
        159343.953125,
        159461.125,
        159328.3125,
        159354.5,
        159341.71875,
        159348.875,
        159321.53125,
        159313.21875,
        159354.671875,
        159361.0,
        159386.46875,
        159306.015625,
        159345.71875,
        159373.21875,
        159337.84375,
        159363.359375,
        159355.5625,
        159352.65625,
        159343.0
    ]
}