{
    "sumGenWeights": 30814.168982207775,
    "nEvents": 250000,
    "sumLHEpdfWeights": [
        250000.0,
        249961.3125,
        249568.625,
        250073.015625,
        250591.171875,
        249839.484375,
        250566.75,
        250340.96875,
        250753.9375,
        249902.125,
        249956.078125,
        249488.0,
        250364.65625,
        250098.359375,
        250418.015625,
        250335.671875,
        250056.09375,
        250069.5625,
        249890.046875,
        249998.6875,
        249767.75,
        249909.3125,
        249791.375,
        250147.4375,
        249566.953125,
        250000.25,
        249846.453125,
        249703.34375,
        249919.890625,
        249187.125,
        249938.1875,
        249154.71875,
        249999.5,
        249809.265625,
        249585.0625,
        250071.046875,
        250429.21875,
        249850.125,
        250023.15625,
        249991.234375,
        249917.1875,
        249901.359375,
        250120.28125,
        249953.21875,
        250012.8125,
        249967.90625,
        249847.375,
        250023.09375,
        250011.84375,
        249898.59375,
        249968.609375,
        249989.59375,
        250112.578125,
        250004.0625,
        249976.34375,
        249874.984375,
        249980.5,
        250034.078125,
        250036.640625,
        250022.109375,
        249982.125,
        250007.609375,
        250067.015625,
        250078.0,
        249976.65625,
        250061.25,
        249985.453125,
        249919.40625,
        250079.453125,
        249991.125,
        250063.46875,
        249952.390625,
        249921.9375,
        249987.9375,
        249955.515625,
        250001.453125,
        250020.75,
        250043.921875,
        250002.890625,
        249992.078125,
        250004.46875,
        249976.578125,
        250000.421875,
        250095.84375,
        249989.1875,
        250006.421875,
        249999.03125,
        250004.15625,
        249983.125,
        249979.625,
        250008.40625,
        250013.1875,
        250031.28125,
        249973.46875,
        250001.875,
        250021.0625,
        249996.296875,
        250014.6875,
        250009.515625,
        250007.96875,
        250000.0
    ]
}