{
    "nEvents": 79810,
    "sumGenWeights": 53799.777701079845,
    "sumSquaredGenWeights": 36330.124010808766,
    "sumLHEpdfWeights": [
        53798.34765625,
        53796.4921875,
        53681.8125,
        53816.234375,
        53927.96875,
        53781.921875,
        53935.703125,
        53899.59375,
        53957.1875,
        53758.30078125,
        53771.67578125,
        53692.5859375,
        53901.78125,
        53837.296875,
        53906.83984375,
        53885.609375,
        53814.71484375,
        53813.703125,
        53778.328125,
        53800.390625,
        53739.37109375,
        53775.27734375,
        53745.921875,
        53840.78125,
        53694.109375,
        53788.6328125,
        53745.0546875,
        53719.3515625,
        53810.07421875,
        53609.36328125,
        53785.890625,
        53610.05859375,
        53808.921875,
        53730.59765625,
        53683.87890625,
        53823.16015625,
        53907.7734375,
        53752.484375,
        53784.640625,
        53786.90625,
        53753.88671875,
        53768.734375,
        53845.484375,
        53769.578125,
        53823.625,
        53798.3125,
        53761.953125,
        53801.6640625,
        53789.546875,
        53749.72265625,
        53773.80859375,
        53786.75,
        53851.875,
        53794.7265625,
        53787.625,
        53772.4765625,
        53777.65625,
        53827.3046875,
        53823.59375,
        53807.6953125,
        53793.6796875,
        53787.375,
        53844.55859375,
        53831.65234375,
        53801.9375,
        53839.80859375,
        53788.796875,
        53783.7109375,
        53827.5,
        53798.63671875,
        53826.484375,
        53782.8203125,
        53772.94921875,
        53802.7421875,
        53780.0546875,
        53791.609375,
        53797.3984375,
        53832.57421875,
        53804.671875,
        53787.0078125,
        53806.2578125,
        53787.046875,
        53804.8203125,
        53841.7421875,
        53797.7578125,
        53802.87109375,
        53790.5,
        53807.58203125,
        53789.16015625,
        53784.8125,
        53813.296875,
        53804.24609375,
        53820.69921875,
        53780.609375,
        53799.83984375,
        53814.296875,
        53790.640625,
        53811.4140625,
        53801.88671875,
        53808.5703125,
        53798.34765625
    ],
    "sumPSWeights": [
        53802.6796875,
        53740.765625,
        53797.5703125,
        53789.5078125
    ],
    "sumLHEscaleWeights": [
        68410.125,
        66007.796875,
        63409.640625,
        55759.359375,
        53798.34765625,
        51681.09765625,
        46362.265625,
        44731.49609375,
        42969.609375
    ]
}