{
    "sumGenWeights": -114751.53769594431,
    "nEvents": 170190,
    "sumLHEpdfWeights": [
        -114754.078125,
        -114733.15625,
        -114506.671875,
        -114775.53125,
        -115023.640625,
        -114681.8125,
        -115037.859375,
        -114910.21875,
        -115047.4453125,
        -114672.328125,
        -114689.1796875,
        -114568.328125,
        -114950.3671875,
        -114848.125,
        -115006.546875,
        -114939.203125,
        -114816.53125,
        -114815.3125,
        -114664.34375,
        -114714.140625,
        -114629.15625,
        -114675.046875,
        -114642.9921875,
        -114852.671875,
        -114511.46875,
        -114735.2890625,
        -114639.515625,
        -114587.78125,
        -114754.71875,
        -114323.5390625,
        -114732.359375,
        -114330.6328125,
        -114764.578125,
        -114613.421875,
        -114492.859375,
        -114804.46875,
        -114969.9609375,
        -114647.0625,
        -114727.734375,
        -114726.625,
        -114657.21875,
        -114682.3828125,
        -114846.328125,
        -114691.859375,
        -114797.59375,
        -114744.65625,
        -114660.9375,
        -114770.390625,
        -114736.7265625,
        -114653.5703125,
        -114708.5703125,
        -114733.7734375,
        -114853.984375,
        -114752.9140625,
        -114729.78125,
        -114686.125,
        -114709.3671875,
        -114814.140625,
        -114801.359375,
        -114767.828125,
        -114736.8359375,
        -114737.984375,
        -114835.796875,
        -114823.671875,
        -114752.765625,
        -114831.6796875,
        -114729.7578125,
        -114717.1953125,
        -114816.59375,
        -114746.9375,
        -114806.8125,
        -114717.609375,
        -114699.1875,
        -114762.7578125,
        -114713.90625,
        -114743.703125,
        -114757.921875,
        -114817.21875,
        -114767.0,
        -114733.109375,
        -114763.421875,
        -114729.234375,
        -114763.1171875,
        -114845.28125,
        -114747.234375,
        -114761.53125,
        -114742.546875,
        -114767.0,
        -114733.796875,
        -114728.03125,
        -114778.4921875,
        -114765.75,
        -114800.2578125,
        -114720.765625,
        -114755.875,
        -114785.7265625,
        -114740.546875,
        -114777.65625,
        -114758.375,
        -114771.0,
        -114754.078125
    ],
    "sumPSWeights": [
        -114747.125,
        -114670.734375,
        -114748.2890625,
        -114890.25
    ],
    "sumLHEscaleWeights": [
        -146591.46875,
        -140419.625,
        -134073.5625,
        -119800.0625,
        -114754.078125,
        -109562.625,
        -99826.234375,
        -95614.296875,
        -91289.359375
    ]
}