{
    "nEvents": 159343,
    "sumGenWeights": 7974.153585594147,
    "sumSquaredGenWeights": 399.080716567114,
    "sumLHEpdfWeights": [
        7974.2724609375,
        7968.9736328125,
        7956.5263671875,
        7974.7685546875,
        7993.05712890625,
        7961.6162109375,
        7993.9384765625,
        7975.97412109375,
        7983.2353515625,
        7969.3759765625,
        7967.5830078125,
        7973.44873046875,
        7986.00390625,
        7985.873046875,
        7995.4794921875,
        7990.3115234375,
        7986.154296875,
        7987.4091796875,
        7958.0732421875,
        7961.666015625,
        7968.4775390625,
        7962.61767578125,
        7967.53466796875,
        7983.337890625,
        7951.2666015625,
        7973.6142578125,
        7964.625,
        7965.0673828125,
        7972.4375,
        7943.33203125,
        7972.759765625,
        7943.6220703125,
        7974.37841796875,
        7962.9697265625,
        7953.1201171875,
        7979.1201171875,
        7991.8505859375,
        7964.416015625,
        7971.2802734375,
        7972.61328125,
        7966.052734375,
        7965.96826171875,
        7983.95654296875,
        7970.87939453125,
        7979.16845703125,
        7972.4892578125,
        7965.025390625,
        7975.98828125,
        7972.4951171875,
        7965.318359375,
        7969.158203125,
        7971.90185546875,
        7983.9482421875,
        7973.76708984375,
        7971.73388671875,
        7966.62939453125,
        7969.830078125,
        7978.86279296875,
        7979.29833984375,
        7975.8486328125,
        7972.296875,
        7972.4443359375,
        7981.21044921875,
        7980.580078125,
        7973.37109375,
        7981.9453125,
        7971.0537109375,
        7969.6123046875,
        7980.96875,
        7973.4560546875,
        7979.140625,
        7970.265625,
        7968.80615234375,
        7975.3544921875,
        7969.142578125,
        7973.115234375,
        7974.65625,
        7979.765625,
        7975.97607421875,
        7971.7353515625,
        7974.79638671875,
        7971.6962890625,
        7975.2080078125,
        7982.7451171875,
        7973.3115234375,
        7975.611328125,
        7973.2822265625,
        7975.4345703125,
        7972.453125,
        7971.2734375,
        7976.6962890625,
        7975.662109375,
        7978.7646484375,
        7970.6552734375,
        7974.84375,
        7977.666015625,
        7972.7353515625,
        7976.81982421875,
        7975.0029296875,
        7975.8662109375,
        7974.2724609375
    ],
    "sumPSWeights": [
        7973.4765625,
        7975.89111328125,
        7975.39892578125,
        7973.125
    ],
    "sumLHEscaleWeights": [
        10320.244140625,
        9686.7666015625,
        9093.58203125,
        8497.0654296875,
        7974.2724609375,
        7484.76953125,
        7123.7978515625,
        6684.458984375,
        6273.46142578125
    ]
}