{
    "nEvents": 250000,
    "sumGenWeights": 30814.168982207775,
    "sumSquaredGenWeights": 3798.2409419491887,
    "sumLHEpdfWeights": [
        30815.53125,
        30813.42578125,
        30747.03515625,
        30823.41796875,
        30889.23046875,
        30802.720703125,
        30892.85546875,
        30872.40234375,
        30903.9921875,
        30790.75390625,
        30798.951171875,
        30753.9921875,
        30874.4765625,
        30838.599609375,
        30876.6328125,
        30864.677734375,
        30824.337890625,
        30825.337890625,
        30798.6953125,
        30812.09765625,
        30779.67578125,
        30800.22265625,
        30785.48046875,
        30839.384765625,
        30755.248046875,
        30809.822265625,
        30779.77734375,
        30765.7734375,
        30821.4296875,
        30703.99609375,
        30810.59375,
        30703.53125,
        30816.9296875,
        30771.48828125,
        30745.26171875,
        30828.61328125,
        30877.66796875,
        30791.77734375,
        30806.111328125,
        30810.2578125,
        30790.013671875,
        30797.34375,
        30843.228515625,
        30800.19140625,
        30831.6796875,
        30814.0625,
        30795.2265625,
        30818.095703125,
        30809.7265625,
        30786.82421875,
        30801.380859375,
        30808.7578125,
        30845.4765625,
        30813.60546875,
        30810.31640625,
        30800.34375,
        30802.298828125,
        30827.6875,
        30826.96484375,
        30820.716796875,
        30811.451171875,
        30811.583984375,
        30839.203125,
        30830.015625,
        30815.84765625,
        30840.29296875,
        30810.33203125,
        30806.421875,
        30831.599609375,
        30815.05078125,
        30827.61328125,
        30807.91015625,
        30803.28125,
        30818.44140625,
        30805.06640625,
        30811.96484375,
        30816.25390625,
        30832.72265625,
        30819.470703125,
        30809.94140625,
        30818.337890625,
        30809.13671875,
        30818.92578125,
        30836.32421875,
        30815.10546875,
        30818.3828125,
        30812.5703125,
        30819.333984375,
        30811.947265625,
        30810.03125,
        30821.53515625,
        30818.60546875,
        30826.20703125,
        30807.138671875,
        30816.375,
        30823.14453125,
        30812.21875,
        30821.560546875,
        30817.265625,
        30820.166015625,
        30815.53125
    ],
    "sumPSWeights": [
        30804.953125,
        30814.94140625,
        30827.48828125,
        30822.15625
    ],
    "sumLHEscaleWeights": [
        39210.54296875,
        37787.8046875,
        36261.10546875,
        31975.90234375,
        30815.53125,
        29569.3046875,
        26597.755859375,
        25630.015625,
        24595.232421875
    ]
}