{
    "sumGenWeights": 53799.777701079845,
    "nEvents": 79810,
    "sumLHEpdfWeights": [
        79810.0,
        79806.015625,
        79639.03125,
        79832.65625,
        79998.9921875,
        79783.2578125,
        80008.03125,
        79961.578125,
        80041.828125,
        79744.6796875,
        79783.7421875,
        79651.25,
        79963.71875,
        79863.0234375,
        79973.0,
        79939.140625,
        79830.2265625,
        79831.0546875,
        79780.3125,
        79809.5859375,
        79718.1171875,
        79770.375,
        79729.40625,
        79871.421875,
        79658.59375,
        79802.1171875,
        79730.7109375,
        79684.6484375,
        79824.015625,
        79522.171875,
        79793.4453125,
        79521.3125,
        79810.953125,
        79701.78125,
        79635.6171875,
        79843.1171875,
        79971.484375,
        79747.96875,
        79799.171875,
        79793.1640625,
        79754.109375,
        79766.9453125,
        79869.984375,
        79776.4375,
        79828.421875,
        79804.765625,
        79750.9921875,
        79818.6484375,
        79811.734375,
        79749.3125,
        79785.3203125,
        79798.1328125,
        79875.53125,
        79812.4765625,
        79800.609375,
        79763.7265625,
        79794.375,
        79831.9296875,
        79835.25,
        79819.890625,
        79804.7265625,
        79803.65625,
        79863.046875,
        79844.7265625,
        79803.109375,
        79851.1640625,
        79799.515625,
        79778.78125,
        79839.828125,
        79808.1875,
        79842.59375,
        79787.140625,
        79775.75,
        79801.640625,
        79793.0390625,
        79811.1640625,
        79815.21875,
        79845.484375,
        79809.53125,
        79805.578125,
        79814.734375,
        79801.40625,
        79809.3671875,
        79856.640625,
        79805.6953125,
        79813.34375,
        79807.4375,
        79814.375,
        79801.359375,
        79797.203125,
        79817.7734375,
        79816.09375,
        79827.65625,
        79793.7578125,
        79811.078125,
        79821.046875,
        79807.1953125,
        79818.7109375,
        79815.03125,
        79814.609375,
        79810.0
    ]
}