{
    "sumGenWeights": 216195.5268034935,
    "nEvents": 79891,
    "sumLHEpdfWeights": [
        79891.0,
        79891.140625,
        79720.3828125,
        79913.3046875,
        80074.5625,
        79869.3828125,
        80086.0546875,
        80042.515625,
        80128.4765625,
        79823.75,
        79858.296875,
        79729.703125,
        80045.796875,
        79947.046875,
        80052.8828125,
        80017.609375,
        79909.2578125,
        79910.703125,
        79863.328125,
        79890.9140625,
        79798.15625,
        79854.6328125,
        79812.1328125,
        79953.2421875,
        79741.234375,
        79877.34375,
        79808.2265625,
        79767.9921875,
        79912.4921875,
        79603.2109375,
        79879.15625,
        79607.046875,
        79893.140625,
        79783.5,
        79716.5390625,
        79928.265625,
        80045.96875,
        79827.265625,
        79874.859375,
        79869.8046875,
        79826.6015625,
        79848.0390625,
        79953.234375,
        79848.3125,
        79918.390625,
        79889.078125,
        79832.0,
        79900.078125,
        79889.296875,
        79822.4765625,
        79862.7109375,
        79877.3203125,
        79963.3984375,
        79893.625,
        79880.9453125,
        79848.1796875,
        79869.3125,
        79916.6484375,
        79918.609375,
        79900.890625,
        79885.4453125,
        79881.25,
        79953.6875,
        79924.515625,
        79885.6640625,
        79942.078125,
        79879.0,
        79861.9765625,
        79921.171875,
        79890.140625,
        79922.8359375,
        79868.765625,
        79857.921875,
        79883.921875,
        79874.0625,
        79891.1796875,
        79894.5859375,
        79934.96875,
        79890.4375,
        79885.234375,
        79896.4296875,
        79882.5859375,
        79890.875,
        79939.21875,
        79887.125,
        79894.09375,
        79887.609375,
        79895.7890625,
        79882.6953125,
        79877.8046875,
        79900.234375,
        79897.140625,
        79910.4140625,
        79873.671875,
        79892.0625,
        79903.1484375,
        79887.390625,
        79900.3359375,
        79896.046875,
        79896.125,
        79891.0
    ]
}