{
    "sumGenWeights": 7974.153585594147,
    "nEvents": 159343,
    "sumLHEpdfWeights": [
        7974.2724609375,
        7968.9736328125,
        7956.52685546875,
        7974.7685546875,
        7993.05712890625,
        7961.6162109375,
        7993.9384765625,
        7975.97412109375,
        7983.23583984375,
        7969.3759765625,
        7967.583984375,
        7973.44921875,
        7986.00341796875,
        7985.873046875,
        7995.4794921875,
        7990.31103515625,
        7986.15478515625,
        7987.4091796875,
        7958.0732421875,
        7961.666015625,
        7968.47705078125,
        7962.6181640625,
        7967.53466796875,
        7983.337890625,
        7951.2666015625,
        7973.61376953125,
        7964.62548828125,
        7965.0673828125,
        7972.4375,
        7943.33203125,
        7972.759765625,
        7943.6220703125,
        7974.37890625,
        7962.97021484375,
        7953.12109375,
        7979.11962890625,
        7991.8505859375,
        7964.416015625,
        7971.2802734375,
        7972.61328125,
        7966.052734375,
        7965.9677734375,
        7983.95703125,
        7970.87890625,
        7979.16845703125,
        7972.4892578125,
        7965.025390625,
        7975.98828125,
        7972.4951171875,
        7965.318359375,
        7969.158203125,
        7971.90185546875,
        7983.9482421875,
        7973.76708984375,
        7971.73388671875,
        7966.62890625,
        7969.830078125,
        7978.86279296875,
        7979.2978515625,
        7975.8486328125,
        7972.296875,
        7972.44384765625,
        7981.2109375,
        7980.580078125,
        7973.37060546875,
        7981.9453125,
        7971.052734375,
        7969.6123046875,
        7980.96875,
        7973.4560546875,
        7979.140625,
        7970.265625,
        7968.806640625,
        7975.3544921875,
        7969.142578125,
        7973.115234375,
        7974.65625,
        7979.76611328125,
        7975.97607421875,
        7971.7353515625,
        7974.79638671875,
        7971.6962890625,
        7975.2080078125,
        7982.7451171875,
        7973.3115234375,
        7975.61181640625,
        7973.2822265625,
        7975.43359375,
        7972.453125,
        7971.2734375,
        7976.6962890625,
        7975.662109375,
        7978.7646484375,
        7970.65576171875,
        7974.84375,
        7977.666015625,
        7972.7353515625,
        7976.8203125,
        7975.001953125,
        7975.86669921875,
        7974.2724609375
    ],
    "sumPSWeights": [
        7973.4765625,
        7975.890625,
        7975.3984375,
        7973.125
    ],
    "sumLHEscaleWeights": [
        10320.244140625,
        9686.7666015625,
        9093.58203125,
        8497.0654296875,
        7974.2724609375,
        7484.77001953125,
        7123.7978515625,
        6684.458984375,
        6273.4609375
    ]
}