{
    "nEvents": 19553333,
    "sumGenWeights": 19553333.60247171,
    "sumSquaredGenWeights": 19553334.20775163,
    "sumPSWeights": [
        19553332.0
    ]
}