{
    "sumGenWeights": 123561426.47891235,
    "nEvents": 3800996,
    "sumLHEpdfWeights": [
        -245636.796875,
        -241721.1875,
        -243414.1875,
        -247117.40625,
        -246819.21875,
        -247687.375,
        -248721.84375,
        -244159.34375,
        -242831.453125,
        -247928.34375,
        -249296.0,
        -249619.59375,
        -241990.25,
        -244198.4375,
        -242114.65625,
        -250532.609375,
        -250549.15625,
        -251006.046875,
        -244975.546875,
        -244061.890625,
        -247172.28125,
        -238956.4375,
        -243314.640625,
        -243280.34375,
        -242342.09375,
        -241950.0,
        -246359.203125,
        -243356.03125,
        -241822.265625,
        -249454.921875,
        -249589.578125,
        -245180.65625,
        -246685.75,
        -243404.96875,
        -242549.21875,
        -250785.75,
        -244242.1875,
        -247915.625,
        -245879.9375,
        -243205.46875,
        -245250.75,
        -246541.28125,
        -240555.953125,
        -245314.140625,
        -242275.078125,
        -246783.65625,
        -247282.8125,
        -239479.75,
        -240426.75,
        -246398.5,
        -249539.03125,
        -242536.03125,
        -242067.109375,
        -245408.015625,
        -242884.5625,
        -242696.03125,
        -243378.40625,
        -244210.796875,
        -241558.03125,
        -252825.28125,
        -246074.859375,
        -244645.09375,
        -244039.0625,
        -244055.9375,
        -244182.5625,
        -244783.09375,
        -246057.109375,
        -239867.03125,
        -248675.75,
        -244090.421875,
        -239843.40625,
        -250997.390625,
        -248443.234375,
        -248548.328125,
        -251080.34375,
        -248918.421875,
        -251526.546875,
        -244524.40625,
        -246753.0625,
        -246675.3125,
        -243627.3125,
        -239911.40625,
        -250549.15625,
        -243945.0,
        -246670.6875,
        -249841.046875,
        -238037.40625,
        -247534.59375,
        -247739.890625,
        -252241.9375,
        -242400.4375,
        -242932.96875,
        -250482.984375,
        -248357.078125,
        -246235.078125,
        -243510.625,
        -242953.375,
        -241529.90625,
        -249484.25,
        -245892.421875,
        -246791.59375
    ]
}