{
    "nEvents": 3800996,
    "sumGenWeights": 123561426.47891235,
    "sumSquaredGenWeights": 4017075569.970703,
    "sumLHEpdfWeights": [
        -7984432.0,
        -7857011.5,
        -7913978.5,
        -8036823.0,
        -8024448.5,
        -8051917.5,
        -8086192.0,
        -7938636.0,
        -7900763.0,
        -8058686.0,
        -8107720.0,
        -8114104.0,
        -7867988.0,
        -7938810.0,
        -7868792.0,
        -8142620.0,
        -8147282.5,
        -8160652.0,
        -7965144.0,
        -7932213.0,
        -8033495.5,
        -7769575.0,
        -7907926.0,
        -7909425.0,
        -7877536.5,
        -7865888.0,
        -8011436.0,
        -7911760.0,
        -7862483.0,
        -8110035.5,
        -8112939.5,
        -7971710.0,
        -8019263.5,
        -7912882.5,
        -7883704.0,
        -8154884.0,
        -7938079.0,
        -8060571.0,
        -7993693.0,
        -7907746.5,
        -7971926.0,
        -8014437.0,
        -7820308.0,
        -7975185.5,
        -7877151.0,
        -8023618.0,
        -8036798.0,
        -7784906.0,
        -7816236.0,
        -8010599.0,
        -8110184.0,
        -7884246.0,
        -7870088.0,
        -7977265.0,
        -7894117.0,
        -7887703.0,
        -7913567.0,
        -7939449.0,
        -7853307.0,
        -8220512.0,
        -7998917.0,
        -7955662.0,
        -7935814.0,
        -7932137.5,
        -7937904.0,
        -7958482.0,
        -7998959.0,
        -7796961.5,
        -8081910.0,
        -7933453.0,
        -7796166.0,
        -8158798.0,
        -8077176.0,
        -8079803.0,
        -8164193.0,
        -8090680.0,
        -8174977.0,
        -7947126.0,
        -8020187.0,
        -8019478.0,
        -7917916.0,
        -7799206.5,
        -8147282.5,
        -7929860.0,
        -8019333.5,
        -8122600.0,
        -7736328.0,
        -8048167.5,
        -8052654.0,
        -8201035.0,
        -7881247.0,
        -7899419.0,
        -8142222.0,
        -8072811.0,
        -8002815.0,
        -7915971.0,
        -7896654.0,
        -7853070.0,
        -8108571.0,
        -7992806.5,
        -8024445.0
    ],
    "sumPSWeights": [
        123559592.0,
        123532392.0,
        123561592.0,
        123584080.0
    ],
    "sumLHEscaleWeights": [
        127008920.0,
        129533456.0,
        132544848.0,
        120118464.0,
        123530720.0,
        126949600.0,
        113674880.0,
        117692856.0,
        121294104.0
    ]
}