{
    "nEvents": 29729000,
    "sumGenWeights": 2132991469.8921204,
    "sumSquaredGenWeights": 154719340183.10547,
    "sumLHEpdfWeights": [
        -243047232.0,
        -241461216.0,
        -243148128.0,
        -243630784.0,
        -244438944.0,
        -243265088.0,
        -244429424.0,
        -242952176.0,
        -240424800.0,
        -244316400.0,
        -244714272.0,
        -243824624.0,
        -242080288.0,
        -242462000.0,
        -241036960.0,
        -243641136.0,
        -244363520.0,
        -245475376.0,
        -243178752.0,
        -242692800.0,
        -243050016.0,
        -241383824.0,
        -243085776.0,
        -242451568.0,
        -242439936.0,
        -241795088.0,
        -241212784.0,
        -246313776.0,
        -241767152.0,
        -244709728.0,
        -244675328.0,
        -241996928.0,
        -245010720.0,
        -243127168.0,
        -240379872.0,
        -245911712.0,
        -242288912.0,
        -245026992.0,
        -243843920.0,
        -242189600.0,
        -241475872.0,
        -244024256.0,
        -241693216.0,
        -244320704.0,
        -240430000.0,
        -241530848.0,
        -242408736.0,
        -242089088.0,
        -239561888.0,
        -242928048.0,
        -244790352.0,
        -241383456.0,
        -242133328.0,
        -243922080.0,
        -242355344.0,
        -240571376.0,
        -243682048.0,
        -242516384.0,
        -242721216.0,
        -245662736.0,
        -241198800.0,
        -242605120.0,
        -242887680.0,
        -242343312.0,
        -240657792.0,
        -243348800.0,
        -241395184.0,
        -239525312.0,
        -244105888.0,
        -243185344.0,
        -241375504.0,
        -244639488.0,
        -242768512.0,
        -244231184.0,
        -245574816.0,
        -243459808.0,
        -244299264.0,
        -244206880.0,
        -242455760.0,
        -243779520.0,
        -243391200.0,
        -242562304.0,
        -244363520.0,
        -242434416.0,
        -243342496.0,
        -243319920.0,
        -242077312.0,
        -243212976.0,
        -243972096.0,
        -245936752.0,
        -240825280.0,
        -241571280.0,
        -242392864.0,
        -243441280.0,
        -243831136.0,
        -242011232.0,
        -241639776.0,
        -241402000.0,
        -244340800.0,
        -243458256.0,
        -243235920.0
    ],
    "sumPSWeights": [
        2132949248.0,
        2132883200.0,
        2132926848.0,
        2133368704.0
    ],
    "sumLHEscaleWeights": [
        2095575936.0,
        2122206720.0,
        2152296704.0,
        2086567936.0,
        2132107648.0,
        2177773824.0,
        2079143296.0,
        2141899520.0,
        2198777856.0
    ]
}