{
    "nEvents": 3361253,
    "sumGenWeights": 109059106.59589767,
    "sumSquaredGenWeights": 3538818821.4761963,
    "sumLHEpdfWeights": [
        -6984936.5,
        -6909997.0,
        -6929329.0,
        -7046362.0,
        -7034679.5,
        -7037765.5,
        -7059610.5,
        -6902108.5,
        -6911087.5,
        -7076238.0,
        -7061360.5,
        -7123301.0,
        -6886653.5,
        -6923681.5,
        -6898232.0,
        -7110883.0,
        -7111830.0,
        -7122893.0,
        -6954784.0,
        -6909349.5,
        -7004374.5,
        -6791214.0,
        -6916907.5,
        -6913255.5,
        -6888407.5,
        -6854434.0,
        -7018551.5,
        -6931353.5,
        -6875222.0,
        -7097585.5,
        -7076949.0,
        -7003861.5,
        -7013892.0,
        -6909733.5,
        -6919321.0,
        -7145763.5,
        -6954244.5,
        -7033292.5,
        -6980714.5,
        -6884963.5,
        -6944304.5,
        -7035308.5,
        -6835238.5,
        -6975108.5,
        -6850431.0,
        -7014062.0,
        -7036880.0,
        -6806807.5,
        -6885300.5,
        -7062777.5,
        -7079493.0,
        -6938557.5,
        -6866568.0,
        -6973595.5,
        -6920056.0,
        -6903808.5,
        -6932729.5,
        -6942312.0,
        -6851547.0,
        -7172704.0,
        -7037721.0,
        -6957532.0,
        -6973305.0,
        -6916101.0,
        -6979446.0,
        -6944367.5,
        -7007878.0,
        -6794898.0,
        -7112283.5,
        -6929921.5,
        -6813526.5,
        -7126040.0,
        -7102377.0,
        -7105540.0,
        -7117209.5,
        -7066457.0,
        -7147193.5,
        -6943179.0,
        -7008070.5,
        -7027941.5,
        -6910427.0,
        -6810076.0,
        -7111830.0,
        -6882798.0,
        -7018895.0,
        -7093352.0,
        -6777911.0,
        -7078746.5,
        -7016445.5,
        -7192098.0,
        -6879605.0,
        -6906398.5,
        -7131785.0,
        -7078190.0,
        -7013491.0,
        -6932661.0,
        -6906665.5,
        -6878834.5,
        -7075229.0,
        -7002733.5,
        -7044331.5
    ],
    "sumPSWeights": [
        109061856.0,
        109073008.0,
        109059192.0,
        109035280.0
    ],
    "sumLHEscaleWeights": [
        112118960.0,
        114336384.0,
        116982096.0,
        106030408.0,
        109170824.0,
        112042728.0,
        100338080.0,
        103864016.0,
        107051352.0
    ]
}