{
    "sumGenWeights": 109059106.59589767,
    "nEvents": 3361253,
    "sumLHEpdfWeights": [
        -215304.046875,
        -212996.234375,
        -213568.78125,
        -217147.53125,
        -216818.53125,
        -216918.296875,
        -217588.578125,
        -212724.859375,
        -212931.484375,
        -218114.28125,
        -217609.25,
        -219567.09375,
        -212250.84375,
        -213400.90625,
        -212636.53125,
        -219186.984375,
        -219176.796875,
        -219534.34375,
        -214346.78125,
        -212976.375,
        -215904.984375,
        -209306.109375,
        -213209.34375,
        -213073.03125,
        -212328.3125,
        -211262.78125,
        -216301.46875,
        -213636.84375,
        -211899.5,
        -218756.640625,
        -218140.359375,
        -215863.703125,
        -216184.296875,
        -212971.09375,
        -213284.96875,
        -220224.46875,
        -214362.515625,
        -216767.671875,
        -215157.015625,
        -212198.78125,
        -214052.015625,
        -216854.90625,
        -210678.734375,
        -214984.640625,
        -211135.96875,
        -216178.25,
        -216909.453125,
        -209808.875,
        -212217.421875,
        -217687.578125,
        -218221.46875,
        -213865.171875,
        -211635.3125,
        -214953.703125,
        -213305.125,
        -212806.609375,
        -213665.15625,
        -213971.8125,
        -211174.875,
        -221060.4375,
        -216920.765625,
        -214419.984375,
        -214908.03125,
        -213185.4375,
        -215123.140625,
        -214031.03125,
        -215996.75,
        -209446.15625,
        -219233.6875,
        -213611.703125,
        -210017.5,
        -219649.109375,
        -218902.5625,
        -219008.421875,
        -219351.6875,
        -217818.546875,
        -220307.875,
        -214021.015625,
        -216018.421875,
        -216610.75,
        -213014.109375,
        -209902.234375,
        -219176.796875,
        -212147.4375,
        -216333.1875,
        -218625.515625,
        -208931.28125,
        -218171.90625,
        -216277.265625,
        -221665.828125,
        -212035.671875,
        -212850.140625,
        -219821.09375,
        -218180.5,
        -216187.796875,
        -213686.71875,
        -212894.015625,
        -212010.453125,
        -218089.484375,
        -215850.890625,
        -217104.1875
    ]
}