{
    "nEvents": 6275000,
    "sumGenWeights": 22286424.62348175,
    "sumSquaredGenWeights": 186681101.98402405,
    "sumLHEpdfWeights": [
        22298456.0,
        11151583.0,
        11137367.0,
        11129124.0,
        11157016.0,
        11133297.0,
        11141899.0,
        11134881.0,
        11115643.0,
        11167676.0,
        11122276.0,
        11147650.0,
        11144580.0,
        11167360.0,
        11143898.0,
        11193491.0,
        11129594.0,
        11140601.0,
        11114785.0,
        11146941.0,
        11167747.0,
        11126680.0,
        11165960.0,
        11123006.0,
        11130957.0,
        11131498.0,
        11137054.0,
        11184602.0,
        11157156.0,
        11173906.0,
        11151072.0,
        11189795.0,
        11140062.0,
        11153390.0,
        11159134.0,
        11132756.0,
        11120713.0,
        11160426.0,
        11154812.0,
        11131524.0,
        11145624.0,
        11152270.0,
        11125975.0,
        11134628.0,
        11131864.0,
        11142984.0,
        11137052.0,
        11139113.0,
        11147394.0,
        11132066.0,
        11135980.0,
        11147994.0,
        11142483.0,
        11142709.0,
        11143638.0,
        11155118.0,
        11151023.0,
        11145128.0,
        11147530.0,
        11153278.0,
        11146315.0,
        11145955.0,
        11144728.0,
        11142468.0,
        11151951.0,
        11143526.0,
        11153222.0,
        11152950.0,
        11139648.0,
        11142779.0,
        11141398.0,
        11148633.0,
        11146096.0,
        11145588.0,
        11145494.0,
        11140382.0,
        11140631.0,
        11147602.0,
        11143871.0,
        11136491.0,
        11142984.0,
        11142031.0,
        11147208.0,
        11138590.0,
        11148688.0,
        11142122.0,
        11141328.0,
        11144925.0,
        11146273.0,
        11148322.0,
        11142942.0,
        11147436.0,
        11143304.0,
        11145350.0,
        11140069.0,
        11142667.0,
        11144896.0,
        11144226.0,
        11145400.0,
        11145583.0,
        11149226.0
    ],
    "sumPSWeights": [
        22288428.0,
        22288208.0,
        22282266.0,
        22281604.0
    ],
    "sumLHEscaleWeights": [
        11312270.0,
        11450243.0,
        11563933.0,
        10989473.0,
        22298456.0,
        11269568.0,
        10726379.0,
        10893934.0,
        11029654.0
    ]
}