{
    "nEvents": 18930000,
    "sumGenWeights": 1402989189.9656982,
    "sumSquaredGenWeights": 105685690869.14062,
    "sumLHEpdfWeights": [
        1401374720.0,
        1400812288.0,
        1404931328.0,
        1403590272.0,
        1407245824.0,
        1401291776.0,
        1399394176.0,
        1400554368.0,
        1399672448.0,
        1406426880.0,
        1401404928.0,
        1399630848.0,
        1403503488.0,
        1401036928.0,
        1404080384.0,
        1403671168.0,
        1405197184.0,
        1401089408.0,
        1402399616.0,
        1403063424.0,
        1403738752.0,
        1403455232.0,
        1403106048.0,
        1405121152.0,
        1400193280.0,
        1403821824.0,
        1405220608.0,
        1400157952.0,
        1400312704.0,
        1409912832.0,
        1403370880.0,
        1404287744.0,
        1403548544.0,
        1403976960.0,
        1404556928.0,
        1402222336.0,
        1402142976.0,
        1404568064.0,
        1402399232.0,
        1401666816.0,
        1402774400.0,
        1401864064.0,
        1400382976.0,
        1403008256.0,
        1404905728.0,
        1401583360.0,
        1405522688.0,
        1405187584.0,
        1400924160.0,
        1401417856.0,
        1404108032.0,
        1404712448.0,
        1401627264.0,
        1403021952.0,
        1403823360.0,
        1402756352.0,
        1401802112.0,
        1402760064.0,
        1402147584.0,
        1401541376.0,
        1402319872.0,
        1401448960.0,
        1401996800.0,
        1402132480.0,
        1401610240.0,
        1403274368.0,
        1402479232.0,
        1401577728.0,
        1403050752.0,
        1402809088.0,
        1400832128.0,
        1401135360.0,
        1401863168.0,
        1401257088.0,
        1401202560.0,
        1401208320.0,
        1402705792.0,
        1400539136.0,
        1402316800.0,
        1402346368.0,
        1402664320.0,
        1402483968.0,
        1402874496.0,
        1401916160.0,
        1401441024.0,
        1402257408.0,
        1402096768.0,
        1401112960.0,
        1402001280.0,
        1401545216.0,
        1402245376.0,
        1401650560.0,
        1401555712.0,
        1402345600.0,
        1401597440.0,
        1402337792.0,
        1401261568.0,
        1403549440.0,
        1401284992.0,
        1401952768.0,
        1401678592.0,
        1364565120.0,
        1443286272.0
    ],
    "sumPSWeights": [
        1402950656.0,
        1402848256.0,
        1402935040.0,
        1403101312.0
    ],
    "sumLHEscaleWeights": [
        1580520960.0,
        1553168640.0,
        1535557376.0,
        1437324544.0,
        1401374720.0,
        1376608768.0,
        1300446592.0,
        1263351936.0,
        1232897024.0
    ]
}