{
    "nEvents": 18732000,
    "sumGenWeights": 1595251834.764038,
    "sumSquaredGenWeights": 138149076228.51562,
    "sumLHEpdfWeights": [
        1596947840.0,
        1595288192.0,
        1597119744.0,
        1596485376.0,
        1598142976.0,
        1594883840.0,
        1590636032.0,
        1592865408.0,
        1591533312.0,
        1597960448.0,
        1594693888.0,
        1592064512.0,
        1596049152.0,
        1593764608.0,
        1597010176.0,
        1596559616.0,
        1597562112.0,
        1595228160.0,
        1595034880.0,
        1596660480.0,
        1596569344.0,
        1595639040.0,
        1595141888.0,
        1596698880.0,
        1593049728.0,
        1596152192.0,
        1597640704.0,
        1592323840.0,
        1592491264.0,
        1602489472.0,
        1596247552.0,
        1597049088.0,
        1596508928.0,
        1596964864.0,
        1596257024.0,
        1595812352.0,
        1595459584.0,
        1596373504.0,
        1596483072.0,
        1594454272.0,
        1596335616.0,
        1595262848.0,
        1593333632.0,
        1595817984.0,
        1596902400.0,
        1595686144.0,
        1597049344.0,
        1596717824.0,
        1594274688.0,
        1595282944.0,
        1596427008.0,
        1596442368.0,
        1595552384.0,
        1596419072.0,
        1596742400.0,
        1596335104.0,
        1596382464.0,
        1596169728.0,
        1596736512.0,
        1595744000.0,
        1596176128.0,
        1595605888.0,
        1596131328.0,
        1596242944.0,
        1595841280.0,
        1596356608.0,
        1596337152.0,
        1596294400.0,
        1596759808.0,
        1596629248.0,
        1594759296.0,
        1595335680.0,
        1596747264.0,
        1595360896.0,
        1595466240.0,
        1595382528.0,
        1596857344.0,
        1594413312.0,
        1596663296.0,
        1596872064.0,
        1596882944.0,
        1596807680.0,
        1596981248.0,
        1596513536.0,
        1596188672.0,
        1596665856.0,
        1596546048.0,
        1595297024.0,
        1596775808.0,
        1595973120.0,
        1596563712.0,
        1596132608.0,
        1596278912.0,
        1596700416.0,
        1596296576.0,
        1596994304.0,
        1595587328.0,
        1597491712.0,
        1595673088.0,
        1596527616.0,
        1596420096.0,
        1551618048.0,
        1640974592.0
    ],
    "sumPSWeights": [
        1595211008.0,
        1595391872.0,
        1595396352.0,
        1594407424.0
    ],
    "sumLHEscaleWeights": [
        1797777920.0,
        1767454976.0,
        1748289792.0,
        1633105536.0,
        1596947840.0,
        1566323840.0,
        1476235520.0,
        1435440896.0,
        1401991680.0
    ]
}