{
    "nEvents": 18310000,
    "sumGenWeights": 1433963426.1006165,
    "sumSquaredGenWeights": 114170029165.03906,
    "sumLHEpdfWeights": [
        1434492032.0,
        1433648128.0,
        1434868992.0,
        1434512256.0,
        1436583168.0,
        1433767680.0,
        1430747136.0,
        1431909888.0,
        1430691072.0,
        1435787392.0,
        1433344000.0,
        1431363712.0,
        1434214144.0,
        1432415488.0,
        1435624064.0,
        1434778112.0,
        1435429504.0,
        1433789696.0,
        1433861632.0,
        1434444544.0,
        1435176448.0,
        1434320640.0,
        1433934080.0,
        1434824704.0,
        1432769280.0,
        1434800896.0,
        1436069120.0,
        1432637824.0,
        1432122368.0,
        1440376832.0,
        1434212096.0,
        1434890496.0,
        1435177984.0,
        1434862080.0,
        1434590464.0,
        1434480000.0,
        1434069120.0,
        1434516736.0,
        1434818560.0,
        1433681280.0,
        1434722048.0,
        1434130688.0,
        1432317696.0,
        1434049920.0,
        1434815360.0,
        1434170112.0,
        1435031808.0,
        1434739456.0,
        1432985600.0,
        1433894784.0,
        1434270464.0,
        1434303360.0,
        1433943552.0,
        1434435584.0,
        1434445952.0,
        1434381824.0,
        1434529536.0,
        1434248960.0,
        1434621440.0,
        1434226944.0,
        1434139776.0,
        1434153984.0,
        1434280448.0,
        1434426624.0,
        1434352640.0,
        1434233216.0,
        1434640896.0,
        1434283648.0,
        1434456576.0,
        1434590976.0,
        1433596160.0,
        1433994880.0,
        1434535296.0,
        1433708288.0,
        1433928448.0,
        1433970944.0,
        1434907648.0,
        1433109248.0,
        1434627968.0,
        1434613504.0,
        1434771712.0,
        1434496512.0,
        1434683136.0,
        1434589440.0,
        1434234624.0,
        1434818048.0,
        1434750976.0,
        1433925120.0,
        1434485504.0,
        1434193664.0,
        1434605312.0,
        1434263552.0,
        1434350080.0,
        1434767360.0,
        1434356096.0,
        1434765696.0,
        1434144512.0,
        1435141376.0,
        1434243840.0,
        1434525440.0,
        1434471296.0,
        1394606336.0,
        1475090688.0
    ],
    "sumPSWeights": [
        1433959424.0,
        1434065920.0,
        1434025472.0,
        1433959552.0
    ],
    "sumLHEscaleWeights": [
        1615579392.0,
        1587998080.0,
        1570400768.0,
        1468561280.0,
        1434492032.0,
        1407444992.0,
        1328222976.0,
        1290865920.0,
        1260195328.0
    ]
}