{
    "nEvents": 18825000,
    "sumGenWeights": 1357495416.0766602,
    "sumSquaredGenWeights": 99490943078.61328,
    "sumLHEpdfWeights": [
        1356341248.0,
        1355352448.0,
        1359112960.0,
        1357858048.0,
        1361678848.0,
        1355872384.0,
        1354174464.0,
        1355168512.0,
        1354325120.0,
        1360790656.0,
        1355658496.0,
        1354285440.0,
        1357751168.0,
        1355550592.0,
        1358569728.0,
        1358081280.0,
        1359376896.0,
        1355834368.0,
        1356911104.0,
        1357111552.0,
        1358213632.0,
        1357883136.0,
        1357661312.0,
        1359444992.0,
        1354871808.0,
        1358340608.0,
        1359687168.0,
        1354877184.0,
        1355041536.0,
        1364152960.0,
        1357482112.0,
        1358574592.0,
        1358104320.0,
        1358194432.0,
        1358948864.0,
        1356790016.0,
        1356566912.0,
        1358837888.0,
        1356912640.0,
        1356305664.0,
        1357154560.0,
        1356458880.0,
        1354967808.0,
        1357341824.0,
        1359282432.0,
        1356296704.0,
        1359798272.0,
        1359584000.0,
        1355539712.0,
        1356129536.0,
        1357899520.0,
        1359031040.0,
        1356152832.0,
        1357047168.0,
        1357325568.0,
        1357011968.0,
        1356532992.0,
        1356835456.0,
        1356613760.0,
        1356190336.0,
        1356567552.0,
        1356108544.0,
        1356408320.0,
        1356638208.0,
        1356313856.0,
        1357156352.0,
        1357024640.0,
        1356324352.0,
        1356791040.0,
        1357025408.0,
        1355540224.0,
        1355868800.0,
        1356621184.0,
        1356002688.0,
        1355857664.0,
        1355939072.0,
        1357155072.0,
        1355225088.0,
        1356887552.0,
        1356855168.0,
        1357032192.0,
        1356776960.0,
        1357140352.0,
        1356601984.0,
        1356193920.0,
        1356813184.0,
        1356765056.0,
        1355869184.0,
        1356565248.0,
        1356188032.0,
        1356784768.0,
        1356308608.0,
        1356303104.0,
        1356960512.0,
        1356300288.0,
        1356881792.0,
        1355965952.0,
        1357781760.0,
        1356031104.0,
        1356566656.0,
        1356435072.0,
        1320309120.0,
        1396479488.0
    ],
    "sumPSWeights": [
        1357443072.0,
        1357413376.0,
        1357458304.0,
        1357704832.0
    ],
    "sumLHEscaleWeights": [
        1529189120.0,
        1502617344.0,
        1485459968.0,
        1390892800.0,
        1356341248.0,
        1331803008.0,
        1258629888.0,
        1222514816.0,
        1192864128.0
    ]
}