{
    "nEvents": 19000000,
    "sumGenWeights": 1370095195.197998,
    "sumSquaredGenWeights": 100415825683.59375,
    "sumLHEpdfWeights": [
        1368933760.0,
        1367934976.0,
        1371726720.0,
        1370461440.0,
        1374314624.0,
        1368458112.0,
        1366743296.0,
        1367749504.0,
        1366896128.0,
        1373415936.0,
        1368242432.0,
        1366856448.0,
        1370352896.0,
        1368133632.0,
        1371176704.0,
        1370688640.0,
        1371992576.0,
        1368423168.0,
        1369508480.0,
        1369711104.0,
        1370825984.0,
        1370487936.0,
        1370262784.0,
        1372067328.0,
        1367446528.0,
        1370950016.0,
        1372309760.0,
        1367448576.0,
        1367616384.0,
        1376819968.0,
        1370084864.0,
        1371185024.0,
        1370709504.0,
        1370791808.0,
        1371567616.0,
        1369384704.0,
        1369159680.0,
        1371448064.0,
        1369519104.0,
        1368896256.0,
        1369754368.0,
        1369048704.0,
        1367549952.0,
        1369937792.0,
        1371897344.0,
        1368887552.0,
        1372414976.0,
        1372199680.0,
        1368122240.0,
        1368719872.0,
        1370500864.0,
        1371635072.0,
        1368742400.0,
        1369641600.0,
        1369924608.0,
        1369609344.0,
        1369126912.0,
        1369434624.0,
        1369206784.0,
        1368779648.0,
        1369161216.0,
        1368697984.0,
        1369000960.0,
        1369233024.0,
        1368912128.0,
        1369749760.0,
        1369621248.0,
        1368914304.0,
        1369387520.0,
        1369620480.0,
        1368127488.0,
        1368469376.0,
        1369215488.0,
        1368591104.0,
        1368442752.0,
        1368528640.0,
        1369753856.0,
        1367806848.0,
        1369486848.0,
        1369452800.0,
        1369630720.0,
        1369374720.0,
        1369738112.0,
        1369203968.0,
        1368783872.0,
        1369419392.0,
        1369377920.0,
        1368452480.0,
        1369160320.0,
        1368788480.0,
        1369383936.0,
        1368900864.0,
        1368892672.0,
        1369575040.0,
        1368888448.0,
        1369491456.0,
        1368551168.0,
        1370402560.0,
        1368622592.0,
        1369159808.0,
        1369030400.0,
        1332562176.0,
        1409437312.0
    ],
    "sumPSWeights": [
        1370082176.0,
        1370199424.0,
        1370009856.0,
        1369854464.0
    ],
    "sumLHEscaleWeights": [
        1543443456.0,
        1516548096.0,
        1499169024.0,
        1403865600.0,
        1368933760.0,
        1344114432.0,
        1270373376.0,
        1233872384.0,
        1203906432.0
    ]
}