{
    "nEvents": 18998000,
    "sumGenWeights": 1369999317.265503,
    "sumSquaredGenWeights": 99695233175.78125,
    "sumLHEpdfWeights": [
        1370946688.0,
        1369687040.0,
        1371110400.0,
        1370728320.0,
        1372451840.0,
        1369970688.0,
        1366814592.0,
        1368139520.0,
        1366870272.0,
        1371889024.0,
        1369554816.0,
        1367379072.0,
        1370379648.0,
        1368466304.0,
        1371525888.0,
        1370926464.0,
        1371669248.0,
        1369953024.0,
        1369801984.0,
        1370811136.0,
        1371131008.0,
        1370493696.0,
        1369880320.0,
        1370941184.0,
        1368834816.0,
        1370749696.0,
        1371971456.0,
        1368751104.0,
        1368185088.0,
        1376329984.0,
        1370467968.0,
        1371157632.0,
        1371138944.0,
        1371121792.0,
        1370683904.0,
        1370604416.0,
        1370260864.0,
        1370638720.0,
        1371017088.0,
        1369716224.0,
        1370879744.0,
        1370247808.0,
        1368363264.0,
        1370289408.0,
        1371055616.0,
        1370376576.0,
        1371166976.0,
        1370877184.0,
        1369010048.0,
        1370099456.0,
        1370589952.0,
        1370548736.0,
        1370139008.0,
        1370737280.0,
        1370834176.0,
        1370656768.0,
        1370792448.0,
        1370518528.0,
        1370926848.0,
        1370413824.0,
        1370476288.0,
        1370354688.0,
        1370562816.0,
        1370694400.0,
        1370547200.0,
        1370576768.0,
        1370858368.0,
        1370597632.0,
        1370834944.0,
        1370892800.0,
        1369788288.0,
        1370180736.0,
        1370880768.0,
        1369959552.0,
        1370163968.0,
        1370179840.0,
        1371160448.0,
        1369298816.0,
        1370925184.0,
        1370966272.0,
        1371086336.0,
        1370878720.0,
        1371040128.0,
        1370867456.0,
        1370535168.0,
        1371065344.0,
        1370994816.0,
        1370113024.0,
        1370861568.0,
        1370451840.0,
        1370884480.0,
        1370541440.0,
        1370633856.0,
        1371038208.0,
        1370660608.0,
        1371108352.0,
        1370319872.0,
        1371487360.0,
        1370426624.0,
        1370820096.0,
        1370760064.0,
        1332625536.0,
        1409362176.0
    ],
    "sumPSWeights": [
        1370022656.0,
        1369739648.0,
        1370047744.0,
        1370282752.0
    ],
    "sumLHEscaleWeights": [
        1543231104.0,
        1516420608.0,
        1499111168.0,
        1403704064.0,
        1370946688.0,
        1344077312.0,
        1270246912.0,
        1233811712.0,
        1203873792.0
    ]
}