{
    "nEvents": 48232000,
    "sumGenWeights": 3478035712.296875,
    "sumSquaredGenWeights": 254908216019.53125,
    "sumLHEpdfWeights": [
        3475229184.0,
        3472636672.0,
        3482157312.0,
        3478976000.0,
        3488695296.0,
        3473957888.0,
        3469532672.0,
        3472104192.0,
        3469921792.0,
        3486388736.0,
        3473415168.0,
        3469840896.0,
        3478701056.0,
        3473074176.0,
        3480804352.0,
        3479560704.0,
        3482846976.0,
        3473881088.0,
        3476559872.0,
        3477146112.0,
        3479902720.0,
        3479035904.0,
        3478452480.0,
        3482990592.0,
        3471366400.0,
        3480201984.0,
        3483656448.0,
        3471353600.0,
        3471769856.0,
        3495087104.0,
        3478063104.0,
        3480799744.0,
        3479617792.0,
        3479859200.0,
        3481731072.0,
        3476318720.0,
        3475728896.0,
        3481445120.0,
        3476633344.0,
        3475028480.0,
        3477233664.0,
        3475454208.0,
        3471602432.0,
        3477676544.0,
        3482555136.0,
        3475056896.0,
        3483867904.0,
        3483316224.0,
        3473081856.0,
        3474634752.0,
        3479081472.0,
        3481891328.0,
        3474688000.0,
        3476962816.0,
        3477672704.0,
        3476870400.0,
        3475674368.0,
        3476434176.0,
        3475899904.0,
        3474795776.0,
        3475757312.0,
        3474587136.0,
        3475362048.0,
        3475935488.0,
        3475138048.0,
        3477229824.0,
        3476912640.0,
        3475160064.0,
        3476343552.0,
        3476936192.0,
        3473128704.0,
        3474007040.0,
        3475920896.0,
        3474316800.0,
        3473949184.0,
        3474153984.0,
        3477275648.0,
        3472323072.0,
        3476595712.0,
        3476514816.0,
        3476967424.0,
        3476319488.0,
        3477230080.0,
        3475901184.0,
        3474829568.0,
        3476446976.0,
        3476363776.0,
        3473982720.0,
        3475787264.0,
        3474854400.0,
        3476339712.0,
        3475117568.0,
        3475109632.0,
        3476844800.0,
        3475101952.0,
        3476661504.0,
        3474242816.0,
        3478937088.0,
        3474414848.0,
        3475781632.0,
        3475449344.0,
        3382780928.0,
        3577907200.0
    ],
    "sumPSWeights": [
        3477985280.0,
        3478055424.0,
        3477870336.0,
        3477769472.0
    ],
    "sumLHEscaleWeights": [
        3917654528.0,
        3849553408.0,
        3805581056.0,
        3563634432.0,
        3475229184.0,
        3412186112.0,
        3224944384.0,
        3132377856.0,
        3056379136.0
    ]
}