{
    "nEvents": 18982000,
    "sumGenWeights": 1261794159.519928,
    "sumSquaredGenWeights": 85236400204.10156,
    "sumLHEpdfWeights": [
        1261608832.0,
        1261300096.0,
        1262270464.0,
        1261898496.0,
        1264208256.0,
        1261379968.0,
        1259439360.0,
        1260158720.0,
        1259167744.0,
        1263331456.0,
        1261006592.0,
        1259500928.0,
        1261728768.0,
        1260093184.0,
        1263052928.0,
        1262259072.0,
        1262890496.0,
        1261252352.0,
        1261500800.0,
        1261681664.0,
        1262771968.0,
        1262153216.0,
        1261794048.0,
        1262391680.0,
        1260578560.0,
        1262595072.0,
        1263536000.0,
        1260643584.0,
        1260289664.0,
        1267659776.0,
        1261605888.0,
        1262281856.0,
        1262705920.0,
        1262239744.0,
        1262407680.0,
        1262045184.0,
        1261551104.0,
        1262225024.0,
        1262150912.0,
        1261499648.0,
        1262175232.0,
        1261654016.0,
        1260186368.0,
        1261595648.0,
        1262334976.0,
        1261574272.0,
        1262624384.0,
        1262439424.0,
        1260672256.0,
        1261431424.0,
        1261705728.0,
        1261861760.0,
        1261401856.0,
        1261720192.0,
        1261708032.0,
        1261678336.0,
        1261789952.0,
        1261614848.0,
        1261825792.0,
        1261520512.0,
        1261432320.0,
        1261566720.0,
        1261578368.0,
        1261698688.0,
        1261720832.0,
        1261561088.0,
        1261924480.0,
        1261487104.0,
        1261683200.0,
        1261821184.0,
        1261038720.0,
        1261486464.0,
        1261680640.0,
        1261147648.0,
        1261294464.0,
        1261302912.0,
        1262104448.0,
        1260617600.0,
        1261816832.0,
        1261793920.0,
        1261961472.0,
        1261676544.0,
        1261882112.0,
        1261760640.0,
        1261431680.0,
        1261998976.0,
        1261935616.0,
        1261223936.0,
        1261626880.0,
        1261467392.0,
        1261805056.0,
        1261472000.0,
        1261549824.0,
        1261949824.0,
        1261540096.0,
        1261904384.0,
        1261395328.0,
        1262326272.0,
        1261498624.0,
        1261688832.0,
        1261633024.0,
        1227286272.0,
        1298084608.0
    ],
    "sumPSWeights": [
        1261783808.0,
        1261692416.0,
        1261785728.0,
        1261977088.0
    ],
    "sumLHEscaleWeights": [
        1420895360.0,
        1395959168.0,
        1379713024.0,
        1293301376.0,
        1261608832.0,
        1237492352.0,
        1170992768.0,
        1136866048.0,
        1108792576.0
    ]
}