{
    "nEvents": 18349999,
    "sumGenWeights": 1323197451.638298,
    "sumSquaredGenWeights": 98647686152.42432,
    "sumLHEpdfWeights": [
        1324293888.0,
        1322061824.0,
        1325165312.0,
        1324278400.0,
        1326289024.0,
        1322667904.0,
        1319400192.0,
        1321127296.0,
        1319936768.0,
        1326178560.0,
        1322462720.0,
        1320052224.0,
        1323878528.0,
        1321663744.0,
        1324410880.0,
        1324334592.0,
        1325560448.0,
        1323140096.0,
        1322691200.0,
        1324346880.0,
        1324036608.0,
        1323714560.0,
        1323026432.0,
        1324852096.0,
        1320908800.0,
        1323829760.0,
        1325282816.0,
        1320371200.0,
        1320728064.0,
        1329688320.0,
        1324130688.0,
        1324995328.0,
        1324132352.0,
        1324740736.0,
        1324301312.0,
        1323450752.0,
        1323182080.0,
        1324465792.0,
        1324193280.0,
        1322319232.0,
        1323863936.0,
        1323035520.0,
        1321072384.0,
        1323775360.0,
        1324991360.0,
        1323616384.0,
        1325197824.0,
        1324934656.0,
        1321986944.0,
        1323234176.0,
        1324323456.0,
        1324647168.0,
        1323176448.0,
        1324209408.0,
        1324416256.0,
        1324114432.0,
        1323933696.0,
        1323848576.0,
        1324146176.0,
        1323707648.0,
        1323868672.0,
        1323397632.0,
        1323875456.0,
        1324020352.0,
        1323736448.0,
        1324136704.0,
        1324285056.0,
        1323938688.0,
        1324228992.0,
        1324289536.0,
        1322765440.0,
        1323159040.0,
        1324246528.0,
        1323180928.0,
        1323281152.0,
        1323366400.0,
        1324538624.0,
        1322510464.0,
        1324361856.0,
        1324341120.0,
        1324498944.0,
        1324326400.0,
        1324520320.0,
        1324289536.0,
        1323878656.0,
        1324459264.0,
        1324411136.0,
        1323424640.0,
        1324258176.0,
        1323786368.0,
        1324303616.0,
        1323913600.0,
        1323977600.0,
        1324512512.0,
        1324005376.0,
        1324559872.0,
        1323600896.0,
        1325044480.0,
        1323698688.0,
        1324208384.0,
        1324158720.0,
        1286945408.0,
        1361182976.0
    ],
    "sumPSWeights": [
        1323234048.0,
        1323105152.0,
        1323222912.0,
        1323386752.0
    ],
    "sumLHEscaleWeights": [
        1490480128.0,
        1464614400.0,
        1447921408.0,
        1355733504.0,
        1324293888.0,
        1298177920.0,
        1226844032.0,
        1191645952.0,
        1162768000.0
    ]
}