{
    "nEvents": 3368017,
    "sumGenWeights": 1128311.9899494648,
    "sumSquaredGenWeights": 1286885.5228961706,
    "sumLHEpdfWeights": [
        1127512.625,
        1128461.875,
        1128019.5,
        1128551.75,
        1129666.25,
        1126409.625,
        1127827.5,
        1125855.375,
        1123791.75,
        1132847.875,
        1126400.875,
        1130950.5,
        1127597.75,
        1132354.75,
        1127964.5,
        1135693.75,
        1126982.125,
        1128243.125,
        1122936.5,
        1128012.75,
        1129426.75,
        1124259.0,
        1131526.5,
        1126677.5,
        1124593.75,
        1127776.0,
        1128401.5,
        1131759.5,
        1128735.625,
        1134537.5,
        1131711.5,
        1134006.125,
        1127294.75,
        1131947.125,
        1129744.5,
        1126474.75,
        1125940.625,
        1130345.0,
        1130103.5,
        1125677.125,
        1127556.75,
        1128821.625,
        1123837.5,
        1126644.0,
        1126972.375,
        1128108.25,
        1126647.625,
        1128072.0,
        1129836.5,
        1125683.5,
        1127541.125,
        1130058.75,
        1127509.0,
        1128031.75,
        1128500.625,
        1129956.5,
        1128763.0,
        1127749.125,
        1128644.5,
        1129289.625,
        1129842.375,
        1129089.625,
        1128326.75,
        1126587.0,
        1129276.625,
        1128369.375,
        1129506.125,
        1129591.75,
        1128090.5,
        1127239.375,
        1127913.625,
        1128312.75,
        1128251.125,
        1128876.5,
        1127504.75,
        1127924.75,
        1127756.25,
        1128758.625,
        1129047.875,
        1127128.0,
        1128244.875,
        1128659.0,
        1129013.625,
        1127421.0,
        1128877.625,
        1127938.625,
        1128168.25,
        1129090.625,
        1128386.875,
        1128526.75,
        1128096.125,
        1128621.75,
        1127879.25,
        1128048.75,
        1128189.0,
        1128251.25,
        1127764.25,
        1128148.875,
        1128326.875,
        1128542.625,
        1127512.875,
        1083923.75,
        1170745.125
    ],
    "sumPSWeights": [
        1139900.625,
        1129601.75,
        1113588.5,
        1127429.625
    ],
    "sumLHEscaleWeights": [
        1244335.375,
        1232342.5,
        1225882.0,
        1150225.625,
        1127512.625,
        1111691.625,
        1042065.0,
        1016378.625,
        995514.0
    ]
}