{
    "sumGenWeights": 209107.00481522083,
    "nEvents": 308983,
    "sumLHEpdfWeights": [
        209152.6875,
        209157.84375,
        209033.25,
        209139.0,
        209352.25,
        208746.15625,
        208987.28125,
        208652.234375,
        208251.046875,
        209947.1875,
        208766.125,
        209558.75,
        208979.28125,
        209846.3125,
        209038.9375,
        210436.375,
        208884.96875,
        209077.453125,
        208106.609375,
        209020.734375,
        209270.90625,
        208366.8125,
        209701.671875,
        208800.265625,
        208417.421875,
        208953.375,
        209145.484375,
        209749.46875,
        209175.609375,
        210221.15625,
        209698.703125,
        210232.125,
        208897.390625,
        209726.15625,
        209356.203125,
        208830.9375,
        208654.09375,
        209496.90625,
        209394.4375,
        208677.3125,
        208980.328125,
        209150.3125,
        208290.375,
        208836.96875,
        208851.28125,
        209090.53125,
        208850.625,
        209065.96875,
        209378.34375,
        208657.1875,
        208945.09375,
        209424.5625,
        208922.671875,
        209068.515625,
        209138.546875,
        209370.859375,
        209193.625,
        208991.8125,
        209153.6875,
        209276.34375,
        209394.484375,
        209269.59375,
        209156.90625,
        208821.671875,
        209312.8125,
        209133.953125,
        209322.90625,
        209309.6875,
        209074.6875,
        208910.40625,
        209025.875,
        209098.875,
        209089.96875,
        209195.6875,
        208964.15625,
        209017.9375,
        209023.875,
        209210.65625,
        209225.15625,
        208894.40625,
        209131.4375,
        209227.671875,
        209230.703125,
        208963.9375,
        209202.828125,
        209027.375,
        209135.0625,
        209250.25,
        209133.328125,
        209164.25,
        209081.9375,
        209203.25,
        209010.3125,
        209092.734375,
        209107.46875,
        209104.28125,
        209063.609375,
        209133.578125,
        209144.65625,
        209125.703125,
        209152.375,
        200867.65625,
        217033.484375
    ],
    "sumPSWeights": [
        211249.578125,
        209019.171875,
        206383.296875,
        209255.21875
    ],
    "sumLHEscaleWeights": [
        231195.3125,
        228707.28125,
        227282.875,
        213343.765625,
        209152.6875,
        205875.578125,
        193061.3125,
        188181.953125,
        184212.3125
    ]
}