{
    "sumGenWeights": 209107.00481522083,
    "nEvents": 308983,
    "sumLHEpdfWeights": [
        308983.0,
        309015.4375,
        309004.4375,
        309097.9375,
        309394.5625,
        308501.25,
        308995.34375,
        308391.4375,
        307837.40625,
        310064.4375,
        308571.8125,
        309723.4375,
        308854.0,
        309985.40625,
        308972.6875,
        310751.25,
        308709.46875,
        309079.5,
        307616.09375,
        308758.0,
        309311.4375,
        307948.6875,
        309759.0625,
        308660.4375,
        308031.40625,
        308996.3125,
        308981.5,
        309719.8125,
        309016.8125,
        310449.375,
        309966.59375,
        310291.125,
        308757.75,
        309955.0625,
        309190.9375,
        308577.25,
        308430.1875,
        309440.75,
        309554.5625,
        308243.6875,
        308669.1875,
        309169.5625,
        307738.53125,
        308527.0625,
        308611.53125,
        308786.25,
        308353.21875,
        308898.3125,
        309466.46875,
        308333.25,
        308818.34375,
        309469.6875,
        308823.34375,
        309005.78125,
        309043.84375,
        309244.75,
        309040.0625,
        308749.5,
        308962.90625,
        309233.1875,
        309305.03125,
        309111.8125,
        309020.75,
        308616.46875,
        309252.625,
        309015.34375,
        309261.65625,
        309172.125,
        308970.0,
        308744.0,
        308811.8125,
        308925.875,
        309072.75,
        309071.75,
        308794.4375,
        308874.75,
        308866.71875,
        309048.8125,
        309075.875,
        308731.34375,
        308990.3125,
        309167.75,
        309025.1875,
        308771.78125,
        309033.03125,
        308864.375,
        309025.15625,
        309109.25,
        308995.65625,
        309057.96875,
        308953.8125,
        309061.5625,
        308831.75,
        309002.4375,
        308931.21875,
        308922.375,
        308906.0625,
        309001.1875,
        308976.0625,
        308908.84375,
        308983.0,
        294383.46875,
        322853.71875
    ]
}