{
    "sumGenWeights": 280682.5547450781,
    "nEvents": 1900000,
    "sumLHEpdfWeights": [
        280545.3125,
        280455.875,
        280250.5,
        280738.0,
        281244.59375,
        280065.5,
        281095.21875,
        280061.75,
        280063.53125,
        280976.375,
        280312.40625,
        281272.96875,
        280792.8125,
        281454.96875,
        281234.59375,
        281866.90625,
        281032.96875,
        281148.09375,
        279544.59375,
        280149.125,
        280848.375,
        279837.1875,
        280894.0,
        280854.65625,
        279659.8125,
        280642.34375,
        280579.75,
        280988.3125,
        280582.71875,
        280486.59375,
        280956.8125,
        280542.5625,
        280550.1875,
        280834.75,
        280300.3125,
        280660.21875,
        280782.25,
        280518.875,
        280867.4375,
        280359.75,
        280416.5,
        280417.75,
        280519.65625,
        280449.75,
        280643.40625,
        280464.25,
        280137.25,
        280631.8125,
        280863.0625,
        280235.0625,
        280527.0625,
        280764.21875,
        280983.03125,
        280616.9375,
        280580.5,
        280530.0,
        280720.1875,
        280648.59375,
        280815.5,
        280818.1875,
        280731.9375,
        280709.125,
        280867.9375,
        280637.28125,
        280662.75,
        280904.6875,
        280720.21875,
        280590.09375,
        280909.21875,
        280479.8125,
        280847.5625,
        280539.28125,
        280413.09375,
        280687.78125,
        280370.9375,
        280571.5,
        280649.4375,
        280766.375,
        280763.3125,
        280480.8125,
        280620.3125,
        280559.375,
        280734.21875,
        280834.75,
        280609.5,
        280576.03125,
        280603.21875,
        280800.96875,
        280536.46875,
        280544.9375,
        280679.0625,
        280697.625,
        280707.34375,
        280518.8125,
        280651.75,
        280725.375,
        280531.25,
        280700.6875,
        280658.875,
        280729.21875,
        280544.375,
        273084.71875,
        288826.8125
    ],
    "sumPSWeights": [
        280653.1875,
        280597.0625,
        280696.9375,
        280728.5
    ],
    "sumLHEscaleWeights": [
        306780.8125,
        302414.4375,
        299184.46875,
        288210.25,
        280545.3125,
        274549.125,
        266929.1875,
        257810.875,
        250189.265625
    ]
}