{
    "nEvents": 5797000,
    "sumGenWeights": 2961197.1457169056,
    "sumSquaredGenWeights": 6131147.811412811,
    "sumLHEpdfWeights": [
        2960825.5,
        2958730.75,
        2956504.0,
        2961800.5,
        2966997.0,
        2954669.5,
        2965637.5,
        2954502.25,
        2954475.5,
        2964240.0,
        2956983.5,
        2967225.75,
        2962354.0,
        2969544.0,
        2966902.25,
        2973541.5,
        2964955.0,
        2966164.25,
        2949002.5,
        2955500.0,
        2962564.0,
        2952270.25,
        2963586.0,
        2962853.0,
        2950362.25,
        2960334.25,
        2960187.75,
        2964439.0,
        2960245.5,
        2959111.0,
        2963859.0,
        2959971.5,
        2959569.0,
        2962576.5,
        2957216.5,
        2961193.75,
        2962241.5,
        2959250.5,
        2962667.25,
        2958001.5,
        2958427.75,
        2958144.0,
        2959572.5,
        2958888.25,
        2960755.75,
        2959081.0,
        2955764.5,
        2961103.75,
        2963088.75,
        2956449.75,
        2959290.0,
        2961844.0,
        2964098.75,
        2960445.5,
        2960006.75,
        2959378.0,
        2961228.25,
        2960784.75,
        2962568.75,
        2962524.0,
        2962002.75,
        2961174.0,
        2963283.5,
        2960811.75,
        2961198.0,
        2963545.75,
        2961307.75,
        2960156.5,
        2963498.0,
        2959361.25,
        2962930.0,
        2959519.75,
        2958364.75,
        2961081.25,
        2957733.5,
        2959638.5,
        2960602.25,
        2962041.0,
        2961881.0,
        2958758.25,
        2960537.25,
        2959914.0,
        2961771.0,
        2962778.75,
        2960555.0,
        2960272.5,
        2960230.25,
        2962419.0,
        2959709.0,
        2959389.5,
        2961056.5,
        2961717.0,
        2961377.0,
        2959178.0,
        2961030.5,
        2961525.25,
        2959210.0,
        2961323.25,
        2961406.0,
        2961580.75,
        2960825.0,
        2881382.5,
        3047058.0
    ],
    "sumPSWeights": [
        2960194.75,
        2961552.5,
        2962302.25,
        2958399.0
    ],
    "sumLHEscaleWeights": [
        3242092.0,
        3192943.5,
        3156145.0,
        3042544.25,
        2960825.5,
        2894763.5,
        2816219.0,
        2718794.0,
        2637278.5
    ]
}