{
    "nEvents": 15907000,
    "sumGenWeights": 15907138.464621902,
    "sumSquaredGenWeights": 15907321.105887175,
    "sumPSWeights": [
        15906599.0,
        15907474.0,
        15907782.0,
        15905400.0
    ]
}