{
    "AtoTT_M400_W2p5_Int": -8.74815410577,
    "AtoTT_M400_W2p5_Res": 14.1651541479,
    "AtoTT_M400_W5_Int": -8.57258016792,
    "AtoTT_M400_W5_Res": 6.69567262717,
    "AtoTT_M400_W10_Int": -8.11390807259,
    "AtoTT_M400_W10_Res": 3.00766957752,
    "AtoTT_M400_W25_Int": -6.6108515171,
    "AtoTT_M400_W25_Res": 0.923622647907,

    "AtoTT_M500_W2p5_Int": -1.88146452381,
    "AtoTT_M500_W2p5_Res": 6.74985664919,
    "AtoTT_M500_W5_Int": -2.0178736145,
    "AtoTT_M500_W5_Res": 3.29033434295,
    "AtoTT_M500_W10_Int": -2.22962497524,
    "AtoTT_M500_W10_Res": 1.55918189383,
    "AtoTT_M500_W25_Int": -2.51386783048,
    "AtoTT_M500_W25_Res": 0.525551729623,

    "AtoTT_M600_W2p5_Int": -0.0871590605885,
    "AtoTT_M600_W2p5_Res": 2.93931611834,
    "AtoTT_M600_W5_Int": -0.2025413134,
    "AtoTT_M600_W5_Res": 1.45505504763,
    "AtoTT_M600_W10_Int": -0.411642661779,
    "AtoTT_M600_W10_Res": 0.709943412673,
    "AtoTT_M600_W25_Int": -0.852219438222,
    "AtoTT_M600_W25_Res": 0.25683181605,

    "AtoTT_M750_W2p5_Int": 0.458626782798,
    "AtoTT_M750_W2p5_Res": 0.932966564991,
    "AtoTT_M750_W5_Int": 0.389811066959,
    "AtoTT_M750_W5_Res": 0.470367142648,
    "AtoTT_M750_W10_Int": 0.256994787893,
    "AtoTT_M750_W10_Res": 0.237371627513,
    "AtoTT_M750_W25_Int": -0.0713685509314,
    "AtoTT_M750_W25_Res": 0.0933724297155,

    "HtoTT_M400_W2p5_Int": -2.53331219027,
    "HtoTT_M400_W2p5_Res": 1.28671554778,
    "HtoTT_M400_W5_Int": -2.41769700033,
    "HtoTT_M400_W5_Res": 0.638726582498,
    "HtoTT_M400_W10_Int": -2.21149684787,
    "HtoTT_M400_W10_Res": 0.31653340087,
    "HtoTT_M400_W25_Int": -1.75292041247,
    "HtoTT_M400_W25_Res": 0.125016534253,

    "HtoTT_M500_W2p5_Int": -1.12791238289,
    "HtoTT_M500_W2p5_Res": 1.81974631125,
    "HtoTT_M500_W5_Int": -1.12387994428,
    "HtoTT_M500_W5_Res": 0.876017284545,
    "HtoTT_M500_W10_Int": -1.10786552423,
    "HtoTT_M500_W10_Res": 0.407490888201,
    "HtoTT_M500_W25_Int": -1.01327878433,
    "HtoTT_M500_W25_Res": 0.134936598658,

    "HtoTT_M600_W2p5_Int": -0.32151911407,
    "HtoTT_M600_W2p5_Res": 1.20150018051,
    "HtoTT_M600_W5_Int": -0.346230631028,
    "HtoTT_M600_W5_Res": 0.583014951414,
    "HtoTT_M600_W10_Int": -0.38652549824,
    "HtoTT_M600_W10_Res": 0.274615737838,
    "HtoTT_M600_W25_Int": -0.45020956506,
    "HtoTT_M600_W25_Res": 0.0922666850503,

    "HtoTT_M750_W2p5_Int": 0.0679819073883,
    "HtoTT_M750_W2p5_Res": 0.508797264189,
    "HtoTT_M750_W5_Int": 0.044848815311,
    "HtoTT_M750_W5_Res": 0.250478242589,
    "HtoTT_M750_W10_Int": 0.00380116862706,
    "HtoTT_M750_W10_Res": 0.121049792452,
    "HtoTT_M750_W25_Int": -0.0909981497789,
    "HtoTT_M750_W25_Res": 0.0430285766066
}
