{
    "ttJetsDiLep": 88.51930731288,
    "ttJetsDiLep_CR1": 88.51930731288,
    "ttJetsDiLep_CR2": 88.51930731288,
    "ttJetsDiLep_erdON": 88.51930731288,
    "ttJetsDiLep_ueDOWN": 88.51930731288,
    "ttJetsDiLep_ueUP": 88.51930731288,
    "ttJetsDiLep_hdampDOWN": 88.51930731288,
    "ttJetsDiLep_hdampUP": 88.51930731288,
    "ttJetsDiLep_mtop1665": 104.698769,
    "ttJetsDiLep_mtop1695": 96.130798866,
    "ttJetsDiLep_mtop1715": 90.974774403,
    "ttJetsDiLep_mtop1735": 86.14185726816,
    "ttJetsDiLep_mtop1755": 81.60965073144,
    "ttJetsDiLep_mtop1785": 75.254915,
    "ttJetsHad": 379.06470011287996,
    "ttJetsHad_CR1": 379.06470011287996,
    "ttJetsHad_CR2": 379.06470011287996,
    "ttJetsHad_erdON": 379.06470011287996,
    "ttJetsHad_ueDOWN": 379.06470011287996,
    "ttJetsHad_ueUP": 379.06470011287996,
    "ttJetsHad_hdampDOWN": 379.06470011287996,
    "ttJetsHad_hdampUP": 379.06470011287996,
    "ttJetsHad_mtop1665": 455.688927,
    "ttJetsHad_mtop1695": 411.659258866,
    "ttJetsHad_mtop1715": 389.579704403,
    "ttJetsHad_mtop1735": 368.88378686816,
    "ttJetsHad_mtop1755": 349.47559713144,
    "ttJetsHad_mtop1785": 327.538060,
    "ttJetsSL": 366.35799257424,
    "ttJetsSL_CR1": 366.35799257424,
    "ttJetsSL_CR2": 366.35799257424,
    "ttJetsSL_erdON": 366.35799257424,
    "ttJetsSL_ueDOWN": 366.35799257424,
    "ttJetsSL_ueUP": 366.35799257424,
    "ttJetsSL_hdampDOWN": 366.35799257424,
    "ttJetsSL_hdampUP": 366.35799257424,
    "ttJetsSL_mtop1665": 436.743436,
    "ttJetsSL_mtop1695": 397.859942268,
    "ttJetsSL_mtop1715": 376.520521194,
    "ttJetsSL_mtop1735": 356.51835586368,
    "ttJetsSL_mtop1755": 337.76075213712,
    "ttJetsSL_mtop1785": 313.920504,
    "ttWlnu": 0.2149,
    "ttWqq": 0.4316,
    "ttZll": 0.2432,
    "ttZnunu": 0.2432,
    "ttZqq": 0.5104,
    "singlet_schannel": 3.45,
    "singletbar_tchannel": 80.95,
    "singlet_tchannel": 136.02,
    "singlet_tW_Incl": 35.85,
    "singlet_tW": 19.466,
    "singletbar_tW_Incl": 35.85,
    "singletbar_tW": 19.466,
    "ZJets": 6077.22,
    "ZJets_Madgraph": 6077.22,
    "WJets": 61526.7,
    "WJets_HT_70to100": 1443.6560,
    "WJets_HT_100to200": 1434.5189,
    "WJets_HT_200to400": 383.1856,
    "WJets_HT_400to600": 51.6815,
    "WJets_HT_600to800": 12.5292,
    "WJets_HT_800to1200": 5.6341,
    "WJets_HT_1200to2500": 1.3249,
    "WJets_HT_2500toInf": 0.0093,
    "WZ": 27.6,
    "WW": 118.7,
    "ZZ": 12.14,
    "QCD_Mu_15to20": 2799000.0,
    "QCD_Mu_20to30": 2526000.0,
    "QCD_Mu_30to50": 1362000.0,
    "QCD_Mu_50to80": 376600.0,
    "QCD_Mu_80to120": 88930.0,
    "QCD_Mu_120to170": 21230.0,
    "QCD_Mu_170to300": 7055.0,
    "QCD_Mu_300to470": 619.3,
    "QCD_Mu_470to600": 59.24,
    "QCD_Mu_600to800": 18.21,
    "QCD_Mu_800to1000": 3.275,
    "QCD_Mu_1000toInf": 1.078,
    "QCD_EM_15to20": 1327000.0,
    "QCD_EM_20to30": 4908000.0,
    "QCD_EM_30to50": 6396000.0,
    "QCD_EM_50to80": 1989000.0,
    "QCD_EM_80to120": 366500.0,
    "QCD_EM_120to170": 66490.0,
    "QCD_EM_170to300": 16480.0,
    "QCD_EM_300toInf": 1099.0
}
