{
    "nEvents": 133418,
    "sumGenWeights": -44833.416728675365,
    "sumSquaredGenWeights": 15065.964346900582,
    "sumLHEpdfWeights": [
        -44833.0625,
        -44760.30859375,
        -44735.96484375,
        -44832.95703125,
        -44938.52734375,
        -44679.72265625,
        -44943.53125,
        -44730.265625,
        -44748.78125,
        -44821.95703125,
        -44782.59375,
        -44971.63671875,
        -44864.8828125,
        -44934.015625,
        -44992.2265625,
        -44947.22265625,
        -44974.19921875,
        -44990.90625,
        -44652.13671875,
        -44647.8125,
        -44833.2109375,
        -44705.046875,
        -44800.79296875,
        -44909.15625,
        -44638.02734375,
        -44839.21484375,
        -44780.88671875,
        -44820.47265625,
        -44782.17578125,
        -44631.9609375,
        -44824.1015625,
        -44638.484375,
        -44826.90234375,
        -44775.90234375,
        -44682.47265625,
        -44874.35546875,
        -44941.4375,
        -44740.734375,
        -44822.0546875,
        -44816.6171875,
        -44775.8046875,
        -44755.15625,
        -44898.71875,
        -44819.15625,
        -44850.875,
        -44810.3671875,
        -44739.7421875,
        -44856.0546875,
        -44835.8046875,
        -44772.7421875,
        -44803.23828125,
        -44821.4921875,
        -44899.3984375,
        -44836.65625,
        -44811.7265625,
        -44751.9453125,
        -44809.2265625,
        -44863.53125,
        -44876.703125,
        -44842.796875,
        -44817.1171875,
        -44822.390625,
        -44874.8359375,
        -44891.453125,
        -44816.81640625,
        -44876.75390625,
        -44802.1328125,
        -44780.3125,
        -44886.0546875,
        -44824.14453125,
        -44881.55859375,
        -44792.16796875,
        -44779.87109375,
        -44830.90625,
        -44792.5625,
        -44829.71484375,
        -44842.375,
        -44861.9453125,
        -44845.7421875,
        -44820.46875,
        -44836.40234375,
        -44814.90625,
        -44836.62109375,
        -44902.19921875,
        -44821.140625,
        -44844.7109375,
        -44829.234375,
        -44841.234375,
        -44816.1015625,
        -44806.74609375,
        -44851.10546875,
        -44845.84375,
        -44867.06640625,
        -44804.9921875,
        -44839.5625,
        -44859.453125,
        -44823.62890625,
        -44854.64453125,
        -44841.18359375,
        -44844.375,
        -44833.0625
    ],
    "sumPSWeights": [
        -44820.8984375,
        -44842.78125,
        -44848.08203125,
        -44943.61328125
    ],
    "sumLHEscaleWeights": [
        -59309.484375,
        -53785.66796875,
        -49014.75390625,
        -49441.9765625,
        -44833.0625,
        -40853.5078125,
        -41876.06640625,
        -37970.203125,
        -34597.48828125
    ]
}