{
    "sumGenWeights": 30795.6260894686,
    "nEvents": 366877,
    "sumLHEpdfWeights": [
        30792.755859375,
        30785.83984375,
        30727.94921875,
        30801.3671875,
        30870.287109375,
        30767.90234375,
        30874.376953125,
        30829.138671875,
        30860.203125,
        30774.64453125,
        30775.76953125,
        30761.77734375,
        30848.51953125,
        30828.265625,
        30867.25390625,
        30851.44140625,
        30820.744140625,
        30823.513671875,
        30759.8828125,
        30772.56640625,
        30766.634765625,
        30767.5625,
        30767.65234375,
        30824.9296875,
        30722.982421875,
        30791.421875,
        30761.72265625,
        30754.98828125,
        30795.603515625,
        30681.515625,
        30790.080078125,
        30683.580078125,
        30796.96484375,
        30754.640625,
        30722.19140625,
        30810.88671875,
        30861.287109375,
        30763.841796875,
        30787.0234375,
        30788.19140625,
        30767.759765625,
        30771.41796875,
        30826.029296875,
        30780.96484375,
        30810.171875,
        30790.947265625,
        30766.828125,
        30799.134765625,
        30790.66796875,
        30765.544921875,
        30780.35546875,
        30787.697265625,
        30828.275390625,
        30793.529296875,
        30787.275390625,
        30773.662109375,
        30782.6953125,
        30809.126953125,
        30809.95703125,
        30799.779296875,
        30789.12890625,
        30789.92578125,
        30820.4609375,
        30814.296875,
        30793.5078125,
        30820.259765625,
        30786.779296875,
        30781.708984375,
        30814.359375,
        30792.2109375,
        30810.751953125,
        30782.65234375,
        30777.375,
        30796.80078125,
        30782.376953125,
        30791.958984375,
        30795.69140625,
        30813.48046875,
        30798.451171875,
        30789.490234375,
        30797.275390625,
        30787.33203125,
        30797.48828125,
        30821.08984375,
        30791.947265625,
        30796.912109375,
        30791.16796875,
        30798.720703125,
        30788.2734375,
        30786.326171875,
        30802.33984375,
        30797.361328125,
        30807.8515625,
        30784.765625,
        30794.70703125,
        30804.0859375,
        30790.46875,
        30801.859375,
        30795.54296875,
        30799.703125,
        30792.755859375
    ],
    "sumPSWeights": [
        30800.59765625,
        30802.703125,
        30787.08984375,
        30761.873046875
    ],
    "sumLHEscaleWeights": [
        39485.71875,
        37606.484375,
        35740.1328125,
        32339.841796875,
        30792.755859375,
        29263.58203125,
        26997.02734375,
        25704.451171875,
        24422.87109375
    ]
}