{
    "sumGenWeights": -44833.416728675365,
    "nEvents": 133418,
    "sumLHEpdfWeights": [
        133418.0,
        133202.453125,
        133118.296875,
        133417.609375,
        133736.796875,
        132958.203125,
        133752.65625,
        133108.140625,
        133164.9375,
        133385.328125,
        133271.453125,
        133829.90625,
        133511.015625,
        133714.59375,
        133893.9375,
        133758.3125,
        133841.890625,
        133889.09375,
        132881.890625,
        132866.125,
        133416.390625,
        133038.203125,
        133318.9375,
        133645.0,
        132834.78125,
        133435.4375,
        133261.03125,
        133380.359375,
        133264.125,
        132819.171875,
        133394.84375,
        132839.78125,
        133392.671875,
        133233.875,
        132968.921875,
        133539.421875,
        133736.21875,
        133146.65625,
        133377.125,
        133370.296875,
        133239.59375,
        133184.3125,
        133620.265625,
        133375.671875,
        133470.28125,
        133352.96875,
        133140.09375,
        133480.734375,
        133437.59375,
        133233.4375,
        133328.078125,
        133392.8125,
        133618.1875,
        133433.671875,
        133369.71875,
        133180.609375,
        133347.90625,
        133481.34375,
        133543.109375,
        133452.09375,
        133376.890625,
        133398.59375,
        133539.03125,
        133572.171875,
        133367.6875,
        133551.859375,
        133332.375,
        133262.765625,
        133567.03125,
        133399.25,
        133550.21875,
        133305.140625,
        133268.15625,
        133393.125,
        133308.5625,
        133423.375,
        133452.84375,
        133498.96875,
        133435.453125,
        133395.46875,
        133423.0625,
        133372.296875,
        133416.890625,
        133619.125,
        133389.8125,
        133441.65625,
        133415.6875,
        133430.765625,
        133376.46875,
        133352.828125,
        133450.375,
        133450.015625,
        133508.421875,
        133345.109375,
        133427.09375,
        133477.46875,
        133405.0625,
        133462.953125,
        133441.578125,
        133437.03125,
        133418.0
    ]
}