{
    "nEvents": 497000,
    "sumGenWeights": 34005.56769967079,
    "sumSquaredGenWeights": 2326.759577728808,
    "sumLHEpdfWeights": [
        34000.49609375,
        33943.54296875,
        33931.921875,
        34005.14453125,
        34086.82421875,
        33880.23046875,
        34091.03515625,
        33913.49609375,
        33924.6171875,
        33996.125,
        33966.27734375,
        34130.078125,
        34024.9765625,
        34087.55078125,
        34133.98046875,
        34096.546875,
        34123.640625,
        34136.16015625,
        33860.65625,
        33850.984375,
        34009.90625,
        33900.97265625,
        33979.15625,
        34067.76953125,
        33849.37109375,
        34010.5703125,
        33966.9453125,
        34001.84765625,
        33958.90234375,
        33850.48828125,
        33995.5390625,
        33859.234375,
        34000.09765625,
        33965.0390625,
        33888.70703125,
        34036.9453125,
        34090.30078125,
        33927.2109375,
        33999.69921875,
        33988.5546875,
        33960.66796875,
        33943.3046875,
        34056.671875,
        33990.1328125,
        34011.83984375,
        33981.1875,
        33926.44140625,
        34021.53125,
        34004.84375,
        33958.8671875,
        33983.38671875,
        33995.0703125,
        34057.66796875,
        34004.12109375,
        33982.10546875,
        33934.3984375,
        33987.875,
        34025.37890625,
        34037.7421875,
        34007.94140625,
        33988.4453125,
        33993.8984375,
        34034.9453125,
        34051.38671875,
        33986.43359375,
        34034.5546875,
        33978.74609375,
        33957.19140625,
        34044.09765625,
        33992.26171875,
        34043.75390625,
        33967.578125,
        33956.2109375,
        33997.35546875,
        33970.4296875,
        33997.0703125,
        34008.43359375,
        34020.76171875,
        34010.5546875,
        33990.31640625,
        34004.125,
        33986.109375,
        34003.23828125,
        34058.875,
        33989.88671875,
        34010.125,
        33996.60546875,
        34007.5234375,
        33985.69140625,
        33979.41015625,
        34015.1171875,
        34011.703125,
        34027.125,
        33978.546875,
        34006.71875,
        34021.390625,
        33991.72265625,
        34018.88671875,
        34007.09375,
        34010.4765625,
        34000.49609375
    ],
    "sumPSWeights": [
        33995.8828125,
        33987.1953125,
        34019.7890625,
        34038.63671875
    ],
    "sumLHEscaleWeights": [
        45133.5625,
        40723.4453125,
        36941.56640625,
        37689.9765625,
        34000.49609375,
        30848.59375,
        31970.1875,
        28843.130859375,
        26164.818359375
    ]
}