{
    "sumGenWeights": -44833.416728675365,
    "nEvents": 133418,
    "sumLHEpdfWeights": [
        -44833.0625,
        -44760.3125,
        -44735.96875,
        -44832.953125,
        -44938.52734375,
        -44679.72265625,
        -44943.52734375,
        -44730.2578125,
        -44748.78125,
        -44821.95703125,
        -44782.59375,
        -44971.640625,
        -44864.8828125,
        -44934.015625,
        -44992.2265625,
        -44947.21875,
        -44974.203125,
        -44990.90625,
        -44652.13671875,
        -44647.8046875,
        -44833.21875,
        -44705.046875,
        -44800.796875,
        -44909.15625,
        -44638.03125,
        -44839.2109375,
        -44780.88671875,
        -44820.46875,
        -44782.1796875,
        -44631.9609375,
        -44824.1015625,
        -44638.48046875,
        -44826.90625,
        -44775.90625,
        -44682.46875,
        -44874.359375,
        -44941.44140625,
        -44740.734375,
        -44822.0546875,
        -44816.6171875,
        -44775.8046875,
        -44755.16015625,
        -44898.71484375,
        -44819.16015625,
        -44850.875,
        -44810.3671875,
        -44739.7421875,
        -44856.046875,
        -44835.8046875,
        -44772.7421875,
        -44803.2421875,
        -44821.4921875,
        -44899.3984375,
        -44836.65625,
        -44811.7265625,
        -44751.9453125,
        -44809.2265625,
        -44863.53515625,
        -44876.703125,
        -44842.796875,
        -44817.1171875,
        -44822.390625,
        -44874.8359375,
        -44891.453125,
        -44816.8125,
        -44876.75390625,
        -44802.1328125,
        -44780.3125,
        -44886.0546875,
        -44824.1484375,
        -44881.55859375,
        -44792.1640625,
        -44779.8671875,
        -44830.90625,
        -44792.5625,
        -44829.71484375,
        -44842.375,
        -44861.9453125,
        -44845.7421875,
        -44820.46484375,
        -44836.40625,
        -44814.90625,
        -44836.6171875,
        -44902.1953125,
        -44821.140625,
        -44844.7109375,
        -44829.234375,
        -44841.234375,
        -44816.10546875,
        -44806.74609375,
        -44851.10546875,
        -44845.84375,
        -44867.06640625,
        -44804.9921875,
        -44839.5625,
        -44859.453125,
        -44823.62890625,
        -44854.6484375,
        -44841.1875,
        -44844.37890625,
        -44833.0625
    ],
    "sumPSWeights": [
        -44820.8984375,
        -44842.78125,
        -44848.08203125,
        -44943.6171875
    ],
    "sumLHEscaleWeights": [
        -59309.48828125,
        -53785.671875,
        -49014.75,
        -49441.9765625,
        -44833.0625,
        -40853.5078125,
        -41876.06640625,
        -37970.203125,
        -34597.48828125
    ]
}