{
    "sumGenWeights": 123184.29756313562,
    "nEvents": 366582,
    "sumLHEpdfWeights": [
        123185.2890625,
        123146.125,
        122903.390625,
        123209.375,
        123487.71875,
        123074.2890625,
        123502.6328125,
        123319.015625,
        123443.2890625,
        123102.015625,
        123110.1484375,
        123051.6171875,
        123394.078125,
        123318.9375,
        123468.4375,
        123410.421875,
        123290.953125,
        123300.03125,
        123040.0234375,
        123092.34375,
        123067.7421875,
        123071.453125,
        123073.40625,
        123302.515625,
        122896.09375,
        123174.7109375,
        123047.4765625,
        123023.625,
        123184.65625,
        122729.28125,
        123169.1015625,
        122736.078125,
        123191.5390625,
        123013.515625,
        122881.875,
        123248.6875,
        123451.1328125,
        123059.796875,
        123152.703125,
        123161.9140625,
        123077.1640625,
        123092.6875,
        123309.90625,
        123131.8125,
        123247.5390625,
        123171.9375,
        123076.2578125,
        123207.3515625,
        123170.6015625,
        123071.9765625,
        123133.109375,
        123162.828125,
        123319.203125,
        123182.25,
        123159.078125,
        123101.328125,
        123138.140625,
        123246.25,
        123247.5703125,
        123207.125,
        123164.3828125,
        123169.5,
        123285.984375,
        123269.1171875,
        123182.515625,
        123290.1640625,
        123156.640625,
        123137.4921875,
        123267.640625,
        123177.9765625,
        123250.109375,
        123141.046875,
        123120.84375,
        123200.859375,
        123134.484375,
        123172.640625,
        123192.3125,
        123260.515625,
        123205.6328125,
        123163.6171875,
        123197.3828125,
        123155.5625,
        123200.171875,
        123292.0,
        123177.4296875,
        123199.59375,
        123171.703125,
        123203.390625,
        123165.5859375,
        123155.3671875,
        123217.96875,
        123202.015625,
        123242.4921875,
        123145.578125,
        123190.0078125,
        123226.6015625,
        123170.859375,
        123217.046875,
        123195.1875,
        123208.9765625,
        123185.2890625
    ],
    "sumPSWeights": [
        123199.171875,
        123147.3515625,
        123163.953125,
        123326.9453125
    ],
    "sumLHEscaleWeights": [
        157956.34375,
        150421.078125,
        142944.609375,
        129375.78125,
        123185.2890625,
        117045.515625,
        108004.9375,
        102822.1953125,
        97687.8515625
    ]
}