{
    "nEvents": 366877,
    "sumGenWeights": 30795.6260894686,
    "sumSquaredGenWeights": 2585.055270987563,
    "sumLHEpdfWeights": [
        30792.755859375,
        30785.841796875,
        30727.947265625,
        30801.3671875,
        30870.287109375,
        30767.90234375,
        30874.376953125,
        30829.13671875,
        30860.203125,
        30774.64453125,
        30775.76953125,
        30761.77734375,
        30848.51953125,
        30828.265625,
        30867.25390625,
        30851.44140625,
        30820.744140625,
        30823.513671875,
        30759.880859375,
        30772.56640625,
        30766.634765625,
        30767.5625,
        30767.65234375,
        30824.9296875,
        30722.982421875,
        30791.423828125,
        30761.72265625,
        30754.984375,
        30795.6015625,
        30681.515625,
        30790.078125,
        30683.58203125,
        30796.96484375,
        30754.640625,
        30722.19140625,
        30810.88671875,
        30861.287109375,
        30763.841796875,
        30787.0234375,
        30788.19140625,
        30767.7578125,
        30771.41796875,
        30826.03125,
        30780.966796875,
        30810.16796875,
        30790.947265625,
        30766.830078125,
        30799.1328125,
        30790.66796875,
        30765.544921875,
        30780.35546875,
        30787.697265625,
        30828.275390625,
        30793.529296875,
        30787.2734375,
        30773.66015625,
        30782.6953125,
        30809.126953125,
        30809.95703125,
        30799.77734375,
        30789.130859375,
        30789.92578125,
        30820.4609375,
        30814.30078125,
        30793.5078125,
        30820.259765625,
        30786.779296875,
        30781.7109375,
        30814.361328125,
        30792.208984375,
        30810.751953125,
        30782.65234375,
        30777.376953125,
        30796.802734375,
        30782.376953125,
        30791.958984375,
        30795.69140625,
        30813.48046875,
        30798.451171875,
        30789.4921875,
        30797.27734375,
        30787.33203125,
        30797.48828125,
        30821.08984375,
        30791.9453125,
        30796.912109375,
        30791.166015625,
        30798.720703125,
        30788.2734375,
        30786.32421875,
        30802.33984375,
        30797.361328125,
        30807.8515625,
        30784.765625,
        30794.705078125,
        30804.0859375,
        30790.470703125,
        30801.859375,
        30795.54296875,
        30799.703125,
        30792.755859375
    ],
    "sumPSWeights": [
        30800.595703125,
        30802.703125,
        30787.08984375,
        30761.875
    ],
    "sumLHEscaleWeights": [
        39485.71484375,
        37606.484375,
        35740.12890625,
        32339.84375,
        30792.755859375,
        29263.58203125,
        26997.02734375,
        25704.44921875,
        24422.87109375
    ]
}