{
    "sumGenWeights": 2657277.944087982,
    "nEvents": 488000,
    "sumLHEpdfWeights": [
        488000.0,
        487919.0,
        487228.4375,
        488138.6875,
        489096.125,
        487691.40625,
        489042.96875,
        488603.96875,
        489526.53125,
        487841.875,
        487948.84375,
        486943.8125,
        488617.5625,
        488130.75,
        488741.78125,
        488578.125,
        488102.375,
        488108.1875,
        487835.78125,
        488032.875,
        487583.84375,
        487844.09375,
        487601.875,
        488248.75,
        487174.125,
        488002.75,
        487767.9375,
        487510.78125,
        487798.65625,
        486475.125,
        487856.0625,
        486416.03125,
        488012.96875,
        487712.125,
        487270.65625,
        488139.09375,
        488746.34375,
        487702.5,
        488085.0,
        487973.375,
        487862.625,
        487836.28125,
        488175.4375,
        487907.0625,
        487976.875,
        487939.03125,
        487690.0,
        488048.0625,
        488041.25,
        487834.125,
        487967.25,
        487999.3125,
        488166.78125,
        488021.15625,
        487959.25,
        487753.375,
        487986.3125,
        488062.96875,
        488065.84375,
        488033.78125,
        487979.625,
        488015.0,
        488103.25,
        488158.90625,
        487954.96875,
        488067.625,
        487976.3125,
        487840.84375,
        488130.6875,
        487985.1875,
        488133.9375,
        487906.875,
        487844.0,
        487958.0,
        487928.0,
        488012.96875,
        488042.09375,
        488062.03125,
        487997.875,
        487991.96875,
        488013.65625,
        487965.46875,
        487993.25,
        488176.03125,
        487981.0,
        488006.0,
        488001.34375,
        488009.28125,
        487966.375,
        487961.625,
        488014.21875,
        488022.28125,
        488049.1875,
        487954.9375,
        488005.0,
        488031.125,
        487995.90625,
        488024.75,
        488018.46875,
        488013.25,
        488000.0
    ]
}