{
    "nEvents": 485000,
    "sumGenWeights": 659806.4975738525,
    "sumSquaredGenWeights": 897637.3859643936,
    "sumLHEpdfWeights": [
        659802.6875,
        659795.5,
        658372.9375,
        660040.3125,
        661396.5,
        659557.0,
        661486.125,
        661041.25,
        661767.0,
        659358.75,
        659493.875,
        658492.1875,
        661046.4375,
        660248.3125,
        661068.3125,
        660817.875,
        659975.375,
        659998.25,
        659522.625,
        659804.9375,
        659066.875,
        659549.6875,
        659190.875,
        660295.9375,
        658564.8125,
        659727.0,
        659164.5625,
        658793.125,
        659909.25,
        657472.375,
        659686.625,
        657463.375,
        659874.75,
        659006.8125,
        658403.375,
        660064.875,
        661096.3125,
        659289.125,
        659676.75,
        659715.25,
        659332.0,
        659450.125,
        660350.1875,
        659519.125,
        660146.5,
        659754.8125,
        659383.5625,
        659847.75,
        659683.125,
        659299.625,
        659548.5,
        659674.6875,
        660431.75,
        659739.6875,
        659668.0625,
        659476.1875,
        659575.75,
        660036.0625,
        660052.8125,
        659900.1875,
        659714.875,
        659714.0,
        660316.0625,
        660120.625,
        659814.0625,
        660337.8125,
        659705.0625,
        659606.5,
        660139.375,
        659786.4375,
        660081.875,
        659638.875,
        659537.375,
        659855.625,
        659569.5625,
        659704.8125,
        659795.625,
        660184.1875,
        659888.75,
        659665.0,
        659865.75,
        659643.4375,
        659890.25,
        660225.6875,
        659789.5625,
        659856.875,
        659712.6875,
        659898.75,
        659693.125,
        659658.625,
        659929.8125,
        659869.25,
        660025.875,
        659612.625,
        659812.0,
        659969.75,
        659705.4375,
        659932.1875,
        659829.625,
        659917.375,
        659802.6875
    ],
    "sumPSWeights": [
        659779.25,
        660088.1875,
        659869.5,
        660066.0
    ],
    "sumLHEscaleWeights": [
        838908.4375,
        809386.1875,
        777765.0,
        683709.625,
        659802.6875,
        633888.125,
        568462.0625,
        548606.4375,
        527050.5
    ]
}