{
    "sumGenWeights": -11174.8595828861,
    "nEvents": 133123,
    "sumLHEpdfWeights": [
        133123.0,
        132909.9375,
        132818.53125,
        133124.40625,
        133443.78125,
        132659.53125,
        133464.078125,
        132813.0,
        132867.890625,
        133091.609375,
        132983.078125,
        133535.375,
        133213.984375,
        133415.03125,
        133607.375,
        133460.625,
        133551.53125,
        133594.390625,
        132590.59375,
        132574.953125,
        133120.734375,
        132745.5625,
        133020.25,
        133351.546875,
        132538.40625,
        133142.234375,
        132964.875,
        133085.421875,
        132967.515625,
        132519.546875,
        133103.828125,
        132544.5625,
        133092.46875,
        132934.0625,
        132673.015625,
        133244.3125,
        133432.4375,
        132851.953125,
        133082.859375,
        133082.28125,
        132944.28125,
        132883.09375,
        133324.984375,
        133083.59375,
        133175.453125,
        133057.421875,
        132846.40625,
        133185.03125,
        133147.875,
        132930.453125,
        133036.359375,
        133104.65625,
        133326.296875,
        133139.28125,
        133076.765625,
        132884.84375,
        133056.78125,
        133183.15625,
        133240.046875,
        133157.953125,
        133082.140625,
        133113.78125,
        133243.21875,
        133276.09375,
        133070.609375,
        133271.46875,
        133049.6875,
        132967.53125,
        133268.375,
        133105.234375,
        133253.5,
        133012.03125,
        132973.671875,
        133095.65625,
        133018.546875,
        133130.296875,
        133160.46875,
        133187.75,
        133136.8125,
        133104.453125,
        133128.3125,
        133077.84375,
        133120.96875,
        133317.4375,
        133095.9375,
        133145.015625,
        133122.53125,
        133134.390625,
        133083.359375,
        133062.46875,
        133149.671875,
        133154.75,
        133205.71875,
        133053.828125,
        133131.046875,
        133177.15625,
        133112.609375,
        133163.640625,
        133146.40625,
        133140.21875,
        133123.0
    ]
}