{
    "nEvents": 141013,
    "sumGenWeights": 1254830.7905187607,
    "sumSquaredGenWeights": 11166564.534057617,
    "sumLHEpdfWeights": [
        1254851.75,
        1254886.75,
        1252136.375,
        1255341.875,
        1257884.75,
        1254535.25,
        1258011.5,
        1257527.75,
        1258822.125,
        1253878.0,
        1254284.25,
        1252068.25,
        1257303.25,
        1255572.5,
        1257054.125,
        1256733.75,
        1254890.375,
        1254934.875,
        1254516.0,
        1255007.875,
        1253444.25,
        1254509.0,
        1253662.0,
        1255715.0,
        1252602.125,
        1254608.625,
        1253445.25,
        1252879.0,
        1255117.75,
        1250569.375,
        1254575.875,
        1250504.0,
        1254940.25,
        1253128.625,
        1252205.75,
        1255355.0,
        1257383.0,
        1253959.25,
        1254496.0,
        1254675.75,
        1253885.625,
        1254183.5,
        1255971.75,
        1254251.625,
        1255458.0,
        1254813.0,
        1254119.0,
        1254872.0,
        1254571.875,
        1253726.75,
        1254266.125,
        1254535.0,
        1255989.125,
        1254680.75,
        1254619.125,
        1254327.75,
        1254331.25,
        1255349.875,
        1255272.0,
        1255042.25,
        1254669.5,
        1254638.625,
        1255736.125,
        1255402.0,
        1254909.875,
        1255803.625,
        1254659.375,
        1254569.5,
        1255504.0,
        1254823.625,
        1255289.5,
        1254561.0,
        1254395.5,
        1255006.25,
        1254394.75,
        1254606.0,
        1254798.625,
        1255516.125,
        1255009.625,
        1254551.0,
        1254950.125,
        1254541.0,
        1255000.0,
        1255658.75,
        1254831.875,
        1254941.875,
        1254626.25,
        1255000.75,
        1254669.625,
        1254590.5,
        1255076.25,
        1254960.125,
        1255271.375,
        1254456.5,
        1254850.0,
        1255161.0,
        1254671.625,
        1255078.375,
        1254887.875,
        1255040.25,
        1254851.75
    ],
    "sumPSWeights": [
        1254766.0,
        1255468.25,
        1254908.25,
        1252156.625
    ],
    "sumLHEscaleWeights": [
        1590213.0,
        1542378.75,
        1488122.875,
        1293762.25,
        1254851.75,
        1210667.75,
        1074112.375,
        1041773.0625,
        1005102.875
    ]
}