{
    "sumGenWeights": 1254830.7905187607,
    "nEvents": 141013,
    "sumLHEpdfWeights": [
        141013.0,
        141024.953125,
        140724.984375,
        141063.421875,
        141338.09375,
        140981.8125,
        141345.53125,
        141323.90625,
        141454.9375,
        140887.78125,
        140973.21875,
        140706.140625,
        141295.25,
        141096.875,
        141263.5,
        141231.625,
        141024.484375,
        141025.1875,
        140977.875,
        141030.578125,
        140856.046875,
        140971.6875,
        140884.40625,
        141112.40625,
        140767.8125,
        141002.6875,
        140855.359375,
        140790.234375,
        141054.3125,
        140519.296875,
        140992.71875,
        140512.15625,
        141001.296875,
        140797.625,
        140703.875,
        141069.859375,
        141295.625,
        140925.1875,
        140988.984375,
        140996.109375,
        140922.703125,
        140941.515625,
        141132.375,
        140965.8125,
        141060.859375,
        141003.59375,
        140924.125,
        141026.640625,
        141008.265625,
        140910.140625,
        140967.015625,
        140987.96875,
        141127.703125,
        141011.46875,
        140999.375,
        140943.828125,
        140981.890625,
        141040.234375,
        141045.921875,
        141032.359375,
        140996.984375,
        141009.640625,
        141099.234375,
        141056.125,
        141001.96875,
        141096.796875,
        140998.34375,
        140968.125,
        141069.8125,
        141007.171875,
        141050.890625,
        140981.53125,
        140967.875,
        141010.8125,
        140982.25,
        141009.984375,
        141022.59375,
        141072.15625,
        141017.609375,
        141004.5625,
        141014.984375,
        140994.828125,
        141015.078125,
        141082.359375,
        141006.09375,
        141021.40625,
        141009.375,
        141016.578125,
        141002.40625,
        140997.6875,
        141021.296875,
        141022.984375,
        141040.046875,
        140990.3125,
        141013.65625,
        141030.796875,
        141009.15625,
        141024.921875,
        141019.21875,
        141019.1875,
        141013.0
    ]
}