{
    "sumGenWeights": 34005.56769967079,
    "nEvents": 497000,
    "sumLHEpdfWeights": [
        34000.4921875,
        33943.54296875,
        33931.921875,
        34005.1484375,
        34086.8203125,
        33880.2265625,
        34091.03515625,
        33913.5,
        33924.61328125,
        33996.125,
        33966.27734375,
        34130.078125,
        34024.9765625,
        34087.55078125,
        34133.9765625,
        34096.54296875,
        34123.640625,
        34136.16015625,
        33860.66015625,
        33850.98828125,
        34009.90625,
        33900.96875,
        33979.15625,
        34067.76953125,
        33849.37109375,
        34010.57421875,
        33966.94140625,
        34001.84765625,
        33958.90625,
        33850.484375,
        33995.54296875,
        33859.234375,
        34000.09765625,
        33965.0390625,
        33888.70703125,
        34036.9453125,
        34090.296875,
        33927.20703125,
        33999.69921875,
        33988.5546875,
        33960.66796875,
        33943.30859375,
        34056.671875,
        33990.12890625,
        34011.83984375,
        33981.18359375,
        33926.44140625,
        34021.53125,
        34004.84375,
        33958.8671875,
        33983.38671875,
        33995.0703125,
        34057.66796875,
        34004.12109375,
        33982.10546875,
        33934.39453125,
        33987.875,
        34025.37890625,
        34037.7421875,
        34007.9375,
        33988.4453125,
        33993.8984375,
        34034.9453125,
        34051.3828125,
        33986.43359375,
        34034.5546875,
        33978.75,
        33957.19140625,
        34044.09375,
        33992.26171875,
        34043.75390625,
        33967.578125,
        33956.2109375,
        33997.35546875,
        33970.4296875,
        33997.0703125,
        34008.4375,
        34020.76171875,
        34010.55859375,
        33990.31640625,
        34004.12109375,
        33986.109375,
        34003.23828125,
        34058.875,
        33989.88671875,
        34010.12109375,
        33996.60546875,
        34007.5234375,
        33985.6875,
        33979.41015625,
        34015.11328125,
        34011.703125,
        34027.125,
        33978.54296875,
        34006.72265625,
        34021.390625,
        33991.7265625,
        34018.88671875,
        34007.09375,
        34010.4765625,
        34000.4921875
    ],
    "sumPSWeights": [
        33995.8828125,
        33987.19921875,
        34019.7890625,
        34038.640625
    ],
    "sumLHEscaleWeights": [
        45133.5625,
        40723.4453125,
        36941.56640625,
        37689.9765625,
        34000.4921875,
        30848.59375,
        31970.1875,
        28843.130859375,
        26164.818359375
    ]
}