{
    "nEvents": 316987,
    "sumGenWeights": -2820792.653084755,
    "sumSquaredGenWeights": 25102058.47467041,
    "sumLHEpdfWeights": [
        -2820852.0,
        -2820490.0,
        -2814763.5,
        -2821426.5,
        -2827534.25,
        -2819467.5,
        -2827831.75,
        -2825409.0,
        -2828674.5,
        -2818678.75,
        -2819035.0,
        -2815627.75,
        -2825988.0,
        -2823006.5,
        -2826700.0,
        -2825354.5,
        -2821875.5,
        -2821913.0,
        -2819016.25,
        -2820309.75,
        -2817695.5,
        -2819150.75,
        -2818099.75,
        -2823073.5,
        -2815073.0,
        -2820191.5,
        -2817911.0,
        -2816763.25,
        -2821188.5,
        -2810693.25,
        -2820158.0,
        -2810835.25,
        -2821096.25,
        -2817237.25,
        -2814601.5,
        -2822075.25,
        -2826390.5,
        -2818224.75,
        -2819917.0,
        -2820023.25,
        -2818281.5,
        -2819056.0,
        -2823208.0,
        -2819112.5,
        -2822141.75,
        -2820572.75,
        -2818573.0,
        -2820947.25,
        -2820047.25,
        -2818168.75,
        -2819332.0,
        -2820094.5,
        -2823520.0,
        -2820505.75,
        -2820123.0,
        -2819126.25,
        -2819467.25,
        -2821958.25,
        -2821900.5,
        -2821087.25,
        -2820407.75,
        -2820125.75,
        -2823049.0,
        -2822086.0,
        -2820651.0,
        -2822927.25,
        -2820127.0,
        -2819716.0,
        -2822078.25,
        -2820664.5,
        -2821965.0,
        -2819900.5,
        -2819485.5,
        -2820720.25,
        -2819644.5,
        -2820290.0,
        -2820660.5,
        -2822561.25,
        -2820965.5,
        -2820032.75,
        -2820974.75,
        -2820067.0,
        -2820895.0,
        -2822793.0,
        -2820617.75,
        -2820943.25,
        -2820287.25,
        -2821027.75,
        -2820269.0,
        -2820035.0,
        -2821233.5,
        -2821075.0,
        -2821698.0,
        -2819756.25,
        -2820850.75,
        -2821372.5,
        -2820262.75,
        -2821241.25,
        -2820867.75,
        -2821070.5,
        -2820852.0
    ],
    "sumPSWeights": [
        -2820004.25,
        -2821396.75,
        -2821485.5,
        -2819288.0
    ],
    "sumLHEscaleWeights": [
        -3596079.75,
        -3455534.0,
        -3308149.0,
        -2935495.0,
        -2820852.0,
        -2700388.5,
        -2443764.75,
        -2348187.25,
        -2247974.0
    ]
}