{
    "sumGenWeights": 8553.248574957252,
    "nEvents": 500000,
    "sumLHEpdfWeights": [
        8554.248046875,
        8537.599609375,
        8534.8388671875,
        8553.4296875,
        8573.4521484375,
        8520.32421875,
        8575.27734375,
        8529.388671875,
        8532.30859375,
        8552.375,
        8543.513671875,
        8583.7138671875,
        8558.154296875,
        8573.201171875,
        8583.728515625,
        8575.59375,
        8582.3212890625,
        8585.7197265625,
        8516.1982421875,
        8514.2421875,
        8554.326171875,
        8526.619140625,
        8547.5498046875,
        8568.076171875,
        8513.564453125,
        8555.3291015625,
        8543.26953125,
        8551.974609375,
        8542.5302734375,
        8513.2392578125,
        8551.75,
        8515.3759765625,
        8552.1787109375,
        8542.41796875,
        8522.4619140625,
        8561.8720703125,
        8574.2705078125,
        8534.224609375,
        8551.64453125,
        8550.5986328125,
        8542.2451171875,
        8537.3994140625,
        8566.650390625,
        8551.625,
        8556.927734375,
        8548.705078125,
        8534.25,
        8558.908203125,
        8554.1943359375,
        8542.1064453125,
        8548.412109375,
        8551.3701171875,
        8567.029296875,
        8554.47265625,
        8548.5849609375,
        8536.2314453125,
        8549.4912109375,
        8560.013671875,
        8562.802734375,
        8555.40625,
        8550.20703125,
        8551.7841796875,
        8561.958984375,
        8566.052734375,
        8550.2314453125,
        8562.314453125,
        8547.630859375,
        8542.3720703125,
        8564.51171875,
        8551.455078125,
        8564.2236328125,
        8544.7255859375,
        8542.158203125,
        8553.6875,
        8545.1494140625,
        8552.2548828125,
        8555.4814453125,
        8559.337890625,
        8556.7978515625,
        8550.7119140625,
        8554.7587890625,
        8549.5859375,
        8555.1015625,
        8567.884765625,
        8550.8623046875,
        8556.7177734375,
        8552.779296875,
        8555.98828125,
        8549.912109375,
        8547.8974609375,
        8557.59765625,
        8556.8369140625,
        8560.802734375,
        8547.5712890625,
        8555.7802734375,
        8559.310546875,
        8551.0771484375,
        8558.4169921875,
        8555.5498046875,
        8556.828125,
        8554.248046875
    ],
    "sumPSWeights": [
        8551.2578125,
        8555.0654296875,
        8555.75390625,
        8553.4541015625
    ],
    "sumLHEscaleWeights": [
        11352.23046875,
        10242.197265625,
        9292.53515625,
        9480.1337890625,
        8554.248046875,
        7759.6142578125,
        8040.8271484375,
        7255.23779296875,
        6581.1416015625
    ]
}