{
    "sumGenWeights": -2820792.653084755,
    "nEvents": 316987,
    "sumLHEpdfWeights": [
        316987.0,
        316917.875,
        316312.65625,
        317082.3125,
        317845.84375,
        316780.59375,
        317841.15625,
        317455.34375,
        317846.3125,
        316851.25,
        316913.15625,
        316429.6875,
        317547.78125,
        317155.375,
        317649.46875,
        317523.15625,
        317073.0,
        317094.375,
        316826.875,
        316936.28125,
        316620.875,
        316842.15625,
        316673.0625,
        317238.65625,
        316412.75,
        316994.375,
        316786.6875,
        316498.0625,
        316900.71875,
        315851.5,
        316920.125,
        315837.84375,
        316993.3125,
        316706.9375,
        316383.15625,
        317094.875,
        317639.625,
        316750.3125,
        317015.875,
        316950.3125,
        316849.5625,
        316837.28125,
        317153.84375,
        316905.75,
        316991.1875,
        316951.96875,
        316761.375,
        317026.84375,
        317012.0625,
        316832.1875,
        316944.5,
        316973.90625,
        317156.34375,
        317003.78125,
        316957.6875,
        316809.875,
        316969.875,
        317041.9375,
        317052.28125,
        317014.90625,
        316972.25,
        316986.6875,
        317095.0,
        317105.65625,
        316957.5,
        317059.6875,
        316963.5625,
        316869.09375,
        317089.1875,
        316977.96875,
        317093.4375,
        316911.71875,
        316869.125,
        316954.5625,
        316931.6875,
        316996.3125,
        317013.5,
        317052.65625,
        316983.96875,
        316979.125,
        317000.15625,
        316961.34375,
        316981.96875,
        317128.0625,
        316972.875,
        316992.75,
        316985.0,
        316996.84375,
        316960.6875,
        316953.25,
        317002.75,
        317006.0,
        317031.8125,
        316944.71875,
        316990.84375,
        317015.0,
        316981.96875,
        317009.15625,
        317002.375,
        316998.4375,
        316987.0
    ]
}