{
    "nEvents": 133123,
    "sumGenWeights": -11174.8595828861,
    "sumSquaredGenWeights": 938.0877327071503,
    "sumLHEpdfWeights": [
        -11174.876953125,
        -11156.65625,
        -11150.4736328125,
        -11174.826171875,
        -11201.21484375,
        -11136.384765625,
        -11202.6259765625,
        -11149.1064453125,
        -11153.6962890625,
        -11171.9521484375,
        -11162.2138671875,
        -11209.357421875,
        -11182.5419921875,
        -11199.8642578125,
        -11214.48828125,
        -11203.30859375,
        -11210.1875,
        -11214.1630859375,
        -11129.8251953125,
        -11128.7529296875,
        -11174.8447265625,
        -11142.802734375,
        -11166.54296875,
        -11193.8544921875,
        -11125.966796875,
        -11176.3798828125,
        -11161.8642578125,
        -11171.5771484375,
        -11162.248046875,
        -11124.353515625,
        -11172.2919921875,
        -11126.37109375,
        -11173.220703125,
        -11160.564453125,
        -11137.2109375,
        -11184.912109375,
        -11201.515625,
        -11151.51171875,
        -11172.19921875,
        -11170.7451171875,
        -11160.546875,
        -11155.35546875,
        -11191.0771484375,
        -11171.150390625,
        -11179.0703125,
        -11168.8203125,
        -11151.3134765625,
        -11180.626953125,
        -11175.26171875,
        -11159.8447265625,
        -11167.525390625,
        -11171.9189453125,
        -11191.3349609375,
        -11175.4755859375,
        -11169.0390625,
        -11154.140625,
        -11168.923828125,
        -11182.17578125,
        -11185.8193359375,
        -11177.041015625,
        -11170.48046875,
        -11172.2021484375,
        -11185.203125,
        -11189.29296875,
        -11170.4814453125,
        -11185.7041015625,
        -11167.12109375,
        -11161.2900390625,
        -11188.0634765625,
        -11172.267578125,
        -11186.8173828125,
        -11164.2939453125,
        -11161.177734375,
        -11173.939453125,
        -11164.49609375,
        -11173.6728515625,
        -11176.8984375,
        -11182.0947265625,
        -11177.70703125,
        -11171.3076171875,
        -11175.46484375,
        -11169.87109375,
        -11175.580078125,
        -11192.1923828125,
        -11171.572265625,
        -11177.58984375,
        -11173.587890625,
        -11176.728515625,
        -11170.2744140625,
        -11167.97265625,
        -11178.9462890625,
        -11177.974609375,
        -11183.3154296875,
        -11167.44921875,
        -11176.2783203125,
        -11181.232421875,
        -11172.123046875,
        -11179.90625,
        -11176.626953125,
        -11177.4716796875,
        -11174.876953125
    ],
    "sumPSWeights": [
        -11181.76171875,
        -11177.646484375,
        -11167.373046875,
        -11166.16796875
    ],
    "sumLHEscaleWeights": [
        -14783.744140625,
        -13406.3681640625,
        -12216.75390625,
        -12323.97265625,
        -11174.876953125,
        -10182.5341796875,
        -10438.0244140625,
        -9464.080078125,
        -8623.1923828125
    ]
}