{
    "sumGenWeights": 659806.4975738525,
    "nEvents": 485000,
    "sumLHEpdfWeights": [
        485000.0,
        484928.03125,
        484371.375,
        485116.375,
        485943.0,
        484671.625,
        485860.03125,
        485474.9375,
        486498.21875,
        484858.8125,
        484962.6875,
        483956.375,
        485479.0625,
        485106.9375,
        485606.78125,
        485463.25,
        485111.0,
        485110.3125,
        484830.46875,
        485039.40625,
        484674.84375,
        484856.09375,
        484658.375,
        485189.40625,
        484200.8125,
        484988.96875,
        484788.09375,
        484659.3125,
        484761.5,
        483620.625,
        484841.125,
        483536.4375,
        485013.5625,
        484774.1875,
        484356.625,
        485120.5625,
        485615.6875,
        484738.875,
        485093.5,
        484992.125,
        484897.25,
        484860.90625,
        485145.1875,
        484925.03125,
        484973.1875,
        484929.65625,
        484713.5625,
        485041.1875,
        485039.375,
        484865.15625,
        484976.5625,
        485002.5,
        485133.0625,
        485015.0625,
        484957.1875,
        484762.71875,
        484985.0,
        485052.4375,
        485049.9375,
        485031.65625,
        484974.5625,
        485023.9375,
        485077.1875,
        485147.5,
        484951.25,
        485060.03125,
        484980.9375,
        484849.4375,
        485123.125,
        484985.4375,
        485116.15625,
        484917.9375,
        484855.3125,
        484967.1875,
        484929.6875,
        485010.1875,
        485043.125,
        485049.25,
        485000.125,
        484992.5625,
        485008.9375,
        484964.59375,
        484996.625,
        485158.0,
        484981.25,
        485006.3125,
        485003.375,
        485005.65625,
        484969.75,
        484967.59375,
        485009.09375,
        485020.6875,
        485042.9375,
        484962.8125,
        485004.0625,
        485028.625,
        484996.9375,
        485021.5,
        485016.71875,
        485012.0,
        485000.0
    ]
}