{
    "sumGenWeights": 8553.248574957252,
    "nEvents": 500000,
    "sumLHEpdfWeights": [
        500000.0,
        499358.4375,
        499321.875,
        500017.3125,
        500789.09375,
        498215.6875,
        500852.78125,
        498986.9375,
        499042.28125,
        499728.28125,
        499671.375,
        501859.125,
        500206.6875,
        500844.875,
        501489.5,
        501103.375,
        501354.125,
        501895.25,
        497561.0625,
        497778.03125,
        500042.0,
        498588.96875,
        499636.0625,
        500781.0625,
        497532.5625,
        499998.75,
        499576.9375,
        499965.84375,
        499186.8125,
        497639.96875,
        499545.0625,
        497537.5,
        500108.0625,
        499799.25,
        498292.03125,
        500230.53125,
        500882.5625,
        499112.4375,
        500237.3125,
        499987.34375,
        499756.4375,
        499409.1875,
        500375.78125,
        499858.78125,
        499872.53125,
        499747.75,
        499074.96875,
        500158.5,
        500160.53125,
        499634.1875,
        499958.84375,
        500075.0625,
        500390.4375,
        500062.40625,
        499862.46875,
        499177.625,
        499952.34375,
        500160.3125,
        500212.4375,
        500053.1875,
        499931.46875,
        500067.4375,
        500161.5,
        500531.75,
        499819.03125,
        500156.25,
        499900.25,
        499477.1875,
        500396.28125,
        499955.6875,
        500419.0625,
        499686.625,
        499491.71875,
        499864.125,
        499737.65625,
        500051.4375,
        500149.25,
        500058.0625,
        499997.6875,
        499982.59375,
        500028.53125,
        499900.28125,
        499979.59375,
        500538.71875,
        499930.90625,
        500018.71875,
        500016.53125,
        500023.1875,
        499887.40625,
        499862.25,
        500035.8125,
        500072.75,
        500154.5,
        499859.5625,
        500018.78125,
        500099.5,
        499991.6875,
        500076.8125,
        500065.6875,
        500036.21875,
        500000.0
    ]
}