{
    "sumGenWeights": -44833.416728675365,
    "nEvents": 133418,
    "sumLHEpdfWeights": [
        -44833.06640625,
        -44760.30859375,
        -44735.96484375,
        -44832.953125,
        -44938.52734375,
        -44679.7265625,
        -44943.52734375,
        -44730.2578125,
        -44748.78125,
        -44821.953125,
        -44782.59375,
        -44971.63671875,
        -44864.8828125,
        -44934.015625,
        -44992.23046875,
        -44947.21875,
        -44974.203125,
        -44990.90625,
        -44652.1328125,
        -44647.8046875,
        -44833.21484375,
        -44705.046875,
        -44800.796875,
        -44909.15625,
        -44638.03125,
        -44839.2109375,
        -44780.88671875,
        -44820.47265625,
        -44782.17578125,
        -44631.96484375,
        -44824.1015625,
        -44638.48046875,
        -44826.90234375,
        -44775.90234375,
        -44682.46484375,
        -44874.359375,
        -44941.4375,
        -44740.734375,
        -44822.0546875,
        -44816.6171875,
        -44775.8046875,
        -44755.16015625,
        -44898.71875,
        -44819.15625,
        -44850.875,
        -44810.3671875,
        -44739.73828125,
        -44856.05078125,
        -44835.8046875,
        -44772.7421875,
        -44803.23828125,
        -44821.484375,
        -44899.3984375,
        -44836.66015625,
        -44811.7265625,
        -44751.9453125,
        -44809.2265625,
        -44863.53125,
        -44876.7109375,
        -44842.796875,
        -44817.1171875,
        -44822.390625,
        -44874.8359375,
        -44891.453125,
        -44816.8203125,
        -44876.75390625,
        -44802.1328125,
        -44780.3125,
        -44886.05078125,
        -44824.1484375,
        -44881.55859375,
        -44792.1640625,
        -44779.87109375,
        -44830.90625,
        -44792.5625,
        -44829.7109375,
        -44842.375,
        -44861.9453125,
        -44845.73828125,
        -44820.46484375,
        -44836.40234375,
        -44814.90625,
        -44836.6171875,
        -44902.1953125,
        -44821.140625,
        -44844.70703125,
        -44829.234375,
        -44841.234375,
        -44816.10546875,
        -44806.7421875,
        -44851.10546875,
        -44845.84375,
        -44867.0703125,
        -44804.98828125,
        -44839.5625,
        -44859.44921875,
        -44823.62890625,
        -44854.6484375,
        -44841.18359375,
        -44844.37890625,
        -44833.06640625
    ],
    "sumPSWeights": [
        -44820.8984375,
        -44842.78125,
        -44848.08203125,
        -44943.6171875
    ],
    "sumLHEscaleWeights": [
        -59309.48828125,
        -53785.671875,
        -49014.75390625,
        -49441.9765625,
        -44833.06640625,
        -40853.5078125,
        -41876.06640625,
        -37970.19921875,
        -34597.48828125
    ]
}