{
    "sumGenWeights": 34005.56769967079,
    "nEvents": 497000,
    "sumLHEpdfWeights": [
        497000.0,
        496359.3125,
        496312.1875,
        497010.75,
        497774.1875,
        495249.8125,
        497855.90625,
        495972.375,
        496041.71875,
        496721.96875,
        496673.65625,
        498847.0,
        497205.09375,
        497837.28125,
        498507.9375,
        498096.875,
        498353.53125,
        498876.1875,
        494611.0,
        494799.3125,
        497034.875,
        495589.125,
        496621.5,
        497785.84375,
        494547.125,
        496989.9375,
        496602.15625,
        496966.28125,
        496200.40625,
        494637.5,
        496542.5,
        494563.96875,
        497121.5,
        496815.3125,
        495304.6875,
        497248.90625,
        497859.78125,
        496079.84375,
        497246.34375,
        496955.40625,
        496734.90625,
        496415.15625,
        497351.1875,
        496831.59375,
        496845.8125,
        496757.09375,
        496050.1875,
        497167.375,
        497171.625,
        496626.03125,
        496964.3125,
        497082.09375,
        497384.0,
        497077.75,
        496864.9375,
        496169.8125,
        496963.375,
        497175.6875,
        497225.65625,
        497047.8125,
        496944.71875,
        497054.90625,
        497174.375,
        497548.65625,
        496822.3125,
        497135.875,
        496896.6875,
        496473.1875,
        497381.4375,
        496959.875,
        497444.0625,
        496676.40625,
        496480.03125,
        496844.46875,
        496746.90625,
        497059.875,
        497147.0625,
        497059.65625,
        496989.4375,
        496984.9375,
        497038.46875,
        496909.15625,
        496972.40625,
        497547.78125,
        496932.25,
        497013.40625,
        497014.9375,
        497028.53125,
        496883.40625,
        496855.875,
        497042.15625,
        497072.625,
        497155.625,
        496853.625,
        497020.8125,
        497097.6875,
        496990.8125,
        497079.0,
        497068.3125,
        497037.625,
        497000.0
    ]
}