{
    "sumGenWeights": 123184.29756313562,
    "nEvents": 366582,
    "sumLHEpdfWeights": [
        366582.0,
        366456.3125,
        365744.46875,
        366667.125,
        367544.375,
        366222.875,
        367575.4375,
        366945.5625,
        367331.78125,
        366408.75,
        366433.96875,
        366185.21875,
        367202.0,
        366939.625,
        367465.25,
        367256.0,
        366862.3125,
        366887.46875,
        366145.0,
        366309.84375,
        366201.96875,
        366260.875,
        366242.90625,
        366948.25,
        365777.84375,
        366594.15625,
        366274.59375,
        366042.21875,
        366464.375,
        365200.1875,
        366511.21875,
        365203.5625,
        366577.125,
        366201.4375,
        365744.4375,
        366721.1875,
        367424.46875,
        366248.71875,
        366586.40625,
        366542.125,
        366381.625,
        366336.8125,
        366848.3125,
        366484.75,
        366622.1875,
        366518.15625,
        366268.59375,
        366644.875,
        366603.9375,
        366353.6875,
        366508.0625,
        366558.0625,
        366848.875,
        366596.625,
        366532.8125,
        366319.09375,
        366536.375,
        366659.5,
        366679.75,
        366624.96875,
        366542.25,
        366587.625,
        366734.0625,
        366753.90625,
        366532.1875,
        366727.9375,
        366539.03125,
        366409.28125,
        366749.0,
        366562.1875,
        366724.9375,
        366472.25,
        366413.8125,
        366553.25,
        366481.5625,
        366586.625,
        366624.875,
        366673.3125,
        366590.5625,
        366562.59375,
        366592.96875,
        366531.40625,
        366581.5625,
        366794.4375,
        366558.0625,
        366598.03125,
        366579.28125,
        366594.1875,
        366543.25,
        366531.125,
        366603.875,
        366613.75,
        366657.375,
        366516.375,
        366587.40625,
        366632.6875,
        366572.375,
        366617.875,
        366604.5625,
        366600.9375,
        366582.0
    ]
}