{
    "sumGenWeights": 123184.29756313562,
    "nEvents": 366582,
    "sumLHEpdfWeights": [
        123185.296875,
        123146.125,
        122903.390625,
        123209.375,
        123487.71875,
        123074.296875,
        123502.6328125,
        123319.0,
        123443.28125,
        123102.015625,
        123110.15625,
        123051.625,
        123394.0703125,
        123318.9296875,
        123468.4375,
        123410.421875,
        123290.953125,
        123300.03125,
        123040.03125,
        123092.34375,
        123067.734375,
        123071.453125,
        123073.40625,
        123302.5078125,
        122896.09375,
        123174.703125,
        123047.484375,
        123023.625,
        123184.65625,
        122729.28125,
        123169.1015625,
        122736.078125,
        123191.546875,
        123013.515625,
        122881.875,
        123248.6875,
        123451.125,
        123059.796875,
        123152.6875,
        123161.921875,
        123077.171875,
        123092.6875,
        123309.9140625,
        123131.8125,
        123247.5390625,
        123171.9296875,
        123076.25,
        123207.34375,
        123170.6015625,
        123071.96875,
        123133.109375,
        123162.8125,
        123319.203125,
        123182.25,
        123159.078125,
        123101.328125,
        123138.140625,
        123246.25,
        123247.5625,
        123207.109375,
        123164.3828125,
        123169.4921875,
        123285.984375,
        123269.125,
        123182.515625,
        123290.1640625,
        123156.640625,
        123137.5,
        123267.640625,
        123177.9765625,
        123250.09375,
        123141.0546875,
        123120.8515625,
        123200.859375,
        123134.484375,
        123172.6328125,
        123192.3125,
        123260.515625,
        123205.640625,
        123163.609375,
        123197.390625,
        123155.5625,
        123200.171875,
        123292.0,
        123177.421875,
        123199.59375,
        123171.703125,
        123203.40625,
        123165.5859375,
        123155.3671875,
        123217.96875,
        123202.015625,
        123242.484375,
        123145.59375,
        123190.0,
        123226.609375,
        123170.875,
        123217.046875,
        123195.1875,
        123208.96875,
        123185.296875
    ],
    "sumPSWeights": [
        123199.1796875,
        123147.34375,
        123163.953125,
        123326.9375
    ],
    "sumLHEscaleWeights": [
        157956.34375,
        150421.078125,
        142944.609375,
        129375.78125,
        123185.296875,
        117045.515625,
        108004.9375,
        102822.203125,
        97687.8515625
    ]
}