{
    "sumGenWeights": 30795.6260894686,
    "nEvents": 366877,
    "sumLHEpdfWeights": [
        366877.0,
        366761.6875,
        366123.375,
        366951.3125,
        367756.84375,
        366517.125,
        367773.4375,
        367189.5,
        367632.0,
        366716.6875,
        366755.125,
        366472.875,
        367426.4375,
        367185.6875,
        367692.78125,
        367476.25,
        367134.03125,
        367162.1875,
        366465.75,
        366607.59375,
        366541.15625,
        366582.8125,
        366556.8125,
        367211.1875,
        366078.9375,
        366879.84375,
        366613.8125,
        366402.625,
        366723.25,
        365531.15625,
        366776.4375,
        365527.625,
        366884.375,
        366567.3125,
        366110.1875,
        367013.875,
        367625.625,
        366564.625,
        366910.75,
        366846.3125,
        366704.5,
        366661.78125,
        367103.03125,
        366790.375,
        366895.1875,
        366819.375,
        366568.71875,
        366928.90625,
        366910.4375,
        366675.96875,
        366818.09375,
        366861.25,
        367100.90625,
        366893.28125,
        366833.8125,
        366625.6875,
        366847.53125,
        366944.75,
        366965.1875,
        366917.625,
        366851.6875,
        366880.25,
        367007.28125,
        367040.75,
        366831.34375,
        366983.53125,
        366840.9375,
        366710.65625,
        367025.9375,
        366863.375,
        367018.6875,
        366771.8125,
        366713.9375,
        366838.84375,
        366790.15625,
        366887.875,
        366916.0,
        366956.1875,
        366876.71875,
        366864.28125,
        366890.09375,
        366838.5,
        366872.28125,
        367073.625,
        366855.5625,
        366887.8125,
        366875.5,
        366888.25,
        366840.34375,
        366828.71875,
        366897.25,
        366903.96875,
        366939.8125,
        366819.375,
        366882.46875,
        366918.4375,
        366869.9375,
        366907.9375,
        366897.96875,
        366891.875,
        366877.0
    ]
}