{
    "nEvents": 366582,
    "sumGenWeights": 123184.29756313562,
    "sumSquaredGenWeights": 41394.93999056518,
    "sumLHEpdfWeights": [
        123185.2890625,
        123146.1171875,
        122903.3984375,
        123209.3671875,
        123487.703125,
        123074.296875,
        123502.625,
        123319.0,
        123443.2890625,
        123102.015625,
        123110.140625,
        123051.625,
        123394.078125,
        123318.9375,
        123468.4375,
        123410.421875,
        123290.953125,
        123300.0234375,
        123040.0234375,
        123092.3359375,
        123067.734375,
        123071.4609375,
        123073.40625,
        123302.515625,
        122896.09375,
        123174.703125,
        123047.484375,
        123023.625,
        123184.65625,
        122729.28125,
        123169.1015625,
        122736.078125,
        123191.5390625,
        123013.5234375,
        122881.875,
        123248.6875,
        123451.125,
        123059.7890625,
        123152.703125,
        123161.9140625,
        123077.1640625,
        123092.6875,
        123309.90625,
        123131.8046875,
        123247.53125,
        123171.9296875,
        123076.25,
        123207.3515625,
        123170.609375,
        123071.96875,
        123133.109375,
        123162.8125,
        123319.203125,
        123182.25,
        123159.09375,
        123101.328125,
        123138.140625,
        123246.25,
        123247.5625,
        123207.125,
        123164.375,
        123169.5,
        123285.984375,
        123269.1171875,
        123182.5234375,
        123290.15625,
        123156.640625,
        123137.5,
        123267.640625,
        123177.984375,
        123250.09375,
        123141.0546875,
        123120.84375,
        123200.859375,
        123134.484375,
        123172.6328125,
        123192.3125,
        123260.53125,
        123205.625,
        123163.609375,
        123197.390625,
        123155.5625,
        123200.171875,
        123292.0,
        123177.4375,
        123199.59375,
        123171.71875,
        123203.390625,
        123165.578125,
        123155.3671875,
        123217.96875,
        123202.0234375,
        123242.484375,
        123145.5859375,
        123190.0078125,
        123226.609375,
        123170.8671875,
        123217.046875,
        123195.1875,
        123208.96875,
        123185.2890625
    ],
    "sumPSWeights": [
        123199.1875,
        123147.3515625,
        123163.953125,
        123326.9375
    ],
    "sumLHEscaleWeights": [
        157956.34375,
        150421.078125,
        142944.609375,
        129375.78125,
        123185.2890625,
        117045.5078125,
        108004.9375,
        102822.1953125,
        97687.8515625
    ]
}