{
    "sumGenWeights": -11174.8595828861,
    "nEvents": 133123,
    "sumLHEpdfWeights": [
        -11174.876953125,
        -11156.658203125,
        -11150.474609375,
        -11174.826171875,
        -11201.21484375,
        -11136.3857421875,
        -11202.6259765625,
        -11149.107421875,
        -11153.6962890625,
        -11171.953125,
        -11162.212890625,
        -11209.357421875,
        -11182.541015625,
        -11199.86328125,
        -11214.48828125,
        -11203.30859375,
        -11210.1875,
        -11214.1630859375,
        -11129.8251953125,
        -11128.75390625,
        -11174.8447265625,
        -11142.802734375,
        -11166.54296875,
        -11193.8544921875,
        -11125.966796875,
        -11176.380859375,
        -11161.86328125,
        -11171.5771484375,
        -11162.2490234375,
        -11124.3525390625,
        -11172.2919921875,
        -11126.37109375,
        -11173.220703125,
        -11160.5654296875,
        -11137.2109375,
        -11184.9111328125,
        -11201.515625,
        -11151.51171875,
        -11172.19921875,
        -11170.744140625,
        -11160.5458984375,
        -11155.3564453125,
        -11191.0771484375,
        -11171.150390625,
        -11179.0703125,
        -11168.8203125,
        -11151.314453125,
        -11180.6279296875,
        -11175.26171875,
        -11159.845703125,
        -11167.525390625,
        -11171.9189453125,
        -11191.3359375,
        -11175.4765625,
        -11169.0390625,
        -11154.140625,
        -11168.923828125,
        -11182.1748046875,
        -11185.818359375,
        -11177.041015625,
        -11170.4814453125,
        -11172.2021484375,
        -11185.2021484375,
        -11189.29296875,
        -11170.4814453125,
        -11185.703125,
        -11167.12109375,
        -11161.2900390625,
        -11188.0634765625,
        -11172.2685546875,
        -11186.8173828125,
        -11164.2939453125,
        -11161.1767578125,
        -11173.94140625,
        -11164.49609375,
        -11173.6728515625,
        -11176.8984375,
        -11182.0947265625,
        -11177.70703125,
        -11171.306640625,
        -11175.4658203125,
        -11169.87109375,
        -11175.580078125,
        -11192.1923828125,
        -11171.5712890625,
        -11177.58984375,
        -11173.5888671875,
        -11176.7294921875,
        -11170.2734375,
        -11167.97265625,
        -11178.9462890625,
        -11177.974609375,
        -11183.314453125,
        -11167.44921875,
        -11176.279296875,
        -11181.232421875,
        -11172.123046875,
        -11179.90625,
        -11176.626953125,
        -11177.4716796875,
        -11174.876953125
    ],
    "sumPSWeights": [
        -11181.76171875,
        -11177.646484375,
        -11167.373046875,
        -11166.16796875
    ],
    "sumLHEscaleWeights": [
        -14783.744140625,
        -13406.3681640625,
        -12216.75390625,
        -12323.97265625,
        -11174.876953125,
        -10182.5341796875,
        -10438.0234375,
        -9464.0810546875,
        -8623.19140625
    ]
}