{
    "sumGenWeights": 61168.656735762954,
    "nEvents": 305452,
    "sumLHEpdfWeights": [
        305452.0,
        305281.71875,
        304738.875,
        305469.9375,
        306196.28125,
        304962.21875,
        306231.875,
        305479.96875,
        305774.96875,
        305311.96875,
        305284.4375,
        305434.875,
        305891.75,
        305898.5625,
        306290.5,
        306093.75,
        305875.40625,
        305919.34375,
        304841.40625,
        304977.15625,
        305214.125,
        305022.4375,
        305209.96875,
        305819.46875,
        304635.375,
        305464.40625,
        305167.21875,
        305073.65625,
        305283.375,
        304260.0625,
        305378.53125,
        304276.21875,
        305443.65625,
        305142.6875,
        304653.6875,
        305582.8125,
        306203.59375,
        305124.1875,
        305456.8125,
        305433.78125,
        305268.1875,
        305185.375,
        305721.0625,
        305386.59375,
        305498.71875,
        305376.15625,
        305137.09375,
        305514.125,
        305479.75,
        305232.46875,
        305380.875,
        305431.75,
        305714.875,
        305462.53125,
        305402.375,
        305177.0625,
        305410.0625,
        305515.71875,
        305548.8125,
        305498.34375,
        305410.21875,
        305463.53125,
        305578.8125,
        305623.46875,
        305395.375,
        305594.875,
        305407.875,
        305269.375,
        305628.125,
        305431.59375,
        305592.5625,
        305338.25,
        305280.1875,
        305424.25,
        305343.90625,
        305458.375,
        305498.21875,
        305525.84375,
        305460.46875,
        305435.28125,
        305458.53125,
        305400.4375,
        305451.875,
        305665.625,
        305425.84375,
        305469.125,
        305452.125,
        305461.75,
        305413.0,
        305400.375,
        305470.3125,
        305483.8125,
        305525.25,
        305388.0625,
        305457.34375,
        305502.71875,
        305444.34375,
        305486.6875,
        305474.96875,
        305468.8125,
        305452.0
    ]
}