{
    "sumGenWeights": -35355.75695420802,
    "nEvents": 176548,
    "sumLHEpdfWeights": [
        176548.0,
        176285.0625,
        176139.640625,
        176551.40625,
        176970.671875,
        175976.046875,
        176999.28125,
        176199.515625,
        176272.8125,
        176494.265625,
        176382.625,
        177019.125,
        176689.8125,
        176909.359375,
        177174.5625,
        176979.984375,
        177078.0625,
        177123.96875,
        175898.34375,
        175881.9375,
        176527.578125,
        176079.59375,
        176406.625,
        176837.734375,
        175805.15625,
        176572.921875,
        176343.28125,
        176484.96875,
        176355.40625,
        175765.15625,
        176519.65625,
        175788.484375,
        176510.9375,
        176293.421875,
        175964.3125,
        176703.15625,
        176950.59375,
        176207.609375,
        176500.9375,
        176499.390625,
        176321.84375,
        176243.5625,
        176804.21875,
        176498.28125,
        176610.53125,
        176466.390625,
        176200.625,
        176623.484375,
        176584.53125,
        176297.609375,
        176441.53125,
        176532.53125,
        176806.28125,
        176569.734375,
        176495.125,
        176249.4375,
        176470.25,
        176621.0,
        176689.671875,
        176591.34375,
        176502.015625,
        176544.390625,
        176702.9375,
        176739.453125,
        176483.703125,
        176740.3125,
        176468.59375,
        176354.03125,
        176724.875,
        176526.71875,
        176713.34375,
        176410.015625,
        176361.453125,
        176507.921875,
        176424.90625,
        176559.609375,
        176596.46875,
        176616.375,
        176560.46875,
        176529.40625,
        176556.421875,
        176494.421875,
        176543.46875,
        176786.90625,
        176515.859375,
        176573.421875,
        176548.21875,
        176562.59375,
        176499.34375,
        176476.109375,
        176576.921875,
        176586.25,
        176644.3125,
        176465.109375,
        176557.0625,
        176609.4375,
        176537.625,
        176594.28125,
        176576.546875,
        176567.75,
        176548.0
    ]
}