{
    "sumGenWeights": 61168.656735762954,
    "nEvents": 305452,
    "sumLHEpdfWeights": [
        61174.73828125,
        61128.55078125,
        61032.28125,
        61173.62109375,
        61316.33203125,
        61072.64453125,
        61321.40234375,
        61181.65625,
        61237.76953125,
        61132.0703125,
        61119.01953125,
        61164.31640625,
        61258.9921875,
        61257.77734375,
        61332.58203125,
        61292.7734375,
        61260.6171875,
        61270.16015625,
        61045.0703125,
        61072.33984375,
        61124.20703125,
        61079.76171875,
        61118.02734375,
        61238.4375,
        60995.109375,
        61164.72265625,
        61094.31640625,
        61100.49609375,
        61154.078125,
        60930.98046875,
        61161.63671875,
        60933.28515625,
        61168.44140625,
        61081.296875,
        61006.1171875,
        61207.4765625,
        61304.328125,
        61094.6328125,
        61145.40234375,
        61156.41796875,
        61106.1796875,
        61106.88671875,
        61241.2890625,
        61143.43359375,
        61204.25,
        61157.9765625,
        61100.73046875,
        61184.96875,
        61161.96484375,
        61099.359375,
        61134.0078125,
        61154.515625,
        61243.50390625,
        61167.94140625,
        61153.2734375,
        61112.875,
        61136.86328125,
        61201.2578125,
        61207.47265625,
        61182.69921875,
        61157.23046875,
        61159.16015625,
        61222.40234375,
        61215.765625,
        61165.06640625,
        61226.16015625,
        61148.28515625,
        61134.4140625,
        61218.30078125,
        61166.5234375,
        61209.234375,
        61141.62890625,
        61131.0,
        61175.1484375,
        61135.3359375,
        61162.84375,
        61174.83984375,
        61210.45703125,
        61183.203125,
        61155.83203125,
        61177.328125,
        61151.46484375,
        61179.74609375,
        61232.44140625,
        61165.46484375,
        61182.15625,
        61163.43359375,
        61181.921875,
        61157.5859375,
        61149.6328125,
        61186.6640625,
        61183.08203125,
        61201.53515625,
        61144.82421875,
        61177.65625,
        61194.0703125,
        61160.70703125,
        61189.15625,
        61177.921875,
        61184.01953125,
        61174.73828125
    ],
    "sumPSWeights": [
        61169.70703125,
        61229.51171875,
        61162.83203125,
        61083.40625
    ],
    "sumLHEscaleWeights": [
        79168.765625,
        74302.4453125,
        69747.2421875,
        65185.6640625,
        61174.73828125,
        57410.234375,
        54652.66796875,
        51277.2734375,
        48121.078125
    ]
}