{
    "nEvents": 316852,
    "sumGenWeights": 15863.940029717982,
    "sumSquaredGenWeights": 794.2862230793107,
    "sumLHEpdfWeights": [
        15864.166015625,
        15853.89453125,
        15829.353515625,
        15865.05078125,
        15902.3310546875,
        15839.583984375,
        15904.0498046875,
        15866.505859375,
        15881.5869140625,
        15854.8056640625,
        15851.4765625,
        15862.4765625,
        15886.5908203125,
        15886.6376953125,
        15907.6796875,
        15895.9580078125,
        15887.724609375,
        15889.583984375,
        15832.5712890625,
        15839.689453125,
        15852.140625,
        15840.396484375,
        15849.943359375,
        15882.548828125,
        15818.73828125,
        15863.0205078125,
        15846.09765625,
        15846.02734375,
        15859.5087890625,
        15800.462890625,
        15860.748046875,
        15801.74609375,
        15863.7685546875,
        15843.2236328125,
        15821.5625,
        15872.931640625,
        15898.6328125,
        15844.2353515625,
        15859.03515625,
        15860.2216796875,
        15848.5888671875,
        15848.54296875,
        15880.4697265625,
        15856.75390625,
        15869.490234375,
        15860.400390625,
        15845.7734375,
        15867.93359375,
        15862.6953125,
        15847.5537109375,
        15856.0654296875,
        15860.8349609375,
        15881.267578125,
        15864.181640625,
        15859.541015625,
        15848.970703125,
        15856.5576171875,
        15872.3671875,
        15872.9501953125,
        15866.927734375,
        15860.59375,
        15861.802734375,
        15875.25,
        15877.2734375,
        15862.2265625,
        15875.7607421875,
        15858.640625,
        15854.8349609375,
        15875.9541015625,
        15862.7080078125,
        15874.3671875,
        15856.5068359375,
        15853.3056640625,
        15865.537109375,
        15855.671875,
        15862.759765625,
        15865.8046875,
        15872.1396484375,
        15867.1337890625,
        15860.9619140625,
        15865.693359375,
        15859.69140625,
        15865.919921875,
        15879.55859375,
        15862.416015625,
        15866.265625,
        15862.7958984375,
        15866.59765625,
        15860.75,
        15859.107421875,
        15868.70703125,
        15866.8017578125,
        15871.927734375,
        15857.935546875,
        15865.3798828125,
        15870.0546875,
        15862.1015625,
        15868.8759765625,
        15865.66796875,
        15867.4560546875,
        15864.166015625
    ],
    "sumPSWeights": [
        15869.71484375,
        15869.9853515625,
        15856.986328125,
        15867.6962890625
    ],
    "sumLHEscaleWeights": [
        20531.98828125,
        19270.7265625,
        18089.89453125,
        16905.09765625,
        15864.166015625,
        14889.7509765625,
        14173.080078125,
        13298.322265625,
        12480.267578125
    ]
}