{
    "sumGenWeights": 61168.656735762954,
    "nEvents": 305452,
    "sumLHEpdfWeights": [
        61174.7421875,
        61128.55078125,
        61032.28125,
        61173.62109375,
        61316.33203125,
        61072.6484375,
        61321.40625,
        61181.66015625,
        61237.76953125,
        61132.06640625,
        61119.01953125,
        61164.3125,
        61258.98828125,
        61257.77734375,
        61332.58203125,
        61292.7734375,
        61260.6171875,
        61270.1640625,
        61045.0703125,
        61072.33984375,
        61124.20703125,
        61079.76171875,
        61118.02734375,
        61238.43359375,
        60995.1015625,
        61164.7265625,
        61094.31640625,
        61100.49609375,
        61154.078125,
        60930.9765625,
        61161.640625,
        60933.28515625,
        61168.44140625,
        61081.296875,
        61006.109375,
        61207.48046875,
        61304.328125,
        61094.6328125,
        61145.40625,
        61156.41796875,
        61106.1796875,
        61106.8828125,
        61241.29296875,
        61143.4375,
        61204.25,
        61157.9765625,
        61100.73046875,
        61184.96875,
        61161.96875,
        61099.35546875,
        61134.0078125,
        61154.51953125,
        61243.50390625,
        61167.94140625,
        61153.2734375,
        61112.875,
        61136.8671875,
        61201.2578125,
        61207.46875,
        61182.69921875,
        61157.23046875,
        61159.16015625,
        61222.40625,
        61215.76171875,
        61165.0703125,
        61226.1640625,
        61148.28125,
        61134.41796875,
        61218.30078125,
        61166.52734375,
        61209.23828125,
        61141.625,
        61131.00390625,
        61175.14453125,
        61135.3359375,
        61162.83984375,
        61174.83984375,
        61210.45703125,
        61183.19921875,
        61155.83984375,
        61177.328125,
        61151.46484375,
        61179.74609375,
        61232.4375,
        61165.4609375,
        61182.15625,
        61163.4296875,
        61181.921875,
        61157.578125,
        61149.62890625,
        61186.66796875,
        61183.08203125,
        61201.53125,
        61144.828125,
        61177.65625,
        61194.06640625,
        61160.69921875,
        61189.16015625,
        61177.921875,
        61184.01953125,
        61174.7421875
    ],
    "sumPSWeights": [
        61169.703125,
        61229.515625,
        61162.828125,
        61083.40625
    ],
    "sumLHEscaleWeights": [
        79168.7734375,
        74302.453125,
        69747.2421875,
        65185.6640625,
        61174.7421875,
        57410.234375,
        54652.66796875,
        51277.26953125,
        48121.078125
    ]
}