{
    "nEvents": 491000,
    "sumGenWeights": 241956.11408352852,
    "sumSquaredGenWeights": 119233.78390073776,
    "sumLHEpdfWeights": [
        241961.34375,
        241928.90625,
        241428.453125,
        242014.609375,
        242532.53125,
        241855.453125,
        242567.8125,
        242389.8125,
        242653.828125,
        241769.625,
        241823.46875,
        241486.640625,
        242413.09375,
        242129.875,
        242450.5,
        242335.078125,
        242029.546875,
        242030.765625,
        241833.75,
        241938.59375,
        241686.9375,
        241833.375,
        241721.734375,
        242154.625,
        241484.8125,
        241905.84375,
        241688.234375,
        241598.59375,
        241994.15625,
        241108.796875,
        241909.5625,
        241119.78125,
        241971.03125,
        241627.78125,
        241426.484375,
        242067.4375,
        242428.4375,
        241760.265625,
        241884.671875,
        241905.6875,
        241744.484375,
        241817.640625,
        242160.875,
        241817.75,
        242055.359375,
        241948.8125,
        241791.65625,
        241985.671875,
        241910.6875,
        241724.4375,
        241847.875,
        241908.6875,
        242176.28125,
        241956.125,
        241916.84375,
        241836.453125,
        241852.203125,
        242054.21875,
        242055.40625,
        242001.125,
        241928.90625,
        241929.203125,
        242135.21875,
        242089.140625,
        241969.21875,
        242132.3125,
        241916.46875,
        241887.65625,
        242085.5,
        241956.375,
        242073.125,
        241896.5625,
        241856.78125,
        241980.859375,
        241886.9375,
        241945.40625,
        241970.859375,
        242084.796875,
        241993.328125,
        241924.015625,
        241987.953125,
        241915.28125,
        241994.1875,
        242124.03125,
        241957.328125,
        241979.875,
        241942.953125,
        241999.71875,
        241925.6875,
        241913.59375,
        242012.421875,
        241985.90625,
        242046.390625,
        241899.203125,
        241966.15625,
        242025.625,
        241937.359375,
        242012.09375,
        241971.875,
        242006.375,
        241961.34375
    ],
    "sumPSWeights": [
        241916.9375,
        241823.140625,
        241975.0625,
        241974.40625
    ],
    "sumLHEscaleWeights": [
        307913.0,
        296726.6875,
        284707.15625,
        251093.59375,
        241961.34375,
        232170.28125,
        208862.84375,
        201254.1875,
        193115.015625
    ]
}