{
    "sumGenWeights": 22709.41687375307,
    "nEvents": 500000,
    "sumLHEpdfWeights": [
        500000.0,
        499336.3125,
        499318.9375,
        500014.6875,
        500774.4375,
        498179.96875,
        500851.09375,
        498945.25,
        498980.9375,
        499720.65625,
        499670.15625,
        501926.5,
        500193.75,
        500855.375,
        501506.09375,
        501123.0625,
        501389.5,
        501937.46875,
        497519.375,
        497740.96875,
        500051.84375,
        498557.90625,
        499620.34375,
        500792.0,
        497482.5,
        499997.75,
        499578.75,
        499977.59375,
        499168.8125,
        497622.65625,
        499516.9375,
        497521.625,
        500123.5,
        499811.21875,
        498267.375,
        500232.625,
        500889.1875,
        499090.0,
        500243.84375,
        499985.125,
        499752.25,
        499392.3125,
        500375.6875,
        499855.25,
        499856.625,
        499743.5,
        499051.0625,
        500156.65625,
        500174.9375,
        499625.3125,
        499956.90625,
        500076.125,
        500396.9375,
        500064.59375,
        499857.6875,
        499155.125,
        499958.15625,
        500167.9375,
        500223.03125,
        500054.375,
        499940.4375,
        500062.625,
        500167.90625,
        500553.75,
        499813.90625,
        500142.5,
        499898.4375,
        499460.25,
        500397.875,
        499958.875,
        500444.46875,
        499671.8125,
        499471.25,
        499849.0625,
        499735.4375,
        500058.0,
        500151.0,
        500060.625,
        499990.4375,
        499985.625,
        500034.375,
        499904.4375,
        499975.90625,
        500556.84375,
        499928.40625,
        500016.4375,
        500016.125,
        500026.96875,
        499881.625,
        499852.8125,
        500040.59375,
        500073.34375,
        500157.84375,
        499852.40625,
        500020.0,
        500101.59375,
        499991.5,
        500080.28125,
        500069.65625,
        500037.0625,
        500000.0
    ]
}