{
    "sumGenWeights": -9169.794001303613,
    "nEvents": 183148,
    "sumLHEpdfWeights": [
        183148.0,
        182875.96875,
        182757.484375,
        183158.0,
        183588.9375,
        182545.28125,
        183592.703125,
        182773.1875,
        182865.03125,
        183087.640625,
        182986.375,
        183634.046875,
        183300.875,
        183537.53125,
        183812.390625,
        183591.28125,
        183699.890625,
        183736.34375,
        182471.734375,
        182459.140625,
        183124.21875,
        182665.40625,
        183009.21875,
        183452.375,
        182395.015625,
        183179.0625,
        182943.71875,
        183078.0625,
        182933.1875,
        182333.203125,
        183092.21875,
        182383.875,
        183127.578125,
        182934.125,
        182538.796875,
        183280.328125,
        183584.09375,
        182800.40625,
        183136.5625,
        183112.71875,
        182954.8125,
        182848.046875,
        183387.375,
        183094.4375,
        183179.96875,
        183058.78125,
        182805.34375,
        183223.578125,
        183190.328125,
        182923.859375,
        183068.765625,
        183143.65625,
        183390.328125,
        183169.53125,
        183091.640625,
        182842.6875,
        183087.34375,
        183218.9375,
        183272.953125,
        183188.65625,
        183101.734375,
        183155.15625,
        183275.15625,
        183343.8125,
        183079.40625,
        183306.25,
        183079.28125,
        182948.5625,
        183323.0,
        183126.375,
        183310.859375,
        183014.40625,
        182957.828125,
        183107.890625,
        183026.3125,
        183160.75,
        183200.796875,
        183205.984375,
        183158.828125,
        183131.1875,
        183155.734375,
        183094.09375,
        183143.984375,
        183381.234375,
        183116.15625,
        183169.390625,
        183150.65625,
        183160.03125,
        183100.78125,
        183081.375,
        183172.03125,
        183185.515625,
        183236.09375,
        183071.578125,
        183156.515625,
        183206.125,
        183139.28125,
        183190.90625,
        183176.359375,
        183166.703125,
        183148.0
    ]
}