{
    "nEvents": 500000,
    "sumGenWeights": 61674.294002354145,
    "sumSquaredGenWeights": 7607.625433243811,
    "sumLHEpdfWeights": [
        61668.87109375,
        61669.92578125,
        61535.1328125,
        61690.39453125,
        61825.6484375,
        61652.7578125,
        61834.921875,
        61790.34375,
        61852.015625,
        61624.234375,
        61634.40625,
        61555.8046875,
        61795.421875,
        61720.5,
        61802.48828125,
        61775.31640625,
        61689.2109375,
        61692.0,
        61641.6484375,
        61669.5703125,
        61603.84375,
        61639.53125,
        61612.09375,
        61723.73828125,
        61551.2109375,
        61657.73046875,
        61603.25390625,
        61582.703125,
        61690.3671875,
        61454.87109375,
        61661.42578125,
        61461.55078125,
        61676.4140625,
        61587.7265625,
        61535.74609375,
        61699.5546875,
        61799.57421875,
        61615.4765625,
        61652.1328125,
        61653.2109375,
        61614.54296875,
        61633.23046875,
        61726.12109375,
        61631.3671875,
        61701.0078125,
        61666.55078125,
        61625.03125,
        61677.1015625,
        61657.71484375,
        61609.9765625,
        61641.99609375,
        61656.984375,
        61735.390625,
        61666.984375,
        61657.11328125,
        61636.5625,
        61642.671875,
        61697.94921875,
        61695.83203125,
        61679.0390625,
        61660.53125,
        61659.1484375,
        61725.81640625,
        61703.1640625,
        61669.9921875,
        61723.93359375,
        61657.1953125,
        61649.53515625,
        61701.8671875,
        61667.3203125,
        61699.12890625,
        61651.74609375,
        61641.79296875,
        61672.7265625,
        61648.140625,
        61662.26171875,
        61670.7578125,
        61708.1015625,
        61676.55078125,
        61657.8046875,
        61675.48828125,
        61655.7890625,
        61676.0078125,
        61715.265625,
        61667.359375,
        61674.0546875,
        61661.640625,
        61678.0859375,
        61660.33984375,
        61656.56640625,
        61682.3203125,
        61675.71875,
        61692.7734375,
        61650.515625,
        61670.14453125,
        61685.76953125,
        61661.46875,
        61682.1875,
        61672.31640625,
        61679.87890625,
        61668.87109375
    ],
    "sumPSWeights": [
        61667.3828125,
        61638.03125,
        61680.48828125,
        61724.9140625
    ],
    "sumLHEscaleWeights": [
        78487.984375,
        75630.921875,
        72572.4296875,
        64003.51171875,
        61668.87109375,
        59179.4765625,
        53238.640625,
        51296.03515625,
        49223.03515625
    ]
}