{
    "sumGenWeights": -35355.75695420802,
    "nEvents": 176548,
    "sumLHEpdfWeights": [
        -35353.31640625,
        -35302.2265625,
        -35278.3515625,
        -35355.80078125,
        -35438.93359375,
        -35243.5,
        -35443.56640625,
        -35286.68359375,
        -35302.25390625,
        -35344.5859375,
        -35317.796875,
        -35449.671875,
        -35384.3359375,
        -35429.125,
        -35478.13671875,
        -35442.703125,
        -35459.84375,
        -35470.5,
        -35224.4453125,
        -35222.15234375,
        -35352.234375,
        -35260.61328125,
        -35328.2578125,
        -35413.24609375,
        -35207.27734375,
        -35359.59765625,
        -35315.58203125,
        -35342.96484375,
        -35319.5859375,
        -35200.09375,
        -35346.14453125,
        -35204.19140625,
        -35353.0625,
        -35311.9453125,
        -35240.62890625,
        -35385.99609375,
        -35438.75,
        -35284.87890625,
        -35347.8671875,
        -35342.62890625,
        -35312.2734375,
        -35297.4609375,
        -35405.1484375,
        -35343.38671875,
        -35369.96484375,
        -35337.26953125,
        -35284.9375,
        -35372.20703125,
        -35356.80078125,
        -35309.3046875,
        -35332.87109375,
        -35346.28125,
        -35406.41796875,
        -35356.77734375,
        -35338.44140625,
        -35293.58984375,
        -35337.109375,
        -35377.078125,
        -35390.41796875,
        -35361.76171875,
        -35342.19921875,
        -35347.77734375,
        -35389.90625,
        -35399.00390625,
        -35341.75,
        -35389.515625,
        -35332.5390625,
        -35314.58984375,
        -35395.109375,
        -35346.76171875,
        -35392.5234375,
        -35323.66015625,
        -35313.65234375,
        -35352.078125,
        -35325.23046875,
        -35351.75,
        -35361.5078125,
        -35379.77734375,
        -35363.50390625,
        -35345.23828125,
        -35357.640625,
        -35340.12109375,
        -35357.90625,
        -35409.33203125,
        -35344.9296875,
        -35363.48828125,
        -35350.4921875,
        -35361.7734375,
        -35340.71875,
        -35334.8828125,
        -35367.44921875,
        -35363.85546875,
        -35381.20703125,
        -35333.58984375,
        -35359.578125,
        -35374.19140625,
        -35347.07421875,
        -35370.359375,
        -35359.9296875,
        -35364.1953125,
        -35353.31640625
    ],
    "sumPSWeights": [
        -35342.515625,
        -35318.328125,
        -35369.7421875,
        -35362.375
    ],
    "sumLHEscaleWeights": [
        -46620.4140625,
        -42497.125,
        -38907.375,
        -38794.0703125,
        -35353.31640625,
        -32363.38671875,
        -32810.15625,
        -29896.591796875,
        -27363.046875
    ]
}