{
    "sumGenWeights": 241956.11408352852,
    "nEvents": 491000,
    "sumLHEpdfWeights": [
        491000.0,
        490928.25,
        490245.375,
        491119.34375,
        492039.25,
        490681.34375,
        491986.4375,
        491552.9375,
        492494.25,
        490814.0,
        490931.0625,
        489975.875,
        491594.28125,
        491159.96875,
        491740.8125,
        491561.125,
        491122.90625,
        491127.8125,
        490810.9375,
        491003.90625,
        490610.03125,
        490822.9375,
        490611.46875,
        491252.59375,
        490141.03125,
        490984.0,
        490744.3125,
        490551.875,
        490813.5,
        489468.21875,
        490851.8125,
        489420.0625,
        491018.0,
        490699.4375,
        490246.84375,
        491148.5,
        491715.03125,
        490692.59375,
        491069.3125,
        490963.8125,
        490840.625,
        490831.3125,
        491186.4375,
        490885.84375,
        490996.375,
        490938.1875,
        490677.25,
        491051.3125,
        491035.53125,
        490812.84375,
        490957.46875,
        490994.6875,
        491187.5625,
        491021.75,
        490955.125,
        490745.1875,
        490969.125,
        491072.78125,
        491074.3125,
        491035.75,
        490974.3125,
        491011.3125,
        491128.5,
        491167.09375,
        490953.125,
        491096.875,
        490970.0625,
        490837.5,
        491136.9375,
        490984.0625,
        491139.59375,
        490902.71875,
        490837.625,
        490959.6875,
        490921.4375,
        491010.9375,
        491043.5,
        491083.53125,
        491000.25,
        490987.84375,
        491014.03125,
        490961.1875,
        490994.4375,
        491188.9375,
        490979.59375,
        491008.21875,
        490999.90625,
        491010.1875,
        490964.1875,
        490958.09375,
        491017.34375,
        491024.59375,
        491057.5625,
        490949.625,
        491005.25,
        491036.1875,
        490994.03125,
        491028.3125,
        491019.84375,
        491015.21875,
        491000.0
    ]
}