{
    "sumGenWeights": 15863.940029717982,
    "nEvents": 316852,
    "sumLHEpdfWeights": [
        15864.166015625,
        15853.89453125,
        15829.353515625,
        15865.05078125,
        15902.3310546875,
        15839.58203125,
        15904.048828125,
        15866.505859375,
        15881.5869140625,
        15854.8046875,
        15851.4765625,
        15862.4765625,
        15886.591796875,
        15886.63671875,
        15907.6787109375,
        15895.9580078125,
        15887.724609375,
        15889.5830078125,
        15832.5712890625,
        15839.689453125,
        15852.140625,
        15840.3955078125,
        15849.943359375,
        15882.548828125,
        15818.73828125,
        15863.021484375,
        15846.0986328125,
        15846.02734375,
        15859.509765625,
        15800.4619140625,
        15860.748046875,
        15801.74609375,
        15863.76953125,
        15843.2236328125,
        15821.5634765625,
        15872.9326171875,
        15898.6318359375,
        15844.2353515625,
        15859.0341796875,
        15860.22265625,
        15848.58984375,
        15848.5439453125,
        15880.470703125,
        15856.75390625,
        15869.490234375,
        15860.400390625,
        15845.7734375,
        15867.9345703125,
        15862.6943359375,
        15847.5546875,
        15856.0634765625,
        15860.833984375,
        15881.2685546875,
        15864.18359375,
        15859.5419921875,
        15848.970703125,
        15856.556640625,
        15872.3671875,
        15872.9501953125,
        15866.9296875,
        15860.59375,
        15861.8017578125,
        15875.2509765625,
        15877.2734375,
        15862.2265625,
        15875.7607421875,
        15858.640625,
        15854.8349609375,
        15875.9541015625,
        15862.708984375,
        15874.3671875,
        15856.505859375,
        15853.3056640625,
        15865.5361328125,
        15855.671875,
        15862.759765625,
        15865.802734375,
        15872.140625,
        15867.1337890625,
        15860.9609375,
        15865.693359375,
        15859.69140625,
        15865.9208984375,
        15879.55859375,
        15862.416015625,
        15866.265625,
        15862.796875,
        15866.59765625,
        15860.75,
        15859.107421875,
        15868.70703125,
        15866.80078125,
        15871.927734375,
        15857.9375,
        15865.3798828125,
        15870.0546875,
        15862.1005859375,
        15868.8759765625,
        15865.66796875,
        15867.455078125,
        15864.166015625
    ],
    "sumPSWeights": [
        15869.7138671875,
        15869.9873046875,
        15856.986328125,
        15867.6962890625
    ],
    "sumLHEscaleWeights": [
        20531.98828125,
        19270.7265625,
        18089.892578125,
        16905.09765625,
        15864.166015625,
        14889.7509765625,
        14173.0810546875,
        13298.322265625,
        12480.2666015625
    ]
}