{
    "sumGenWeights": 241956.11408352852,
    "nEvents": 491000,
    "sumLHEpdfWeights": [
        241961.34375,
        241928.875,
        241428.453125,
        242014.609375,
        242532.53125,
        241855.453125,
        242567.796875,
        242389.828125,
        242653.828125,
        241769.609375,
        241823.453125,
        241486.625,
        242413.09375,
        242129.859375,
        242450.5,
        242335.09375,
        242029.546875,
        242030.78125,
        241833.75,
        241938.59375,
        241686.9375,
        241833.375,
        241721.75,
        242154.625,
        241484.8125,
        241905.84375,
        241688.21875,
        241598.59375,
        241994.15625,
        241108.796875,
        241909.5625,
        241119.765625,
        241971.046875,
        241627.78125,
        241426.5,
        242067.4375,
        242428.421875,
        241760.265625,
        241884.6875,
        241905.6875,
        241744.484375,
        241817.640625,
        242160.875,
        241817.765625,
        242055.359375,
        241948.8125,
        241791.65625,
        241985.671875,
        241910.703125,
        241724.453125,
        241847.875,
        241908.671875,
        242176.28125,
        241956.109375,
        241916.859375,
        241836.453125,
        241852.1875,
        242054.21875,
        242055.40625,
        242001.15625,
        241928.890625,
        241929.1875,
        242135.234375,
        242089.140625,
        241969.21875,
        242132.3125,
        241916.46875,
        241887.640625,
        242085.5,
        241956.375,
        242073.125,
        241896.578125,
        241856.78125,
        241980.859375,
        241886.9375,
        241945.40625,
        241970.875,
        242084.796875,
        241993.3125,
        241924.03125,
        241987.953125,
        241915.296875,
        241994.1875,
        242124.03125,
        241957.34375,
        241979.875,
        241942.953125,
        241999.703125,
        241925.6875,
        241913.59375,
        242012.421875,
        241985.90625,
        242046.390625,
        241899.21875,
        241966.15625,
        242025.625,
        241937.359375,
        242012.09375,
        241971.890625,
        242006.359375,
        241961.34375
    ],
    "sumPSWeights": [
        241916.9375,
        241823.15625,
        241975.0625,
        241974.40625
    ],
    "sumLHEscaleWeights": [
        307912.96875,
        296726.6875,
        284707.15625,
        251093.578125,
        241961.34375,
        232170.28125,
        208862.84375,
        201254.171875,
        193115.015625
    ]
}