{
    "sumGenWeights": 106344.71192461252,
    "nEvents": 157266,
    "sumLHEpdfWeights": [
        157266.0,
        157266.96875,
        156941.09375,
        157308.171875,
        157627.140625,
        157214.34375,
        157640.25,
        157567.65625,
        157724.921875,
        157126.140625,
        157214.21875,
        156956.5625,
        157573.328125,
        157377.875,
        157583.265625,
        157515.03125,
        157301.609375,
        157312.515625,
        157203.9375,
        157254.796875,
        157090.765625,
        157186.25,
        157117.875,
        157389.6875,
        156970.15625,
        157250.96875,
        157092.640625,
        157019.140625,
        157306.65625,
        156696.875,
        157244.46875,
        156696.953125,
        157252.75,
        157028.078125,
        156910.421875,
        157335.09375,
        157575.6875,
        157149.265625,
        157241.359375,
        157235.671875,
        157157.265625,
        157182.875,
        157392.71875,
        157206.1875,
        157305.546875,
        157252.875,
        157150.640625,
        157287.203125,
        157267.765625,
        157150.234375,
        157218.375,
        157240.84375,
        157394.046875,
        157271.203125,
        157249.609375,
        157176.65625,
        157235.6875,
        157300.5,
        157308.359375,
        157285.40625,
        157249.84375,
        157261.5,
        157363.53125,
        157324.75,
        157251.1875,
        157352.046875,
        157247.484375,
        157208.0,
        157327.8125,
        157259.609375,
        157319.328125,
        157225.234375,
        157207.078125,
        157255.6875,
        157231.46875,
        157266.4375,
        157279.328125,
        157328.515625,
        157269.28125,
        157257.625,
        157270.75,
        157247.046875,
        157265.625,
        157350.109375,
        157257.5,
        157274.484375,
        157263.03125,
        157271.265625,
        157251.671875,
        157246.203125,
        157276.484375,
        157278.359375,
        157298.09375,
        157238.34375,
        157267.71875,
        157285.875,
        157261.9375,
        157280.515625,
        157274.40625,
        157273.40625,
        157266.0
    ]
}