{
    "sumGenWeights": 22709.41687375307,
    "nEvents": 500000,
    "sumLHEpdfWeights": [
        22711.044921875,
        22669.19140625,
        22660.248046875,
        22709.28125,
        22760.103515625,
        22623.009765625,
        22763.6953125,
        22645.65625,
        22652.63671875,
        22705.365234375,
        22684.33203125,
        22793.62890625,
        22721.08984375,
        22760.158203125,
        22791.01953125,
        22766.85546875,
        22787.0703125,
        22796.740234375,
        22609.474609375,
        22604.45703125,
        22712.46484375,
        22639.013671875,
        22692.353515625,
        22749.4453125,
        22602.431640625,
        22713.7265625,
        22684.17578125,
        22707.265625,
        22679.328125,
        22604.935546875,
        22700.955078125,
        22609.40234375,
        22707.255859375,
        22681.55078125,
        22629.26171875,
        22730.560546875,
        22761.71484375,
        22658.986328125,
        22705.41015625,
        22703.42578125,
        22680.470703125,
        22667.0546875,
        22740.298828125,
        22705.404296875,
        22716.873046875,
        22698.0,
        22658.5859375,
        22724.263671875,
        22714.662109375,
        22678.72265625,
        22696.12890625,
        22706.052734375,
        22741.43359375,
        22713.009765625,
        22699.416015625,
        22664.390625,
        22699.560546875,
        22728.529296875,
        22733.671875,
        22715.544921875,
        22702.06640625,
        22707.12109375,
        22731.681640625,
        22744.86328125,
        22700.64453125,
        22731.224609375,
        22695.615234375,
        22679.96875,
        22738.59765625,
        22705.375,
        22739.17578125,
        22688.111328125,
        22680.361328125,
        22709.9375,
        22689.63671875,
        22710.03515625,
        22716.912109375,
        22725.234375,
        22718.939453125,
        22705.52734375,
        22713.818359375,
        22700.74609375,
        22714.1171875,
        22747.4296875,
        22703.54296875,
        22718.40234375,
        22708.529296875,
        22716.81640625,
        22700.95703125,
        22697.1328125,
        22721.92578125,
        22718.435546875,
        22729.640625,
        22696.1953125,
        22716.044921875,
        22726.0703125,
        22706.525390625,
        22723.8515625,
        22715.306640625,
        22718.671875,
        22711.044921875
    ],
    "sumPSWeights": [
        22705.88671875,
        22717.279296875,
        22714.658203125,
        22707.357421875
    ],
    "sumLHEscaleWeights": [
        30169.310546875,
        27179.322265625,
        24623.76171875,
        25207.65234375,
        22711.044921875,
        20573.064453125,
        21390.7265625,
        19271.185546875,
        17458.259765625
    ]
}