{
    "sumGenWeights": 5653.540609404445,
    "nEvents": 498000,
    "sumLHEpdfWeights": [
        5653.548828125,
        5642.71435546875,
        5639.81640625,
        5653.28173828125,
        5666.75341796875,
        5632.23291015625,
        5667.70263671875,
        5636.892578125,
        5638.6162109375,
        5652.58447265625,
        5646.30126953125,
        5675.13134765625,
        5656.14111328125,
        5666.8359375,
        5674.568359375,
        5668.49853515625,
        5673.39892578125,
        5675.86376953125,
        5629.0986328125,
        5627.51611328125,
        5654.22998046875,
        5635.3681640625,
        5648.9658203125,
        5663.7158203125,
        5627.203125,
        5654.669921875,
        5646.6484375,
        5652.9033203125,
        5646.2060546875,
        5627.400390625,
        5651.8740234375,
        5629.12841796875,
        5652.2509765625,
        5645.1416015625,
        5633.6416015625,
        5659.07568359375,
        5667.1083984375,
        5639.7265625,
        5651.44482421875,
        5651.017578125,
        5644.81884765625,
        5641.9814453125,
        5661.708984375,
        5651.63671875,
        5655.15771484375,
        5650.38671875,
        5639.8134765625,
        5657.201171875,
        5654.56689453125,
        5644.6962890625,
        5649.224609375,
        5652.12939453125,
        5662.1552734375,
        5654.572265625,
        5650.7080078125,
        5641.59375,
        5650.17822265625,
        5658.1171875,
        5660.10400390625,
        5654.91650390625,
        5651.337890625,
        5652.31298828125,
        5659.08203125,
        5662.330078125,
        5650.9814453125,
        5658.85107421875,
        5648.99365234375,
        5645.6728515625,
        5660.8544921875,
        5652.4326171875,
        5660.86767578125,
        5647.51708984375,
        5645.796875,
        5653.03955078125,
        5647.9521484375,
        5653.681640625,
        5655.2001953125,
        5657.9326171875,
        5655.52490234375,
        5652.0869140625,
        5654.09765625,
        5651.1240234375,
        5653.9453125,
        5663.56103515625,
        5651.96875,
        5655.26806640625,
        5653.333984375,
        5654.7119140625,
        5651.232421875,
        5649.841796875,
        5656.3037109375,
        5655.46630859375,
        5658.6083984375,
        5649.501953125,
        5654.548828125,
        5657.51171875,
        5652.53955078125,
        5656.849609375,
        5654.931640625,
        5655.279296875,
        5653.548828125
    ],
    "sumPSWeights": [
        5654.658203125,
        5658.234375,
        5652.8330078125,
        5642.935546875
    ],
    "sumLHEscaleWeights": [
        7510.8310546875,
        6766.3994140625,
        6129.88671875,
        6275.607421875,
        5653.548828125,
        5121.80908203125,
        5325.3994140625,
        4797.40234375,
        4346.30419921875
    ]
}