{
    "sumGenWeights": -226349.63784116507,
    "nEvents": 334734,
    "sumLHEpdfWeights": [
        -226328.96875,
        -226311.140625,
        -225870.578125,
        -226396.46875,
        -226907.265625,
        -226201.25,
        -226932.15625,
        -226692.4375,
        -226929.25,
        -226193.4375,
        -226205.5625,
        -225980.0625,
        -226765.6875,
        -226546.796875,
        -226840.8125,
        -226734.078125,
        -226458.390625,
        -226472.53125,
        -226154.484375,
        -226270.296875,
        -226112.640625,
        -226188.84375,
        -226139.734375,
        -226536.1875,
        -225864.78125,
        -226308.53125,
        -226106.171875,
        -226032.984375,
        -226365.59375,
        -225541.3125,
        -226293.109375,
        -225540.515625,
        -226352.78125,
        -226065.078125,
        -225848.09375,
        -226434.140625,
        -226821.640625,
        -226136.484375,
        -226277.84375,
        -226295.15625,
        -226155.828125,
        -226191.1875,
        -226546.359375,
        -226227.578125,
        -226439.4375,
        -226306.953125,
        -226167.515625,
        -226348.3125,
        -226287.71875,
        -226141.046875,
        -226234.203125,
        -226281.953125,
        -226558.96875,
        -226307.4375,
        -226275.84375,
        -226206.796875,
        -226240.546875,
        -226428.515625,
        -226425.25,
        -226367.0625,
        -226291.578125,
        -226292.8125,
        -226504.984375,
        -226461.578125,
        -226333.203125,
        -226511.09375,
        -226282.875,
        -226260.03125,
        -226466.34375,
        -226316.796875,
        -226434.34375,
        -226260.765625,
        -226226.390625,
        -226358.59375,
        -226236.84375,
        -226290.96875,
        -226326.5625,
        -226446.65625,
        -226361.890625,
        -226272.953125,
        -226351.015625,
        -226271.4375,
        -226358.875,
        -226501.15625,
        -226317.484375,
        -226347.90625,
        -226295.953125,
        -226362.265625,
        -226286.34375,
        -226272.953125,
        -226384.140625,
        -226354.6875,
        -226420.84375,
        -226255.0625,
        -226332.28125,
        -226395.6875,
        -226293.328125,
        -226380.453125,
        -226335.25,
        -226370.375,
        -226328.96875
    ],
    "sumPSWeights": [
        -226422.78125,
        -226585.28125,
        -226257.703125,
        -225958.671875
    ],
    "sumLHEscaleWeights": [
        -289138.71875,
        -276986.125,
        -264483.40625,
        -236292.796875,
        -226328.96875,
        -216125.78125,
        -196892.578125,
        -188599.03125,
        -180078.09375
    ]
}