{
    "sumGenWeights": 22709.41687375307,
    "nEvents": 500000,
    "sumLHEpdfWeights": [
        22711.046875,
        22669.19140625,
        22660.248046875,
        22709.28125,
        22760.103515625,
        22623.009765625,
        22763.6953125,
        22645.65625,
        22652.638671875,
        22705.36328125,
        22684.33203125,
        22793.62890625,
        22721.087890625,
        22760.16015625,
        22791.021484375,
        22766.857421875,
        22787.072265625,
        22796.7421875,
        22609.474609375,
        22604.45703125,
        22712.46484375,
        22639.01171875,
        22692.3515625,
        22749.443359375,
        22602.431640625,
        22713.724609375,
        22684.177734375,
        22707.265625,
        22679.328125,
        22604.935546875,
        22700.95703125,
        22609.40234375,
        22707.255859375,
        22681.55078125,
        22629.259765625,
        22730.5625,
        22761.71484375,
        22658.986328125,
        22705.412109375,
        22703.42578125,
        22680.470703125,
        22667.0546875,
        22740.30078125,
        22705.404296875,
        22716.873046875,
        22698.0,
        22658.587890625,
        22724.265625,
        22714.662109375,
        22678.72265625,
        22696.12890625,
        22706.052734375,
        22741.43359375,
        22713.009765625,
        22699.41796875,
        22664.390625,
        22699.5625,
        22728.53125,
        22733.671875,
        22715.54296875,
        22702.06640625,
        22707.12109375,
        22731.681640625,
        22744.86328125,
        22700.64453125,
        22731.2265625,
        22695.61328125,
        22679.96875,
        22738.59765625,
        22705.375,
        22739.173828125,
        22688.109375,
        22680.361328125,
        22709.9375,
        22689.63671875,
        22710.03515625,
        22716.912109375,
        22725.234375,
        22718.94140625,
        22705.52734375,
        22713.818359375,
        22700.74609375,
        22714.1171875,
        22747.43359375,
        22703.544921875,
        22718.40234375,
        22708.529296875,
        22716.81640625,
        22700.95703125,
        22697.130859375,
        22721.923828125,
        22718.43359375,
        22729.640625,
        22696.1953125,
        22716.044921875,
        22726.0703125,
        22706.525390625,
        22723.8515625,
        22715.306640625,
        22718.671875,
        22711.046875
    ],
    "sumPSWeights": [
        22705.888671875,
        22717.28125,
        22714.658203125,
        22707.35546875
    ],
    "sumLHEscaleWeights": [
        30169.30859375,
        27179.32421875,
        24623.76171875,
        25207.65234375,
        22711.046875,
        20573.064453125,
        21390.7265625,
        19271.185546875,
        17458.259765625
    ]
}