{
    "sumGenWeights": 61674.294002354145,
    "nEvents": 500000,
    "sumLHEpdfWeights": [
        500000.0,
        499917.625,
        499180.0625,
        500137.53125,
        501132.125,
        499678.9375,
        501085.625,
        500592.53125,
        501508.34375,
        499827.125,
        499927.8125,
        498976.0625,
        500643.3125,
        500154.625,
        500810.6875,
        500615.65625,
        500126.96875,
        500126.03125,
        499818.4375,
        500003.5,
        499562.46875,
        499814.875,
        499576.46875,
        500277.5625,
        499133.5,
        499992.0625,
        499753.15625,
        499491.875,
        499802.125,
        498387.40625,
        499862.5,
        498353.125,
        500014.6875,
        499695.9375,
        499219.375,
        500147.25,
        500765.28125,
        499662.8125,
        500078.9375,
        499949.875,
        499839.03125,
        499825.0625,
        500168.0625,
        499874.09375,
        499967.6875,
        499935.125,
        499661.4375,
        500059.59375,
        500045.15625,
        499819.125,
        499968.09375,
        500000.96875,
        500184.25,
        500029.96875,
        499951.03125,
        499730.3125,
        499978.75,
        500079.9375,
        500077.0,
        500030.34375,
        499976.0625,
        500012.875,
        500124.125,
        500182.125,
        499949.59375,
        500081.375,
        499970.4375,
        499827.9375,
        500133.5,
        499984.3125,
        500152.84375,
        499897.28125,
        499827.1875,
        499950.65625,
        499922.1875,
        500015.5625,
        500046.90625,
        500074.15625,
        499998.25,
        499989.03125,
        500017.875,
        499961.9375,
        499991.5625,
        500195.1875,
        499979.375,
        500006.0625,
        500001.78125,
        500011.84375,
        499961.90625,
        499956.34375,
        500018.03125,
        500026.09375,
        500058.25,
        499947.15625,
        500006.59375,
        500035.59375,
        499994.28125,
        500029.5,
        500021.5625,
        500016.5625,
        500000.0
    ]
}