{
    "nEvents": 498000,
    "sumGenWeights": 5653.540609404445,
    "sumSquaredGenWeights": 64.1835224814713,
    "sumLHEpdfWeights": [
        5653.548828125,
        5642.7138671875,
        5639.81640625,
        5653.28173828125,
        5666.75341796875,
        5632.23291015625,
        5667.7021484375,
        5636.89306640625,
        5638.61669921875,
        5652.5849609375,
        5646.30078125,
        5675.13134765625,
        5656.14111328125,
        5666.8359375,
        5674.56787109375,
        5668.49853515625,
        5673.3994140625,
        5675.86376953125,
        5629.09912109375,
        5627.515625,
        5654.22998046875,
        5635.36865234375,
        5648.9658203125,
        5663.71630859375,
        5627.203125,
        5654.669921875,
        5646.6484375,
        5652.9033203125,
        5646.20654296875,
        5627.40087890625,
        5651.87451171875,
        5629.12841796875,
        5652.2509765625,
        5645.1416015625,
        5633.64208984375,
        5659.076171875,
        5667.1083984375,
        5639.7265625,
        5651.44482421875,
        5651.01806640625,
        5644.81884765625,
        5641.9814453125,
        5661.708984375,
        5651.63720703125,
        5655.15771484375,
        5650.38623046875,
        5639.8134765625,
        5657.201171875,
        5654.56689453125,
        5644.6962890625,
        5649.22412109375,
        5652.12939453125,
        5662.1552734375,
        5654.572265625,
        5650.7080078125,
        5641.59375,
        5650.17822265625,
        5658.1171875,
        5660.10400390625,
        5654.91650390625,
        5651.337890625,
        5652.31298828125,
        5659.08203125,
        5662.330078125,
        5650.9814453125,
        5658.8515625,
        5648.9931640625,
        5645.6728515625,
        5660.8544921875,
        5652.43212890625,
        5660.86767578125,
        5647.51708984375,
        5645.796875,
        5653.03955078125,
        5647.95166015625,
        5653.681640625,
        5655.2001953125,
        5657.9326171875,
        5655.525390625,
        5652.08642578125,
        5654.09765625,
        5651.1240234375,
        5653.9453125,
        5663.56103515625,
        5651.96875,
        5655.267578125,
        5653.333984375,
        5654.7119140625,
        5651.232421875,
        5649.84130859375,
        5656.3037109375,
        5655.46630859375,
        5658.6083984375,
        5649.5029296875,
        5654.548828125,
        5657.51171875,
        5652.5390625,
        5656.849609375,
        5654.931640625,
        5655.279296875,
        5653.548828125
    ],
    "sumPSWeights": [
        5654.658203125,
        5658.234375,
        5652.8330078125,
        5642.935546875
    ],
    "sumLHEscaleWeights": [
        7510.8310546875,
        6766.3994140625,
        6129.88720703125,
        6275.607421875,
        5653.548828125,
        5121.8095703125,
        5325.3994140625,
        4797.40234375,
        4346.30419921875
    ]
}