{
    "nEvents": 157266,
    "sumGenWeights": 106344.71192461252,
    "sumSquaredGenWeights": 71913.43597617745,
    "sumLHEpdfWeights": [
        106346.1484375,
        106340.75,
        106113.9140625,
        106378.328125,
        106601.328125,
        106307.5625,
        106615.21875,
        106543.0234375,
        106657.7109375,
        106264.15625,
        106287.2734375,
        106134.828125,
        106547.328125,
        106419.84375,
        106553.953125,
        106513.21875,
        106372.65625,
        106373.9921875,
        106298.2578125,
        106339.9453125,
        106227.4921875,
        106297.6484375,
        106243.640625,
        106428.3984375,
        106139.96875,
        106323.2265625,
        106232.125,
        106186.359375,
        106366.28125,
        105970.234375,
        106323.59375,
        105972.84375,
        106357.34375,
        106204.1484375,
        106113.7109375,
        106392.578125,
        106556.765625,
        106255.3046875,
        106314.703125,
        106321.9375,
        106254.9609375,
        106284.4296875,
        106438.4375,
        106286.015625,
        106397.4296875,
        106340.6796875,
        106271.6015625,
        106352.0546875,
        106321.6796875,
        106247.484375,
        106295.96875,
        106320.203125,
        106447.5546875,
        106335.40625,
        106322.171875,
        106292.7578125,
        106299.578125,
        106395.8671875,
        106388.125,
        106360.46875,
        106330.359375,
        106325.109375,
        106430.6015625,
        106401.15625,
        106348.7421875,
        106429.0546875,
        106324.90625,
        106315.453125,
        106401.34375,
        106342.140625,
        106391.6875,
        106315.7421875,
        106299.484375,
        106354.875,
        106305.4453125,
        106327.421875,
        106342.125,
        106407.3515625,
        106358.609375,
        106319.140625,
        106356.1015625,
        106319.0390625,
        106356.9375,
        106423.7265625,
        106342.234375,
        106352.796875,
        106327.953125,
        106359.671875,
        106325.7890625,
        106319.109375,
        106368.953125,
        106356.1875,
        106384.9140625,
        106310.0859375,
        106346.9296875,
        106373.6171875,
        106328.40625,
        106367.53125,
        106348.171875,
        106362.671875,
        106346.1484375
    ],
    "sumPSWeights": [
        106311.21875,
        106209.5859375,
        106370.46875,
        106576.625
    ],
    "sumLHEscaleWeights": [
        135215.953125,
        130473.9765625,
        125342.7265625,
        110212.953125,
        106346.1484375,
        102160.375,
        91640.671875,
        88422.015625,
        84941.1171875
    ]
}