{
    "sumGenWeights": 5653.540609404445,
    "nEvents": 498000,
    "sumLHEpdfWeights": [
        498000.0,
        497340.25,
        497311.0,
        498012.8125,
        498770.3125,
        496205.4375,
        498858.625,
        496928.09375,
        496983.4375,
        497723.9375,
        497668.625,
        499920.5625,
        498184.3125,
        498848.375,
        499528.78125,
        499110.46875,
        499397.84375,
        499926.0625,
        495552.0625,
        495751.3125,
        498043.3125,
        496545.0,
        497610.21875,
        498801.0625,
        495489.0,
        497992.5,
        497598.25,
        497985.78125,
        497182.5,
        495608.625,
        497524.0625,
        495537.46875,
        498129.9375,
        497821.3125,
        496270.375,
        498237.75,
        498858.5625,
        497057.09375,
        498248.4375,
        497953.0625,
        497736.21875,
        497400.5,
        498345.8125,
        497822.5,
        497831.75,
        497741.5,
        497030.46875,
        498174.6875,
        498179.53125,
        497626.21875,
        497971.0625,
        498089.78125,
        498388.1875,
        498081.3125,
        497856.46875,
        497142.3125,
        497960.09375,
        498183.0625,
        498228.9375,
        498044.09375,
        497938.71875,
        498063.5,
        498175.125,
        498570.53125,
        497811.53125,
        498139.5,
        497893.625,
        497456.5,
        498387.0,
        497956.28125,
        498457.65625,
        497667.65625,
        497462.59375,
        497839.5625,
        497737.125,
        498061.9375,
        498157.0,
        498057.84375,
        497991.65625,
        497983.875,
        498038.25,
        497903.8125,
        497971.75,
        498564.21875,
        497928.875,
        498014.75,
        498017.15625,
        498028.8125,
        497878.25,
        497851.5625,
        498042.0,
        498076.34375,
        498161.1875,
        497849.9375,
        498021.84375,
        498101.0,
        497990.9375,
        498082.03125,
        498071.53125,
        498039.53125,
        498000.0
    ]
}