{
    "sumGenWeights": 15863.940029717982,
    "nEvents": 316852,
    "sumLHEpdfWeights": [
        316852.0,
        316692.625,
        316153.59375,
        316871.78125,
        317575.65625,
        316363.25,
        317609.9375,
        316857.53125,
        317183.21875,
        316717.875,
        316695.625,
        316832.0,
        317264.90625,
        317267.15625,
        317699.46875,
        317463.6875,
        317274.09375,
        317308.53125,
        316247.5,
        316370.3125,
        316624.25,
        316415.9375,
        316590.625,
        317222.78125,
        316002.375,
        316858.625,
        316603.8125,
        316493.8125,
        316654.71875,
        315607.6875,
        316745.25,
        315628.375,
        316863.1875,
        316597.5625,
        316064.1875,
        316969.8125,
        317558.875,
        316508.03125,
        316884.625,
        316824.4375,
        316688.25,
        316605.25,
        317066.46875,
        316767.375,
        316856.59375,
        316767.9375,
        316522.625,
        316918.75,
        316893.625,
        316657.25,
        316804.90625,
        316848.15625,
        317079.75,
        316872.59375,
        316796.90625,
        316561.34375,
        316820.15625,
        316923.1875,
        316943.0,
        316888.84375,
        316813.8125,
        316869.34375,
        316965.4375,
        317041.90625,
        316789.375,
        316965.625,
        316811.09375,
        316660.5625,
        317014.59375,
        316832.0,
        317005.5,
        316736.4375,
        316667.71875,
        316812.40625,
        316748.53125,
        316864.46875,
        316904.5,
        316916.625,
        316856.8125,
        316837.875,
        316862.34375,
        316803.21875,
        316848.3125,
        317066.6875,
        316825.375,
        316864.75,
        316855.0,
        316862.46875,
        316809.9375,
        316800.1875,
        316869.1875,
        316884.34375,
        316922.25,
        316789.75,
        316858.6875,
        316899.65625,
        316845.5625,
        316886.09375,
        316876.75,
        316869.4375,
        316852.0
    ]
}