{
    "sumGenWeights": -35355.75695420802,
    "nEvents": 176548,
    "sumLHEpdfWeights": [
        -35353.3125,
        -35302.2265625,
        -35278.3515625,
        -35355.80078125,
        -35438.93359375,
        -35243.5,
        -35443.56640625,
        -35286.68359375,
        -35302.25390625,
        -35344.58203125,
        -35317.79296875,
        -35449.671875,
        -35384.33203125,
        -35429.12109375,
        -35478.140625,
        -35442.703125,
        -35459.83984375,
        -35470.5,
        -35224.4453125,
        -35222.15234375,
        -35352.23828125,
        -35260.6171875,
        -35328.2578125,
        -35413.2421875,
        -35207.27734375,
        -35359.6015625,
        -35315.58203125,
        -35342.9609375,
        -35319.5859375,
        -35200.09375,
        -35346.1484375,
        -35204.19140625,
        -35353.0625,
        -35311.94140625,
        -35240.62890625,
        -35385.99609375,
        -35438.75,
        -35284.87890625,
        -35347.8671875,
        -35342.62890625,
        -35312.2734375,
        -35297.4609375,
        -35405.1484375,
        -35343.3828125,
        -35369.9609375,
        -35337.2734375,
        -35284.9375,
        -35372.20703125,
        -35356.80078125,
        -35309.30859375,
        -35332.87109375,
        -35346.28125,
        -35406.41796875,
        -35356.77734375,
        -35338.44140625,
        -35293.58984375,
        -35337.109375,
        -35377.08203125,
        -35390.41796875,
        -35361.76171875,
        -35342.19921875,
        -35347.77734375,
        -35389.90625,
        -35399.00390625,
        -35341.75,
        -35389.51953125,
        -35332.5390625,
        -35314.58984375,
        -35395.109375,
        -35346.765625,
        -35392.51953125,
        -35323.65625,
        -35313.65625,
        -35352.078125,
        -35325.23046875,
        -35351.75,
        -35361.50390625,
        -35379.77734375,
        -35363.5,
        -35345.23828125,
        -35357.64453125,
        -35340.1171875,
        -35357.91015625,
        -35409.33203125,
        -35344.93359375,
        -35363.484375,
        -35350.4921875,
        -35361.7734375,
        -35340.71875,
        -35334.8828125,
        -35367.44921875,
        -35363.85546875,
        -35381.2109375,
        -35333.5859375,
        -35359.57421875,
        -35374.19140625,
        -35347.08203125,
        -35370.359375,
        -35359.92578125,
        -35364.1953125,
        -35353.3125
    ],
    "sumPSWeights": [
        -35342.51953125,
        -35318.32421875,
        -35369.73828125,
        -35362.37890625
    ],
    "sumLHEscaleWeights": [
        -46620.41015625,
        -42497.12890625,
        -38907.375,
        -38794.06640625,
        -35353.3125,
        -32363.38671875,
        -32810.15234375,
        -29896.595703125,
        -27363.046875
    ]
}