{
    "nEvents": 334734,
    "sumGenWeights": -226349.63784116507,
    "sumSquaredGenWeights": 153063.94507440925,
    "sumLHEpdfWeights": [
        -226328.96875,
        -226311.140625,
        -225870.59375,
        -226396.453125,
        -226907.265625,
        -226201.265625,
        -226932.140625,
        -226692.4375,
        -226929.25,
        -226193.4375,
        -226205.5625,
        -225980.0625,
        -226765.6875,
        -226546.796875,
        -226840.828125,
        -226734.0625,
        -226458.390625,
        -226472.53125,
        -226154.484375,
        -226270.3125,
        -226112.625,
        -226188.84375,
        -226139.734375,
        -226536.171875,
        -225864.78125,
        -226308.53125,
        -226106.1875,
        -226033.015625,
        -226365.609375,
        -225541.296875,
        -226293.109375,
        -225540.5,
        -226352.78125,
        -226065.078125,
        -225848.078125,
        -226434.15625,
        -226821.65625,
        -226136.5,
        -226277.859375,
        -226295.15625,
        -226155.828125,
        -226191.171875,
        -226546.34375,
        -226227.5625,
        -226439.4375,
        -226306.953125,
        -226167.515625,
        -226348.3125,
        -226287.71875,
        -226141.046875,
        -226234.203125,
        -226281.953125,
        -226558.96875,
        -226307.4375,
        -226275.84375,
        -226206.8125,
        -226240.5625,
        -226428.515625,
        -226425.234375,
        -226367.0625,
        -226291.578125,
        -226292.8125,
        -226505.0,
        -226461.578125,
        -226333.21875,
        -226511.09375,
        -226282.875,
        -226260.03125,
        -226466.328125,
        -226316.78125,
        -226434.359375,
        -226260.765625,
        -226226.390625,
        -226358.59375,
        -226236.828125,
        -226290.96875,
        -226326.5625,
        -226446.65625,
        -226361.875,
        -226272.953125,
        -226351.015625,
        -226271.421875,
        -226358.875,
        -226501.15625,
        -226317.5,
        -226347.90625,
        -226295.953125,
        -226362.25,
        -226286.3125,
        -226272.953125,
        -226384.15625,
        -226354.671875,
        -226420.84375,
        -226255.0625,
        -226332.28125,
        -226395.6875,
        -226293.328125,
        -226380.453125,
        -226335.25,
        -226370.390625,
        -226328.96875
    ],
    "sumPSWeights": [
        -226422.78125,
        -226585.28125,
        -226257.6875,
        -225958.671875
    ],
    "sumLHEscaleWeights": [
        -289138.75,
        -276986.15625,
        -264483.40625,
        -236292.8125,
        -226328.96875,
        -216125.796875,
        -196892.59375,
        -188599.046875,
        -180078.109375
    ]
}