{
    "sumGenWeights": -226349.63784116507,
    "nEvents": 334734,
    "sumLHEpdfWeights": [
        334734.0,
        334644.75,
        333967.71875,
        334835.46875,
        335678.75,
        334466.875,
        335683.75,
        335187.6875,
        335559.6875,
        334603.375,
        334642.5625,
        334219.5625,
        335336.0625,
        334966.53125,
        335480.5,
        335351.375,
        334865.875,
        334893.09375,
        334474.65625,
        334620.6875,
        334341.96875,
        334545.65625,
        334404.03125,
        335032.125,
        334100.625,
        334756.75,
        334504.71875,
        334185.6875,
        334623.8125,
        333510.15625,
        334664.5,
        333484.65625,
        334732.5625,
        334429.0,
        334056.15625,
        334833.0,
        335498.78125,
        334483.1875,
        334764.6875,
        334715.84375,
        334600.875,
        334554.0,
        334931.34375,
        334666.09375,
        334746.3125,
        334682.0625,
        334497.09375,
        334779.53125,
        334757.75,
        334573.59375,
        334689.9375,
        334720.40625,
        334923.3125,
        334744.71875,
        334698.5625,
        334533.21875,
        334713.1875,
        334783.09375,
        334796.75,
        334767.96875,
        334705.59375,
        334747.25,
        334833.625,
        334859.25,
        334694.59375,
        334822.125,
        334710.46875,
        334600.25,
        334859.0625,
        334718.78125,
        334838.3125,
        334654.375,
        334607.8125,
        334710.09375,
        334662.9375,
        334740.0625,
        334769.125,
        334796.25,
        334737.15625,
        334724.40625,
        334740.9375,
        334697.65625,
        334732.5,
        334885.6875,
        334716.3125,
        334743.875,
        334734.6875,
        334740.4375,
        334706.84375,
        334701.625,
        334744.8125,
        334756.4375,
        334782.8125,
        334691.0,
        334737.28125,
        334766.9375,
        334730.0,
        334756.75,
        334749.96875,
        334745.53125,
        334734.0
    ]
}