{
    "nEvents": 183148,
    "sumGenWeights": -9169.794001303613,
    "sumSquaredGenWeights": 459.12224920722656,
    "sumLHEpdfWeights": [
        -9169.78125,
        -9155.8671875,
        -9149.7314453125,
        -9170.013671875,
        -9191.4013671875,
        -9140.3671875,
        -9192.482421875,
        -9151.669921875,
        -9155.984375,
        -9167.240234375,
        -9159.759765625,
        -9194.283203125,
        -9176.9130859375,
        -9188.9619140625,
        -9201.416015625,
        -9192.0625,
        -9196.9482421875,
        -9199.6611328125,
        -9135.6513671875,
        -9135.4140625,
        -9168.85546875,
        -9145.06640625,
        -9162.4580078125,
        -9184.693359375,
        -9131.2060546875,
        -9170.8408203125,
        -9159.291015625,
        -9166.404296875,
        -9160.51171875,
        -9129.189453125,
        -9167.32421875,
        -9130.720703125,
        -9169.033203125,
        -9158.2275390625,
        -9139.8134765625,
        -9177.451171875,
        -9191.189453125,
        -9151.3046875,
        -9167.6220703125,
        -9166.40234375,
        -9158.580078125,
        -9154.556640625,
        -9182.1572265625,
        -9166.4609375,
        -9173.4169921875,
        -9164.9814453125,
        -9151.47265625,
        -9174.564453125,
        -9169.9921875,
        -9157.9599609375,
        -9163.9033203125,
        -9167.41796875,
        -9182.630859375,
        -9170.3603515625,
        -9165.072265625,
        -9153.447265625,
        -9164.779296875,
        -9176.056640625,
        -9178.61328125,
        -9171.5517578125,
        -9166.1845703125,
        -9167.701171875,
        -9178.4091796875,
        -9181.69140625,
        -9166.4296875,
        -9178.837890625,
        -9163.5595703125,
        -9159.1982421875,
        -9180.36328125,
        -9167.751953125,
        -9179.619140625,
        -9161.52734375,
        -9158.8662109375,
        -9169.5673828125,
        -9161.4833984375,
        -9168.8037109375,
        -9171.599609375,
        -9176.2109375,
        -9172.4833984375,
        -9166.8603515625,
        -9170.580078125,
        -9165.7607421875,
        -9170.818359375,
        -9183.8828125,
        -9167.248046875,
        -9172.2626953125,
        -9168.75390625,
        -9171.6220703125,
        -9166.1328125,
        -9164.3251953125,
        -9173.400390625,
        -9172.4755859375,
        -9176.826171875,
        -9163.890625,
        -9171.2939453125,
        -9175.193359375,
        -9167.5732421875,
        -9174.1640625,
        -9171.4140625,
        -9172.431640625,
        -9169.78125
    ],
    "sumPSWeights": [
        -9166.857421875,
        -9170.46484375,
        -9173.48046875,
        -9162.013671875
    ],
    "sumLHEscaleWeights": [
        -12091.6015625,
        -11021.9658203125,
        -10090.8193359375,
        -10061.70703125,
        -9169.78125,
        -8393.634765625,
        -8509.62890625,
        -7754.126953125,
        -7096.69921875
    ]
}