{
    "nEvents": 39406203,
    "sumGenWeights": 39407204.283932686,
    "sumSquaredGenWeights": 39408269.1519568,
    "sumPSWeights": [
        39407204.0
    ]
}