{
    "nEvents": 45587818,
    "sumGenWeights": 45593306.56625831,
    "sumSquaredGenWeights": 45599156.550798535,
    "sumPSWeights": [
        45593304.0
    ]
}