{
    "nEvents": 63651596,
    "sumGenWeights": 63652607.31417894,
    "sumSquaredGenWeights": 63653666.09748876,
    "sumPSWeights": [
        63652620.0
    ]
}