{
    "nEvents": 8238224,
    "sumGenWeights": 267804166.37127686,
    "sumSquaredGenWeights": 8706551748.632812,
    "sumLHEpdfWeights": [
        -17415062.0,
        -17108692.0,
        -17261430.0,
        -17529236.0,
        -17441728.0,
        -17562610.0,
        -17638124.0,
        -17314842.0,
        -17233322.0,
        -17578904.0,
        -17681314.0,
        -17670450.0,
        -17165142.0,
        -17313824.0,
        -17166816.0,
        -17757704.0,
        -17765198.0,
        -17796064.0,
        -17363104.0,
        -17303830.0,
        -17522920.0,
        -16930128.0,
        -17222324.0,
        -17240996.0,
        -17185260.0,
        -17158346.0,
        -17471854.0,
        -17230086.0,
        -17152496.0,
        -17677442.0,
        -17695198.0,
        -17370694.0,
        -17490432.0,
        -17256988.0,
        -17199904.0,
        -17783486.0,
        -17314740.0,
        -17579160.0,
        -17437978.0,
        -17247338.0,
        -17389474.0,
        -17391092.0,
        -17038748.0,
        -17395578.0,
        -17183528.0,
        -17500754.0,
        -17510968.0,
        -16954988.0,
        -17018720.0,
        -17403040.0,
        -17693254.0,
        -17132702.0,
        -17167512.0,
        -17400988.0,
        -17167272.0,
        -17205164.0,
        -17244052.0,
        -17315392.0,
        -17129618.0,
        -17926860.0,
        -17411672.0,
        -17349548.0,
        -17268976.0,
        -17301520.0,
        -17311904.0,
        -17327596.0,
        -17447058.0,
        -17007988.0,
        -17615182.0,
        -17306744.0,
        -17007658.0,
        -17790162.0,
        -17539062.0,
        -17577562.0,
        -17782874.0,
        -17649208.0,
        -17823706.0,
        -17299666.0,
        -17488504.0,
        -17490076.0,
        -17273658.0,
        -17012234.0,
        -17765198.0,
        -17295362.0,
        -17491616.0,
        -17716758.0,
        -16881024.0,
        -17504460.0,
        -17567736.0,
        -17823808.0,
        -17192424.0,
        -17231550.0,
        -17758276.0,
        -17604688.0,
        -17422332.0,
        -17263636.0,
        -17213992.0,
        -17131712.0,
        -17684386.0,
        -17426798.0,
        -17451592.0
    ],
    "sumPSWeights": [
        267804224.0,
        267781792.0,
        267806256.0,
        267831712.0
    ],
    "sumLHEscaleWeights": [
        275261568.0,
        280740992.0,
        287279712.0,
        260331456.0,
        267736224.0,
        275156032.0,
        246368352.0,
        255088416.0,
        262900704.0
    ]
}