{
    "nEvents": 8498506,
    "sumGenWeights": 275739426.3479233,
    "sumSquaredGenWeights": 8947458875.374268,
    "sumLHEpdfWeights": [
        -17732860.0,
        -17550152.0,
        -17596484.0,
        -17897012.0,
        -17861836.0,
        -17864092.0,
        -17926614.0,
        -17531912.0,
        -17558240.0,
        -17963766.0,
        -17939324.0,
        -18081390.0,
        -17491576.0,
        -17580132.0,
        -17510272.0,
        -18051570.0,
        -18061108.0,
        -18086564.0,
        -17667420.0,
        -17530832.0,
        -17776984.0,
        -17250482.0,
        -17558336.0,
        -17554138.0,
        -17486094.0,
        -17403692.0,
        -17827448.0,
        -17601708.0,
        -17459996.0,
        -18018520.0,
        -17962710.0,
        -17788898.0,
        -17811324.0,
        -17547036.0,
        -17565996.0,
        -18150996.0,
        -17653396.0,
        -17859322.0,
        -17723004.0,
        -17492338.0,
        -17632044.0,
        -17856574.0,
        -17359404.0,
        -17710660.0,
        -17399994.0,
        -17813788.0,
        -17862238.0,
        -17283304.0,
        -17483618.0,
        -17927004.0,
        -17974312.0,
        -17617442.0,
        -17432912.0,
        -17700418.0,
        -17565420.0,
        -17528178.0,
        -17607090.0,
        -17627122.0,
        -17404292.0,
        -18206824.0,
        -17866666.0,
        -17672622.0,
        -17706150.0,
        -17547768.0,
        -17717658.0,
        -17633900.0,
        -17796836.0,
        -17249086.0,
        -18049596.0,
        -17587428.0,
        -17304282.0,
        -18091916.0,
        -18031370.0,
        -18032386.0,
        -18072680.0,
        -17937200.0,
        -18141816.0,
        -17623898.0,
        -17783712.0,
        -17846074.0,
        -17541298.0,
        -17296902.0,
        -18061108.0,
        -17475892.0,
        -17821110.0,
        -18011378.0,
        -17216656.0,
        -17969148.0,
        -17798336.0,
        -18257984.0,
        -17467436.0,
        -17539564.0,
        -18104868.0,
        -17966384.0,
        -17803698.0,
        -17602750.0,
        -17533480.0,
        -17475270.0,
        -17961166.0,
        -17771014.0,
        -17886162.0
    ],
    "sumPSWeights": [
        275730528.0,
        275722624.0,
        275756256.0,
        275786688.0
    ],
    "sumLHEscaleWeights": [
        283455328.0,
        289063584.0,
        295756736.0,
        268080000.0,
        276023328.0,
        283286784.0,
        253700896.0,
        262617072.0,
        270679200.0
    ]
}