{
    "nEvents": 14162000,
    "sumGenWeights": 50285368.30101204,
    "sumSquaredGenWeights": 421319159.740448,
    "sumLHEpdfWeights": [
        50309792.0,
        25161056.0,
        25130420.0,
        25111918.0,
        25173476.0,
        25120702.0,
        25139956.0,
        25123552.0,
        25080706.0,
        25197726.0,
        25095392.0,
        25153256.0,
        25144940.0,
        25197396.0,
        25144148.0,
        25256620.0,
        25110992.0,
        25136756.0,
        25077864.0,
        25151040.0,
        25198854.0,
        25105256.0,
        25193928.0,
        25097052.0,
        25115412.0,
        25116868.0,
        25128258.0,
        25236118.0,
        25173858.0,
        25213508.0,
        25160884.0,
        25247518.0,
        25136042.0,
        25167048.0,
        25178956.0,
        25117666.0,
        25091102.0,
        25181396.0,
        25169634.0,
        25115256.0,
        25147820.0,
        25164372.0,
        25103058.0,
        25122380.0,
        25116686.0,
        25142106.0,
        25128002.0,
        25133158.0,
        25152432.0,
        25116882.0,
        25127176.0,
        25153622.0,
        25141930.0,
        25141306.0,
        25144530.0,
        25169218.0,
        25159864.0,
        25146050.0,
        25152132.0,
        25165122.0,
        25150430.0,
        25148230.0,
        25146290.0,
        25140752.0,
        25162250.0,
        25142996.0,
        25165488.0,
        25164348.0,
        25134864.0,
        25141916.0,
        25138472.0,
        25154438.0,
        25148764.0,
        25147996.0,
        25147672.0,
        25136098.0,
        25136906.0,
        25152484.0,
        25143762.0,
        25127796.0,
        25141742.0,
        25139806.0,
        25151376.0,
        25132102.0,
        25154196.0,
        25140046.0,
        25138612.0,
        25146280.0,
        25149484.0,
        25153644.0,
        25141992.0,
        25151468.0,
        25142170.0,
        25147162.0,
        25135808.0,
        25141050.0,
        25145936.0,
        25144626.0,
        25147030.0,
        25147348.0,
        25154892.0
    ],
    "sumPSWeights": [
        50283952.0,
        50289612.0,
        50284704.0,
        50287072.0
    ],
    "sumLHEscaleWeights": [
        25521786.0,
        25834560.0,
        26092504.0,
        24794416.0,
        50309792.0,
        25429048.0,
        24201536.0,
        24580884.0,
        24888320.0
    ]
}