{
    "sumGenWeights": 267804166.37127686,
    "nEvents": 8238224,
    "sumLHEpdfWeights": [
        -535793.875,
        -527343.875,
        -530949.5625,
        -539119.5,
        -538584.25,
        -540256.375,
        -542559.4375,
        -532566.625,
        -529744.6875,
        -540839.8125,
        -543718.5625,
        -544458.625,
        -527965.125,
        -532593.0,
        -528175.5625,
        -546338.375,
        -546356.8125,
        -547397.0625,
        -534348.25,
        -532381.8125,
        -539119.375,
        -521338.9375,
        -530787.125,
        -530585.875,
        -528714.0,
        -527799.4375,
        -537330.75,
        -531015.5,
        -527596.75,
        -544092.9375,
        -544417.4375,
        -534843.3125,
        -538039.8125,
        -530845.8125,
        -529195.0,
        -546934.0625,
        -532723.0625,
        -540699.9375,
        -536404.75,
        -530497.5625,
        -535012.8125,
        -538158.375,
        -524969.125,
        -535140.125,
        -528547.5,
        -538306.875,
        -539424.25,
        -522447.5625,
        -524567.0625,
        -537616.5,
        -544370.125,
        -529356.5,
        -528063.6875,
        -535361.3125,
        -529938.9375,
        -529346.25,
        -531035.25,
        -532625.1875,
        -526986.0625,
        -551379.4375,
        -536850.125,
        -533559.5,
        -532453.5625,
        -532302.6875,
        -532550.25,
        -533910.375,
        -536694.0,
        -523272.0625,
        -542332.75,
        -532475.1875,
        -523233.75,
        -547368.5625,
        -541852.6875,
        -542229.4375,
        -547742.5,
        -543010.25,
        -548527.625,
        -533438.6875,
        -538310.3125,
        -537999.25,
        -531468.9375,
        -523322.5625,
        -546356.8125,
        -532089.625,
        -538049.25,
        -544969.625,
        -519398.46875,
        -540122.5,
        -540508.9375,
        -550500.75,
        -528824.875,
        -529976.5,
        -546297.75,
        -541741.8125,
        -537190.3125,
        -531084.5625,
        -530110.625,
        -526972.625,
        -544090.1875,
        -536391.875,
        -538485.25
    ]
}