{
    "nEvents": 42742000,
    "sumGenWeights": 2999285112.245682,
    "sumSquaredGenWeights": 213893907472.65625,
    "sumLHEpdfWeights": [
        2995342336.0,
        2994556928.0,
        3003422208.0,
        3000645888.0,
        3008365312.0,
        2995870720.0,
        2990859776.0,
        2993981952.0,
        2991912448.0,
        3006452224.0,
        2996314880.0,
        2991726080.0,
        3000529664.0,
        2994911744.0,
        3001579520.0,
        3000767232.0,
        3004456448.0,
        2995046144.0,
        2997877504.0,
        3001827072.0,
        3000781824.0,
        3000259584.0,
        2999334912.0,
        3003942144.0,
        2993131520.0,
        3000906240.0,
        3004087040.0,
        2993197312.0,
        2993190400.0,
        3014040576.0,
        3001488640.0,
        3002460672.0,
        3000556800.0,
        3002888192.0,
        3002512128.0,
        2997574400.0,
        2998018816.0,
        3002671104.0,
        2998585600.0,
        2996273920.0,
        2999272960.0,
        2997050880.0,
        2993772800.0,
        2999582464.0,
        3003110912.0,
        2996113152.0,
        3004442112.0,
        3003809280.0,
        2994641408.0,
        2995768832.0,
        3002199808.0,
        3002853888.0,
        2996846080.0,
        3000160256.0,
        3002083328.0,
        2999472896.0,
        2996655616.0,
        2999294464.0,
        3000598528.0,
        2995939584.0,
        2999385344.0,
        2995975168.0,
        2998129664.0,
        2998027520.0,
        2996122624.0,
        3001049856.0,
        2998147072.0,
        2997250816.0,
        3002838016.0,
        3000408320.0,
        2994454016.0,
        2995122176.0,
        2997266432.0,
        2995504640.0,
        2995876608.0,
        2995334144.0,
        2999895808.0,
        2993810944.0,
        2998484736.0,
        3001219584.0,
        2999536896.0,
        3001549568.0,
        3002049024.0,
        2997747968.0,
        2996016128.0,
        2998262784.0,
        2997576448.0,
        2995069952.0,
        2999372544.0,
        2996719360.0,
        2998209792.0,
        2996818432.0,
        2996566528.0,
        2997962240.0,
        2997165312.0,
        2999321344.0,
        2995409408.0,
        3003575552.0,
        2995415296.0,
        2997981696.0,
        2996619520.0,
        2917179136.0,
        3085405184.0
    ],
    "sumPSWeights": [
        2999022336.0,
        2999290880.0,
        2999333376.0,
        2999625472.0
    ],
    "sumLHEscaleWeights": [
        3377933312.0,
        3319139072.0,
        3281084416.0,
        3073376768.0,
        2995342336.0,
        2942243840.0,
        2781798912.0,
        2701589760.0,
        2635717376.0
    ]
}