{
    "nEvents": 41144000,
    "sumGenWeights": 2735068268.1378174,
    "sumSquaredGenWeights": 184752209988.28125,
    "sumLHEpdfWeights": [
        2734667520.0,
        2733987072.0,
        2736102912.0,
        2735290112.0,
        2740285440.0,
        2734166784.0,
        2729985792.0,
        2731518976.0,
        2729376768.0,
        2738401280.0,
        2733364480.0,
        2730098944.0,
        2734927360.0,
        2731376896.0,
        2737799168.0,
        2736061184.0,
        2737443072.0,
        2733894656.0,
        2734428672.0,
        2734828544.0,
        2737176832.0,
        2735844608.0,
        2735073280.0,
        2736350720.0,
        2732437248.0,
        2736801024.0,
        2738842112.0,
        2732586752.0,
        2731809024.0,
        2747780864.0,
        2734667520.0,
        2736114688.0,
        2737021184.0,
        2736086528.0,
        2736380672.0,
        2735628800.0,
        2734535680.0,
        2736012032.0,
        2735843840.0,
        2734435072.0,
        2735895040.0,
        2734773504.0,
        2731587072.0,
        2734631424.0,
        2736240128.0,
        2734597376.0,
        2736868864.0,
        2736466176.0,
        2732623872.0,
        2734274304.0,
        2734887424.0,
        2735220480.0,
        2734208000.0,
        2734912000.0,
        2734889472.0,
        2734820096.0,
        2735065088.0,
        2734672640.0,
        2735137792.0,
        2734482688.0,
        2734292224.0,
        2734575360.0,
        2734597376.0,
        2734859520.0,
        2734895104.0,
        2734567424.0,
        2735357952.0,
        2734405376.0,
        2734828544.0,
        2735133440.0,
        2733419776.0,
        2734377216.0,
        2734817280.0,
        2733667584.0,
        2733988096.0,
        2734001152.0,
        2735736320.0,
        2732516608.0,
        2735110912.0,
        2735066112.0,
        2735432704.0,
        2734813952.0,
        2735260416.0,
        2734982912.0,
        2734281472.0,
        2735502080.0,
        2735348224.0,
        2733835008.0,
        2734704128.0,
        2734354432.0,
        2735088640.0,
        2734373120.0,
        2734539520.0,
        2735395072.0,
        2734519040.0,
        2735294208.0,
        2734194432.0,
        2736211968.0,
        2734423296.0,
        2734837504.0,
        2734718720.0,
        2660267776.0,
        2813737984.0
    ],
    "sumPSWeights": [
        2735080448.0,
        2735159040.0,
        2735001856.0,
        2735228928.0
    ],
    "sumLHEscaleWeights": [
        3080182528.0,
        3026032128.0,
        2990720512.0,
        2803430400.0,
        2734667520.0,
        2682324736.0,
        2538205952.0,
        2464187136.0,
        2403284224.0
    ]
}