{
    "nEvents": 41004000,
    "sumGenWeights": 3211289452.841034,
    "sumSquaredGenWeights": 255676017251.95312,
    "sumLHEpdfWeights": [
        3212473344.0,
        3210583296.0,
        3213324800.0,
        3212520704.0,
        3217149440.0,
        3210850304.0,
        3204089344.0,
        3206697984.0,
        3203962112.0,
        3215377408.0,
        3209898752.0,
        3205455616.0,
        3211848960.0,
        3207812608.0,
        3215010816.0,
        3213121280.0,
        3214571776.0,
        3210903808.0,
        3211065856.0,
        3212368128.0,
        3214011392.0,
        3212095744.0,
        3211223552.0,
        3213213184.0,
        3208628480.0,
        3213161472.0,
        3216004096.0,
        3208333824.0,
        3207159296.0,
        3225655808.0,
        3211860480.0,
        3213356800.0,
        3213992192.0,
        3213325568.0,
        3212691456.0,
        3212481280.0,
        3211531008.0,
        3212535552.0,
        3213201664.0,
        3210664704.0,
        3212990976.0,
        3211667456.0,
        3207612672.0,
        3211490048.0,
        3213195776.0,
        3211755008.0,
        3213683456.0,
        3213028864.0,
        3209118208.0,
        3211153408.0,
        3211976960.0,
        3212044032.0,
        3211244800.0,
        3212342272.0,
        3212368128.0,
        3212222976.0,
        3212560384.0,
        3211936768.0,
        3212769792.0,
        3211886080.0,
        3211676672.0,
        3211720192.0,
        3212003840.0,
        3212329472.0,
        3212174592.0,
        3211886080.0,
        3212812032.0,
        3211998464.0,
        3212388352.0,
        3212696320.0,
        3210475008.0,
        3211371008.0,
        3212563968.0,
        3210728960.0,
        3211210752.0,
        3211309824.0,
        3213401088.0,
        3209387776.0,
        3212779776.0,
        3212747264.0,
        3213104640.0,
        3212489472.0,
        3212898560.0,
        3212700672.0,
        3211890944.0,
        3213224448.0,
        3213067264.0,
        3211197184.0,
        3212462848.0,
        3211813376.0,
        3212733952.0,
        3211950848.0,
        3212153600.0,
        3213113344.0,
        3212162048.0,
        3213093888.0,
        3211687424.0,
        3213952000.0,
        3211918080.0,
        3212541184.0,
        3212432896.0,
        3123134720.0,
        3303406080.0
    ],
    "sumPSWeights": [
        3211392000.0,
        3211176448.0,
        3211267072.0,
        3211441408.0
    ],
    "sumLHEscaleWeights": [
        3618514176.0,
        3556392704.0,
        3516673024.0,
        3289028096.0,
        3212473344.0,
        3151679488.0,
        2974597632.0,
        2890747136.0,
        2821895168.0
    ]
}