{
    "nEvents": 41110000,
    "sumGenWeights": 2964568933.7822723,
    "sumSquaredGenWeights": 221003084399.41406,
    "sumLHEpdfWeights": [
        2966973952.0,
        2962012928.0,
        2968908288.0,
        2966933504.0,
        2971511808.0,
        2963364608.0,
        2956055552.0,
        2959907328.0,
        2957243392.0,
        2971215872.0,
        2962903808.0,
        2957530624.0,
        2966063104.0,
        2961124096.0,
        2967278080.0,
        2967086592.0,
        2969832448.0,
        2964384000.0,
        2963423232.0,
        2967090944.0,
        2966432768.0,
        2965708800.0,
        2964183296.0,
        2968252672.0,
        2959436800.0,
        2965993728.0,
        2969244672.0,
        2958247424.0,
        2959048192.0,
        2979104768.0,
        2966609408.0,
        2968564480.0,
        2966680320.0,
        2967979008.0,
        2967001088.0,
        2965106688.0,
        2964528640.0,
        2967347968.0,
        2966674432.0,
        2962577920.0,
        2966032896.0,
        2964199168.0,
        2959781632.0,
        2965827328.0,
        2968544000.0,
        2965453056.0,
        2969025792.0,
        2968440576.0,
        2961819648.0,
        2964608512.0,
        2967055360.0,
        2967784704.0,
        2964496896.0,
        2966789120.0,
        2967252736.0,
        2966573056.0,
        2966152704.0,
        2965970432.0,
        2966655488.0,
        2965643008.0,
        2966027264.0,
        2964982528.0,
        2966051328.0,
        2966354432.0,
        2965705472.0,
        2966641152.0,
        2966962944.0,
        2966200832.0,
        2966837248.0,
        2967007744.0,
        2963548416.0,
        2964415488.0,
        2966877696.0,
        2964487680.0,
        2964717824.0,
        2964886016.0,
        2967542272.0,
        2962974208.0,
        2967120896.0,
        2967082496.0,
        2967439104.0,
        2967047168.0,
        2967495168.0,
        2966941184.0,
        2966076160.0,
        2967314176.0,
        2967190016.0,
        2965056000.0,
        2966903552.0,
        2965798400.0,
        2966996480.0,
        2966146048.0,
        2966275840.0,
        2967420672.0,
        2966343168.0,
        2967522304.0,
        2965456896.0,
        2968608000.0,
        2965645056.0,
        2966812672.0,
        2966675456.0,
        2883396096.0,
        3049687808.0
    ],
    "sumPSWeights": [
        2964672000.0,
        2964860160.0,
        2964586752.0,
        2964182528.0
    ],
    "sumLHEscaleWeights": [
        3339229952.0,
        3281256448.0,
        3243843072.0,
        3037486848.0,
        2966973952.0,
        2908494592.0,
        2748801280.0,
        2669919488.0,
        2605199616.0
    ]
}