{
    "nEvents": 42673000,
    "sumGenWeights": 2618050768.7129517,
    "sumSquaredGenWeights": 163177853534.42383,
    "sumLHEpdfWeights": [
        2619116800.0,
        2617611008.0,
        2621927936.0,
        2620226048.0,
        2624545792.0,
        2617568512.0,
        2610863872.0,
        2614097152.0,
        2611464192.0,
        2624232448.0,
        2616587520.0,
        2611639808.0,
        2619304448.0,
        2614542592.0,
        2620617472.0,
        2620402944.0,
        2622942464.0,
        2617542400.0,
        2617332224.0,
        2620020736.0,
        2619585024.0,
        2619555584.0,
        2617674752.0,
        2621515520.0,
        2613890304.0,
        2619253760.0,
        2622232064.0,
        2612894976.0,
        2613403648.0,
        2630790144.0,
        2619642624.0,
        2621507072.0,
        2620244480.0,
        2621085952.0,
        2620349952.0,
        2618968576.0,
        2618167040.0,
        2620640768.0,
        2619653888.0,
        2616492544.0,
        2619447040.0,
        2617741312.0,
        2614426368.0,
        2619214848.0,
        2621872640.0,
        2618454528.0,
        2622351360.0,
        2621783808.0,
        2616072192.0,
        2617706752.0,
        2620358656.0,
        2621143296.0,
        2618039040.0,
        2619821824.0,
        2620428288.0,
        2619620096.0,
        2618991360.0,
        2619378688.0,
        2619471872.0,
        2618682880.0,
        2618970112.0,
        2618256384.0,
        2618905600.0,
        2619251456.0,
        2618679296.0,
        2619754752.0,
        2619831808.0,
        2618798080.0,
        2619676160.0,
        2619708928.0,
        2616832000.0,
        2617760512.0,
        2619357440.0,
        2617501952.0,
        2617799680.0,
        2617871616.0,
        2620199424.0,
        2616259072.0,
        2619803392.0,
        2619724800.0,
        2620059648.0,
        2619616768.0,
        2620180992.0,
        2619475712.0,
        2618646528.0,
        2619902976.0,
        2619779072.0,
        2617866240.0,
        2619399936.0,
        2618585088.0,
        2619593472.0,
        2618816512.0,
        2618883840.0,
        2619927552.0,
        2618900992.0,
        2619946240.0,
        2618386176.0,
        2621232640.0,
        2618435840.0,
        2619392000.0,
        2619171840.0,
        2546572800.0,
        2693304320.0
    ],
    "sumPSWeights": [
        2618020608.0,
        2617975808.0,
        2618156800.0,
        2618451712.0
    ],
    "sumLHEscaleWeights": [
        2947638272.0,
        2895218432.0,
        2860746752.0,
        2684472576.0,
        2619116800.0,
        2566673408.0,
        2431767296.0,
        2359694848.0,
        2300408320.0
    ]
}