{
    "sumGenWeights": 467514.45368111134,
    "nEvents": 688849,
    "sumLHEpdfWeights": [
        467497.25,
        467603.78125,
        467391.03125,
        467590.59375,
        468054.71875,
        466701.96875,
        467284.6875,
        466516.84375,
        465642.1875,
        469405.125,
        466776.65625,
        468563.6875,
        467194.6875,
        469226.0,
        467378.71875,
        470524.875,
        466982.6875,
        467407.9375,
        465264.53125,
        467358.8125,
        467918.75,
        465834.34375,
        468838.1875,
        466830.1875,
        465960.65625,
        467236.3125,
        467632.3125,
        468947.5,
        467670.0,
        470069.625,
        468869.59375,
        469925.125,
        467065.4375,
        468943.34375,
        468044.25,
        466784.5625,
        466489.65625,
        468351.375,
        468229.125,
        466377.75,
        467153.25,
        467723.21875,
        465577.9375,
        466782.4375,
        466919.75,
        467406.0625,
        466740.03125,
        467413.84375,
        468216.5,
        466407.0,
        467159.09375,
        468218.53125,
        467121.21875,
        467447.28125,
        467591.6875,
        468133.0,
        467686.25,
        467239.8125,
        467649.4375,
        467933.5625,
        468196.1875,
        467832.15625,
        467593.15625,
        466831.03125,
        467974.0,
        467584.5625,
        467958.0625,
        468048.09375,
        467437.9375,
        467057.46875,
        467349.84375,
        467510.5625,
        467454.9375,
        467712.8125,
        467178.78125,
        467314.75,
        467294.25,
        467705.125,
        467747.5625,
        467027.625,
        467499.1875,
        467718.6875,
        467786.0,
        467140.46875,
        467716.8125,
        467322.40625,
        467510.78125,
        467791.78125,
        467536.6875,
        467612.375,
        467431.8125,
        467665.0625,
        467306.0,
        467428.6875,
        467472.75,
        467451.3125,
        467375.96875,
        467506.375,
        467516.90625,
        467542.9375,
        467496.5,
        448893.75,
        485005.0
    ],
    "sumPSWeights": [
        472194.96875,
        468137.90625,
        461559.625,
        466127.25
    ],
    "sumLHEscaleWeights": [
        516473.875,
        511231.25,
        508276.84375,
        476735.96875,
        467497.25,
        460472.96875,
        431564.375,
        420852.25,
        412123.96875
    ]
}