{
    "nEvents": 14196000,
    "sumGenWeights": 3464156.4616895914,
    "sumSquaredGenWeights": 3486103.5266518593,
    "sumLHEpdfWeights": [
        3464551.0,
        3461363.75,
        3457725.0,
        3464738.0,
        3470550.5,
        3456356.0,
        3467883.25,
        3457019.5,
        3456679.0,
        3467669.25,
        3459787.25,
        3471319.25,
        3465647.0,
        3473110.5,
        3470883.5,
        3478248.5,
        3468164.5,
        3469837.75,
        3450088.0,
        3457580.0,
        3465751.5,
        3454235.75,
        3466903.5,
        3466156.0,
        3451318.0,
        3463489.5,
        3462532.0,
        3467917.0,
        3462862.0,
        3461791.25,
        3467217.0,
        3462980.0,
        3462259.75,
        3464176.0,
        3459559.0,
        3464467.5,
        3464519.0,
        3462366.0,
        3465488.25,
        3461446.5,
        3460639.5,
        3460725.5,
        3462122.5,
        3462827.0,
        3463940.25,
        3463173.0,
        3458296.0,
        3464715.0,
        3467410.0,
        3458018.75,
        3462312.5,
        3465571.0,
        3466583.5,
        3464388.75,
        3464202.75,
        3462910.75,
        3464799.25,
        3465457.0,
        3466757.5,
        3466751.5,
        3465878.5,
        3465523.5,
        3466467.0,
        3465312.5,
        3465334.5,
        3466185.75,
        3465274.5,
        3464015.0,
        3467724.5,
        3463127.0,
        3467428.0,
        3463090.75,
        3461787.25,
        3465978.0,
        3461531.5,
        3464206.5,
        3465181.25,
        3466926.0,
        3466895.0,
        3462896.5,
        3465373.0,
        3464179.5,
        3466642.25,
        3467065.5,
        3464735.0,
        3464642.25,
        3464496.75,
        3467449.0,
        3463692.5,
        3463720.5,
        3466138.5,
        3465920.25,
        3465921.0,
        3463294.75,
        3465773.0,
        3466531.0,
        3463969.0,
        3466317.5,
        3465766.5,
        3466817.5,
        3464541.25,
        3370517.0,
        3565095.75
    ],
    "sumPSWeights": [
        3464229.5,
        3463481.75,
        3463912.5,
        3465440.25
    ],
    "sumLHEscaleWeights": [
        3789245.5,
        3734229.0,
        3693622.0,
        3557309.5,
        3464551.0,
        3388326.0,
        3292754.5,
        3180524.25,
        3086728.5
    ]
}