{
    "nEvents": 14154000,
    "sumGenWeights": 7231075.481118679,
    "sumSquaredGenWeights": 14969857.878684998,
    "sumLHEpdfWeights": [
        7230186.0,
        7225020.0,
        7219673.0,
        7232342.0,
        7245194.5,
        7215041.0,
        7241728.5,
        7214956.0,
        7214891.5,
        7238421.5,
        7221062.5,
        7245750.0,
        7233924.5,
        7251398.5,
        7244916.5,
        7261152.5,
        7240341.5,
        7243073.5,
        7201393.5,
        7217019.5,
        7234549.5,
        7209327.0,
        7236836.0,
        7235058.5,
        7204581.0,
        7228894.0,
        7228713.5,
        7238889.0,
        7228645.5,
        7225941.0,
        7237455.0,
        7227707.0,
        7227116.5,
        7234018.0,
        7221414.0,
        7231260.0,
        7233907.0,
        7226315.5,
        7234735.0,
        7223130.0,
        7224115.0,
        7223600.0,
        7227108.0,
        7225439.5,
        7230155.0,
        7225641.0,
        7217559.0,
        7230548.0,
        7235632.0,
        7219334.0,
        7226261.0,
        7232759.0,
        7238220.5,
        7229417.5,
        7227967.0,
        7226893.0,
        7231184.0,
        7230140.0,
        7234458.0,
        7234472.0,
        7233009.0,
        7231012.0,
        7235951.0,
        7229966.0,
        7231232.5,
        7236836.0,
        7231366.0,
        7228677.0,
        7236837.0,
        7226622.0,
        7235241.5,
        7226996.0,
        7224112.0,
        7230927.0,
        7222679.0,
        7227200.5,
        7229576.5,
        7233125.0,
        7232705.0,
        7225115.0,
        7229386.0,
        7227825.5,
        7232462.5,
        7234807.0,
        7229552.0,
        7228882.0,
        7228729.5,
        7234055.5,
        7227497.5,
        7226688.0,
        7230779.0,
        7232334.0,
        7231504.0,
        7226148.0,
        7230709.0,
        7231895.0,
        7226248.0,
        7231378.0,
        7231535.0,
        7232030.0,
        7230184.0,
        7036084.5,
        7440832.0
    ],
    "sumPSWeights": [
        7230982.0,
        7232447.0,
        7230844.5,
        7232864.5
    ],
    "sumLHEscaleWeights": [
        7916082.5,
        7799142.0,
        7711804.0,
        7427269.0,
        7230186.0,
        7070871.5,
        6873746.5,
        6637855.5,
        6440446.0
    ]
}