{
    "nEvents": 15883000,
    "sumGenWeights": 15883118.074743986,
    "sumSquaredGenWeights": 15883271.553922772,
    "sumPSWeights": [
        15882838.0,
        15883885.0,
        15883448.0,
        15881036.0
    ]
}