{
    "sumGenWeights": 1819671151.8945312,
    "nEvents": 102464,
    "sumLHEpdfWeights": [
        102464.0,
        102432.2109375,
        102406.5,
        102385.703125,
        102457.9453125,
        102506.59375,
        102495.078125,
        102528.3046875,
        102544.875,
        102388.0546875,
        102460.859375,
        102480.8125,
        102539.34375,
        102487.9375,
        102343.109375,
        102487.703125,
        102416.9609375,
        102384.71875,
        102478.875,
        102465.984375,
        102476.25,
        102581.546875,
        102483.1875,
        102464.984375,
        102667.171875,
        102512.046875,
        102281.6640625,
        102480.78125,
        102545.609375,
        102194.59375,
        102449.640625,
        102456.203125,
        102412.546875,
        102482.234375,
        102409.25,
        102433.3671875,
        102501.046875,
        102457.3125,
        102461.6640625,
        102431.0390625,
        102452.359375,
        102475.1015625,
        102500.8359375,
        102456.7109375,
        102474.6328125,
        102531.40625,
        102429.609375,
        102401.65625,
        102478.640625,
        102447.234375,
        102497.171875,
        102478.609375,
        102431.234375,
        102473.203125,
        102451.5859375,
        102482.171875,
        102463.265625,
        102471.515625,
        102499.3046875,
        102449.8125,
        102467.484375,
        102435.578125,
        102468.96875,
        102455.703125,
        102429.7734375,
        102513.6484375,
        102420.578125,
        102465.1875,
        102465.546875,
        102437.390625,
        102486.890625,
        102441.921875,
        102470.84375,
        102485.625,
        102467.390625,
        102462.359375,
        102452.6796875,
        102471.3125,
        102461.8515625,
        102471.640625,
        102443.78125,
        102453.59375,
        102446.375,
        102466.359375,
        102474.625,
        102447.140625,
        102456.5625,
        102465.265625,
        102459.359375,
        102469.359375,
        102454.953125,
        102456.859375,
        102470.359375,
        102432.0703125,
        102474.609375,
        102463.09375,
        102457.203125,
        102449.453125,
        102464.140625,
        102466.84375,
        102483.234375,
        100147.828125,
        104738.0625
    ]
}