{
    "sumGenWeights": -1518516.401974678,
    "nEvents": 170567,
    "sumLHEpdfWeights": [
        170567.0,
        170531.78125,
        170259.5625,
        170613.25,
        170986.0,
        170439.1875,
        170965.28125,
        170776.34375,
        171041.109375,
        170505.671875,
        170537.9375,
        170256.625,
        170816.90625,
        170641.03125,
        170870.1875,
        170811.5,
        170612.171875,
        170622.78125,
        170478.40625,
        170544.40625,
        170405.421875,
        170499.375,
        170421.125,
        170675.75,
        170265.171875,
        170569.21875,
        170470.09375,
        170360.8125,
        170496.34375,
        169996.625,
        170522.90625,
        169979.8125,
        170568.0,
        170446.84375,
        170278.75,
        170616.96875,
        170870.46875,
        170458.59375,
        170591.359375,
        170561.71875,
        170514.53125,
        170497.484375,
        170645.78125,
        170538.09375,
        170567.90625,
        170543.71875,
        170455.953125,
        170585.234375,
        170578.1875,
        170501.359375,
        170550.9375,
        170563.625,
        170639.03125,
        170571.78125,
        170551.78125,
        170476.625,
        170558.765625,
        170587.875,
        170591.40625,
        170581.265625,
        170556.0625,
        170573.5625,
        170606.03125,
        170621.9375,
        170549.734375,
        170599.703125,
        170557.796875,
        170508.375,
        170621.453125,
        170560.390625,
        170612.15625,
        170533.0625,
        170511.265625,
        170555.875,
        170537.515625,
        170569.90625,
        170582.484375,
        170591.78125,
        170568.03125,
        170563.40625,
        170570.203125,
        170551.875,
        170566.0625,
        170631.8125,
        170559.578125,
        170570.625,
        170567.46875,
        170569.71875,
        170555.375,
        170553.46875,
        170571.28125,
        170575.71875,
        170586.578125,
        170549.9375,
        170568.34375,
        170580.0,
        170565.53125,
        170576.078125,
        170573.53125,
        170571.71875,
        170567.0
    ]
}