{
    "sumGenWeights": 61924.3162279129,
    "nEvents": 184368,
    "sumLHEpdfWeights": [
        184368.0,
        184311.3125,
        184016.640625,
        184405.15625,
        184789.34375,
        184178.359375,
        184788.390625,
        184521.96875,
        184747.015625,
        184281.21875,
        184303.25,
        184167.96875,
        184631.4375,
        184518.828125,
        184757.265625,
        184652.796875,
        184499.5,
        184516.640625,
        184155.15625,
        184232.4375,
        184213.765625,
        184218.375,
        184218.15625,
        184525.03125,
        183964.71875,
        184363.421875,
        184222.375,
        184153.578125,
        184293.0,
        183706.0,
        184316.140625,
        183693.5,
        184368.09375,
        184204.46875,
        183986.59375,
        184432.4375,
        184723.171875,
        184219.734375,
        184376.515625,
        184357.671875,
        184283.15625,
        184259.890625,
        184487.5625,
        184327.171875,
        184388.046875,
        184333.4375,
        184218.421875,
        184393.953125,
        184379.28125,
        184265.4375,
        184333.75,
        184357.03125,
        184484.484375,
        184372.1875,
        184343.75,
        184240.515625,
        184344.40625,
        184401.71875,
        184410.28125,
        184389.0,
        184348.703125,
        184373.421875,
        184435.5,
        184448.625,
        184342.09375,
        184435.859375,
        184348.8125,
        184285.046875,
        184448.28125,
        184358.546875,
        184433.328125,
        184317.25,
        184287.84375,
        184355.234375,
        184319.90625,
        184370.21875,
        184389.625,
        184411.3125,
        184371.90625,
        184359.4375,
        184371.5625,
        184343.9375,
        184368.203125,
        184467.78125,
        184356.03125,
        184375.90625,
        184367.53125,
        184372.59375,
        184349.65625,
        184344.625,
        184377.0625,
        184382.421875,
        184402.375,
        184339.0625,
        184370.265625,
        184391.5,
        184364.09375,
        184384.15625,
        184378.5625,
        184376.21875,
        184368.0
    ]
}