{
    "sumGenWeights": 671544.7571592331,
    "nEvents": 75433,
    "sumLHEpdfWeights": [
        75433.0,
        75435.765625,
        75275.0625,
        75460.515625,
        75618.7578125,
        75419.78125,
        75623.6875,
        75597.0,
        75672.5859375,
        75375.046875,
        75414.53125,
        75264.8203125,
        75583.4921875,
        75471.640625,
        75576.796875,
        75547.359375,
        75440.15625,
        75437.703125,
        75416.8515625,
        75445.890625,
        75341.625,
        75409.609375,
        75359.4375,
        75487.0,
        75306.78125,
        75430.1328125,
        75361.265625,
        75311.46875,
        75445.71875,
        75161.71875,
        75425.25,
        75160.90625,
        75427.234375,
        75329.171875,
        75274.171875,
        75463.453125,
        75582.484375,
        75378.7734375,
        75427.03125,
        75418.0078125,
        75387.375,
        75398.203125,
        75484.34375,
        75405.484375,
        75445.765625,
        75427.921875,
        75381.328125,
        75444.0234375,
        75433.890625,
        75385.09375,
        75414.9921875,
        75424.4375,
        75485.40625,
        75436.5625,
        75426.296875,
        75393.84375,
        75422.1875,
        75448.5234375,
        75450.484375,
        75439.921875,
        75426.390625,
        75431.484375,
        75473.09375,
        75459.0,
        75426.6875,
        75466.796875,
        75425.7265625,
        75408.046875,
        75458.2890625,
        75429.921875,
        75456.015625,
        75415.828125,
        75407.390625,
        75427.703125,
        75419.375,
        75433.640625,
        75439.0,
        75457.78125,
        75434.21875,
        75429.84375,
        75435.5,
        75425.046875,
        75432.453125,
        75468.078125,
        75429.796875,
        75435.90625,
        75431.9140625,
        75435.28125,
        75427.203125,
        75425.234375,
        75436.953125,
        75438.0546875,
        75445.765625,
        75421.765625,
        75433.7265625,
        75440.6484375,
        75431.5625,
        75438.7890625,
        75436.5625,
        75436.15625,
        75433.0
    ]
}