{
    "sumGenWeights": -385052.84776997566,
    "nEvents": 173003,
    "sumLHEpdfWeights": [
        -385067.0,
        -385006.875,
        -384226.5,
        -385140.5,
        -385967.1875,
        -384864.75,
        -386012.125,
        -385680.8125,
        -386117.28125,
        -384745.3125,
        -384816.4375,
        -384355.9375,
        -385761.3125,
        -385359.3125,
        -385867.3125,
        -385669.9375,
        -385224.3125,
        -385218.75,
        -384804.5,
        -384981.78125,
        -384642.625,
        -384811.125,
        -384688.375,
        -385374.125,
        -384263.03125,
        -384962.34375,
        -384621.75,
        -384504.25,
        -385112.8125,
        -383682.1875,
        -384973.3125,
        -383704.4375,
        -385091.625,
        -384529.625,
        -384188.125,
        -385224.0,
        -385806.25,
        -384697.9375,
        -384922.46875,
        -384953.75,
        -384710.09375,
        -384813.0,
        -385388.25,
        -384828.4375,
        -385236.6875,
        -385020.96875,
        -384759.125,
        -385081.25,
        -384962.125,
        -384681.28125,
        -384858.15625,
        -384953.875,
        -385425.5,
        -385009.125,
        -384956.0,
        -384834.9375,
        -384873.46875,
        -385250.4375,
        -385211.3125,
        -385096.1875,
        -384989.4375,
        -384969.6875,
        -385361.28125,
        -385269.3125,
        -385052.375,
        -385360.59375,
        -384968.25,
        -384932.0625,
        -385260.59375,
        -385035.5625,
        -385224.5625,
        -384935.09375,
        -384875.25,
        -385079.96875,
        -384888.53125,
        -384978.875,
        -385038.25,
        -385286.0625,
        -385101.125,
        -384950.6875,
        -385087.84375,
        -384938.625,
        -385086.9375,
        -385354.59375,
        -385036.40625,
        -385079.125,
        -384976.125,
        -385099.0625,
        -384977.3125,
        -384945.46875,
        -385129.5625,
        -385100.0,
        -385204.96875,
        -384909.5,
        -385066.875,
        -385157.875,
        -384973.75,
        -385133.84375,
        -385060.0,
        -385110.625,
        -385067.0
    ],
    "sumPSWeights": [
        -384964.53125,
        -384967.75,
        -385182.9375,
        -385570.1875
    ],
    "sumLHEscaleWeights": [
        -490898.53125,
        -471690.8125,
        -451562.1875,
        -400728.0,
        -385067.0,
        -368601.15625,
        -333599.71875,
        -320542.0625,
        -306850.28125
    ]
}