{
    "sumGenWeights": 326717.2203063965,
    "nEvents": 240000,
    "sumLHEpdfWeights": [
        326747.25,
        326707.25,
        325988.9375,
        326819.53125,
        327522.25,
        326602.3125,
        327560.21875,
        327355.28125,
        327696.3125,
        326456.4375,
        326547.53125,
        326071.34375,
        327356.09375,
        326970.625,
        327350.03125,
        327254.625,
        326811.75,
        326816.4375,
        326572.1875,
        326707.625,
        326364.65625,
        326587.5,
        326417.3125,
        326980.375,
        326097.84375,
        326661.71875,
        326343.71875,
        326219.8125,
        326799.90625,
        325591.125,
        326664.28125,
        325587.90625,
        326762.78125,
        326249.34375,
        325990.125,
        326879.90625,
        327407.5,
        326472.15625,
        326624.5,
        326685.125,
        326448.1875,
        326541.625,
        327043.25,
        326566.21875,
        326929.0,
        326725.96875,
        326524.28125,
        326754.125,
        326648.0625,
        326419.3125,
        326564.59375,
        326652.09375,
        327066.34375,
        326697.625,
        326673.5625,
        326580.0,
        326581.875,
        326888.3125,
        326869.9375,
        326795.125,
        326689.75,
        326678.90625,
        327000.5625,
        326897.8125,
        326753.5625,
        327017.71875,
        326679.375,
        326644.96875,
        326919.96875,
        326732.15625,
        326876.75,
        326654.375,
        326608.375,
        326780.6875,
        326607.40625,
        326676.46875,
        326729.46875,
        326940.65625,
        326788.59375,
        326655.96875,
        326771.46875,
        326650.5625,
        326790.25,
        326966.875,
        326733.34375,
        326772.5625,
        326685.03125,
        326791.40625,
        326689.34375,
        326661.84375,
        326810.3125,
        326778.25,
        326859.84375,
        326628.875,
        326748.1875,
        326831.625,
        326684.59375,
        326809.78125,
        326757.0625,
        326801.78125,
        326747.25
    ],
    "sumPSWeights": [
        326617.0,
        326538.375,
        326790.8125,
        327322.875
    ],
    "sumLHEscaleWeights": [
        415383.71875,
        400872.3125,
        385131.09375,
        338551.125,
        326747.25,
        313888.78125,
        281482.1875,
        271611.625,
        260974.140625
    ]
}