{
    "sumGenWeights": -5200.32585670799,
    "nEvents": 61939,
    "sumLHEpdfWeights": [
        61939.0,
        61837.6328125,
        61798.71875,
        61938.625,
        62083.4453125,
        61729.78515625,
        62094.62890625,
        61794.26953125,
        61821.8671875,
        61922.50390625,
        61872.3671875,
        62127.4453125,
        61981.5,
        62074.8515625,
        62164.4765625,
        62097.9375,
        62137.09765625,
        62154.5234375,
        61698.3515625,
        61688.09765625,
        61935.7421875,
        61763.6796875,
        61886.87109375,
        62044.484375,
        61665.84375,
        61945.83984375,
        61872.29296875,
        61919.984375,
        61868.6015625,
        61656.375,
        61924.375,
        61668.83984375,
        61930.875,
        61859.43359375,
        61732.078125,
        61998.328125,
        62084.19140625,
        61807.0703125,
        61922.99609375,
        61913.78125,
        61853.3125,
        61830.9765625,
        62026.49609375,
        61916.1953125,
        61956.171875,
        61912.203125,
        61807.03125,
        61966.7109375,
        61952.5625,
        61850.99609375,
        61897.703125,
        61926.5390625,
        62031.4296875,
        61948.27734375,
        61914.40625,
        61827.203125,
        61911.390625,
        61974.7734375,
        62000.671875,
        61954.2421875,
        61924.8125,
        61924.7421875,
        61999.4609375,
        62017.9296875,
        61915.71875,
        61994.4296875,
        61900.8046875,
        61862.84375,
        62004.3828125,
        61933.359375,
        62008.75,
        61882.796875,
        61863.7265625,
        61922.1328125,
        61890.984375,
        61943.44140625,
        61952.4375,
        61975.51171875,
        61943.078125,
        61929.1015625,
        61944.65625,
        61920.625,
        61937.484375,
        62034.09375,
        61925.53125,
        61948.4453125,
        61936.921875,
        61946.91796875,
        61918.21875,
        61904.47265625,
        61957.7421875,
        61954.078125,
        61980.16015625,
        61902.3125,
        61943.609375,
        61967.953125,
        61931.1015625,
        61961.875,
        61951.40625,
        61948.765625,
        61939.0
    ]
}