{
    "nEvents": 172061,
    "sumGenWeights": 14446.003516413271,
    "sumSquaredGenWeights": 1212.8965326924808,
    "sumLHEpdfWeights": [
        14447.3271484375,
        14441.09375,
        14415.8681640625,
        14448.837890625,
        14479.98828125,
        14432.06640625,
        14481.1513671875,
        14461.4130859375,
        14476.259765625,
        14436.205078125,
        14437.03515625,
        14430.35546875,
        14470.2705078125,
        14460.859375,
        14479.263671875,
        14471.1806640625,
        14457.955078125,
        14459.1875,
        14428.5029296875,
        14435.0400390625,
        14432.90234375,
        14433.0751953125,
        14433.5751953125,
        14459.87109375,
        14412.326171875,
        14444.3505859375,
        14429.841796875,
        14426.638671875,
        14444.791015625,
        14392.07421875,
        14443.4296875,
        14391.7685546875,
        14446.7236328125,
        14426.900390625,
        14411.4716796875,
        14453.515625,
        14475.373046875,
        14432.4599609375,
        14441.978515625,
        14444.296875,
        14433.83203125,
        14435.3525390625,
        14460.4453125,
        14440.400390625,
        14453.1953125,
        14444.7421875,
        14434.1142578125,
        14448.1953125,
        14443.833984375,
        14432.4267578125,
        14439.0986328125,
        14442.92578125,
        14460.421875,
        14445.1484375,
        14443.06640625,
        14436.689453125,
        14440.01171875,
        14453.60546875,
        14453.015625,
        14449.009765625,
        14444.158203125,
        14444.041015625,
        14456.724609375,
        14455.2734375,
        14446.244140625,
        14457.3779296875,
        14443.0263671875,
        14440.6376953125,
        14455.7861328125,
        14446.033203125,
        14453.681640625,
        14441.4951171875,
        14439.337890625,
        14448.189453125,
        14439.623046875,
        14444.0126953125,
        14446.65234375,
        14454.2509765625,
        14449.140625,
        14442.865234375,
        14448.076171875,
        14442.5810546875,
        14448.603515625,
        14458.369140625,
        14445.95703125,
        14448.58984375,
        14444.3203125,
        14448.8671875,
        14443.81640625,
        14442.45703125,
        14449.9609375,
        14448.91015625,
        14452.517578125,
        14441.154296875,
        14447.681640625,
        14451.18359375,
        14444.23046875,
        14450.2080078125,
        14447.650390625,
        14449.326171875,
        14447.3271484375
    ],
    "sumPSWeights": [
        14445.482421875,
        14455.30859375,
        14445.619140625,
        14460.302734375
    ],
    "sumLHEscaleWeights": [
        18523.125,
        17640.48046875,
        16764.3125,
        15171.275390625,
        14447.3271484375,
        13726.65625,
        12665.103515625,
        12057.953125,
        11456.2646484375
    ]
}