{
    "sumGenWeights": -22044.5740814209,
    "nEvents": 65632,
    "sumLHEpdfWeights": [
        65632.0,
        65525.8203125,
        65485.05078125,
        65630.28125,
        65788.4453125,
        65401.65234375,
        65795.578125,
        65484.140625,
        65506.28125,
        65613.234375,
        65565.109375,
        65833.03125,
        65681.1875,
        65778.453125,
        65865.1875,
        65800.390625,
        65839.2890625,
        65863.171875,
        65366.9453125,
        65362.75390625,
        65632.40625,
        65448.7734375,
        65585.125,
        65741.71875,
        65345.859375,
        65642.546875,
        65552.9609375,
        65610.875,
        65553.0,
        65341.70703125,
        65616.625,
        65347.65234375,
        65619.2734375,
        65540.5,
        65411.69921875,
        65691.140625,
        65793.3828125,
        65505.7109375,
        65615.1953125,
        65617.828125,
        65548.421875,
        65514.3828125,
        65737.671875,
        65619.7421875,
        65661.6640625,
        65601.015625,
        65499.69921875,
        65658.9921875,
        65641.953125,
        65538.5,
        65587.3515625,
        65620.140625,
        65731.53125,
        65636.765625,
        65610.25,
        65517.93359375,
        65600.46875,
        65660.0859375,
        65689.7578125,
        65650.8671875,
        65613.34375,
        65625.03125,
        65688.640625,
        65704.9921875,
        65608.0625,
        65699.765625,
        65595.5546875,
        65556.8515625,
        65705.9375,
        65623.3125,
        65694.734375,
        65577.1953125,
        65559.859375,
        65620.71875,
        65580.109375,
        65634.2890625,
        65648.078125,
        65665.578125,
        65639.6640625,
        65621.859375,
        65634.109375,
        65610.140625,
        65631.7265625,
        65726.734375,
        65618.515625,
        65643.453125,
        65630.640625,
        65637.921875,
        65612.515625,
        65600.8984375,
        65646.84375,
        65646.921875,
        65672.703125,
        65597.46875,
        65635.90625,
        65659.734375,
        65625.9609375,
        65652.875,
        65643.109375,
        65640.5,
        65632.0
    ]
}