{
    "sumGenWeights": 17104.94002699852,
    "nEvents": 250000,
    "sumLHEpdfWeights": [
        17106.388671875,
        17073.173828125,
        17066.103515625,
        17105.28125,
        17145.353515625,
        17038.791015625,
        17148.099609375,
        17056.998046875,
        17061.990234375,
        17102.767578125,
        17084.994140625,
        17165.5859375,
        17114.966796875,
        17145.71875,
        17166.740234375,
        17149.498046875,
        17163.33203125,
        17169.548828125,
        17030.818359375,
        17026.810546875,
        17107.5390625,
        17051.66015625,
        17093.828125,
        17134.71484375,
        17025.6875,
        17109.634765625,
        17084.216796875,
        17102.048828125,
        17083.4609375,
        17026.537109375,
        17101.322265625,
        17029.93359375,
        17102.35546875,
        17081.056640625,
        17043.919921875,
        17121.9765625,
        17148.197265625,
        17067.0703125,
        17100.25390625,
        17100.70703125,
        17081.70703125,
        17071.755859375,
        17132.076171875,
        17103.099609375,
        17113.056640625,
        17096.6953125,
        17066.87890625,
        17116.27734375,
        17108.685546875,
        17080.921875,
        17093.96484375,
        17102.255859375,
        17132.443359375,
        17108.197265625,
        17098.650390625,
        17071.58984375,
        17096.626953125,
        17119.703125,
        17123.62890625,
        17110.947265625,
        17099.3828125,
        17103.826171875,
        17121.916015625,
        17131.25,
        17098.65625,
        17124.07421875,
        17093.416015625,
        17083.361328125,
        17128.275390625,
        17102.5390625,
        17126.923828125,
        17089.6875,
        17084.27734375,
        17106.939453125,
        17089.79296875,
        17106.263671875,
        17111.427734375,
        17117.34375,
        17113.09375,
        17103.021484375,
        17108.44921875,
        17098.716796875,
        17109.3125,
        17134.0546875,
        17101.41015625,
        17112.603515625,
        17105.361328125,
        17111.02734375,
        17099.65625,
        17096.6640625,
        17114.5,
        17112.1328125,
        17120.646484375,
        17095.51171875,
        17110.337890625,
        17118.380859375,
        17103.96875,
        17116.1328125,
        17110.0078125,
        17112.70703125,
        17106.388671875
    ],
    "sumPSWeights": [
        17101.228515625,
        17102.802734375,
        17110.373046875,
        17089.181640625
    ],
    "sumLHEscaleWeights": [
        22700.96484375,
        20481.103515625,
        18582.455078125,
        18959.65234375,
        17106.388671875,
        15517.328125,
        16080.8642578125,
        14507.689453125,
        13161.2421875
    ]
}