{
    "nEvents": 65632,
    "sumGenWeights": -22044.5740814209,
    "sumSquaredGenWeights": 7404.57716883719,
    "sumLHEpdfWeights": [
        -22044.62890625,
        -22008.42578125,
        -21997.16015625,
        -22043.66015625,
        -22096.3515625,
        -21967.984375,
        -22098.78515625,
        -21995.5078125,
        -22002.85546875,
        -22038.125,
        -22020.26171875,
        -22111.85546875,
        -22060.99609375,
        -22094.4765625,
        -22120.53125,
        -22101.515625,
        -22112.9453125,
        -22122.03125,
        -21955.1640625,
        -21954.16015625,
        -22045.01953125,
        -21982.45703125,
        -22029.16015625,
        -22081.00390625,
        -21948.47265625,
        -22047.765625,
        -22018.365234375,
        -22037.28125,
        -22018.95703125,
        -21947.3203125,
        -22038.884765625,
        -21948.84765625,
        -22041.72265625,
        -22016.62109375,
        -21971.00390625,
        -22064.77734375,
        -22099.80078125,
        -22001.029296875,
        -22039.931640625,
        -22038.392578125,
        -22017.50390625,
        -22005.8671875,
        -22079.140625,
        -22039.6171875,
        -22055.29296875,
        -22033.16015625,
        -21999.46875,
        -22054.474609375,
        -22045.25390625,
        -22014.4765625,
        -22028.81640625,
        -22037.9453125,
        -22077.654296875,
        -22045.01171875,
        -22034.140625,
        -22005.068359375,
        -22032.671875,
        -22056.779296875,
        -22065.841796875,
        -22049.794921875,
        -22036.697265625,
        -22039.00390625,
        -22065.322265625,
        -22071.158203125,
        -22036.46875,
        -22066.5546875,
        -22029.33984375,
        -22018.330078125,
        -22070.75,
        -22039.90625,
        -22067.3125,
        -22024.19140625,
        -22018.35546875,
        -22042.6875,
        -22024.435546875,
        -22042.3203125,
        -22048.46484375,
        -22058.068359375,
        -22049.41015625,
        -22038.13671875,
        -22045.576171875,
        -22035.431640625,
        -22045.83984375,
        -22077.923828125,
        -22038.404296875,
        -22049.7109375,
        -22042.19140625,
        -22047.81640625,
        -22036.0078125,
        -22031.3203125,
        -22051.8671875,
        -22050.28125,
        -22059.98046875,
        -22030.5,
        -22047.2265625,
        -22056.130859375,
        -22039.59765625,
        -22053.79296875,
        -22047.9921875,
        -22049.37890625,
        -22044.62890625
    ],
    "sumPSWeights": [
        -22022.056640625,
        -22015.58984375,
        -22071.611328125,
        -21988.603515625
    ],
    "sumLHEscaleWeights": [
        -29160.37109375,
        -26448.251953125,
        -24105.748046875,
        -24306.828125,
        -22044.62890625,
        -20090.33203125,
        -20585.8359375,
        -18668.67578125,
        -17012.61328125
    ]
}