{
    "sumGenWeights": 171369.51646494865,
    "nEvents": 76997,
    "sumLHEpdfWeights": [
        76997.0,
        76997.2109375,
        76833.7109375,
        77030.796875,
        77191.078125,
        76977.765625,
        77197.6875,
        77163.328125,
        77240.828125,
        76943.5546875,
        76974.59375,
        76827.3359375,
        77147.65625,
        77036.1953125,
        77140.078125,
        77112.65625,
        77005.3671875,
        77003.8828125,
        76977.3125,
        77006.6875,
        76907.4921875,
        76974.4921875,
        76922.796875,
        77053.03125,
        76865.03125,
        76992.2421875,
        76922.015625,
        76871.046875,
        77008.640625,
        76725.3125,
        76984.4765625,
        76722.375,
        76995.3046875,
        76897.9453125,
        76838.5,
        77023.71875,
        77155.3828125,
        76946.1875,
        76988.78125,
        76986.890625,
        76950.953125,
        76958.140625,
        77053.765625,
        76968.5234375,
        77019.25,
        76990.609375,
        76948.3125,
        77005.109375,
        76995.390625,
        76944.515625,
        76975.859375,
        76986.953125,
        77055.796875,
        76997.171875,
        76988.546875,
        76958.171875,
        76980.375,
        77013.8203125,
        77014.984375,
        77006.5625,
        76988.40625,
        76995.4609375,
        77041.3359375,
        77022.9921875,
        76990.5,
        77039.9140625,
        76988.71875,
        76971.7890625,
        77026.5,
        76993.859375,
        77019.1015625,
        76979.875,
        76970.984375,
        76995.109375,
        76980.078125,
        76995.703125,
        77002.84375,
        77028.7734375,
        76999.1796875,
        76992.046875,
        76998.5625,
        76987.25,
        76997.953125,
        77035.3828125,
        76993.109375,
        77001.0078125,
        76995.171875,
        76999.0234375,
        76990.828125,
        76988.53125,
        77001.9453125,
        77002.6328125,
        77011.8125,
        76984.65625,
        76997.5625,
        77006.8671875,
        76994.6953125,
        77003.78125,
        77000.6171875,
        77000.7109375,
        76997.0
    ]
}