{
    "sumGenWeights": 326717.2203063965,
    "nEvents": 240000,
    "sumLHEpdfWeights": [
        240000.0,
        239961.671875,
        239520.84375,
        240086.96875,
        240638.84375,
        239862.3125,
        240633.9375,
        240418.171875,
        240719.90625,
        239890.875,
        239953.3125,
        239513.765625,
        240428.484375,
        240105.8125,
        240455.359375,
        240376.875,
        240039.8125,
        240061.796875,
        239902.984375,
        239998.59375,
        239733.34375,
        239912.484375,
        239776.953125,
        240167.8125,
        239585.53125,
        240010.5,
        239829.296875,
        239629.546875,
        239950.953125,
        239171.59375,
        239948.171875,
        239143.6875,
        239994.4375,
        239767.28125,
        239557.21875,
        240073.59375,
        240488.15625,
        239850.6875,
        240015.9375,
        239991.8125,
        239906.9375,
        239890.578125,
        240144.3125,
        239955.25,
        240023.53125,
        239970.96875,
        239849.15625,
        240025.15625,
        240010.125,
        239886.53125,
        239962.0,
        239984.546875,
        240128.8125,
        240003.390625,
        239979.25,
        239877.015625,
        239980.625,
        240030.21875,
        240039.75,
        240025.921875,
        239980.71875,
        240006.875,
        240074.625,
        240073.3125,
        239977.3125,
        240070.0625,
        239984.8125,
        239918.875,
        240083.65625,
        239990.5,
        240061.609375,
        239951.03125,
        239923.421875,
        239989.0625,
        239954.75,
        240001.28125,
        240020.375,
        240049.65625,
        240003.09375,
        239992.9375,
        240003.15625,
        239975.875,
        240000.453125,
        240096.578125,
        239989.0625,
        240007.90625,
        239998.984375,
        240003.59375,
        239983.71875,
        239979.75,
        240007.4375,
        240013.921875,
        240031.734375,
        239972.53125,
        240001.40625,
        240021.640625,
        239996.96875,
        240014.53125,
        240009.375,
        240007.0625,
        240000.0
    ]
}