{
    "nEvents": 61939,
    "sumGenWeights": -5200.32585670799,
    "sumSquaredGenWeights": 436.6241671736352,
    "sumLHEpdfWeights": [
        -5200.30712890625,
        -5191.7373046875,
        -5188.87451171875,
        -5200.275390625,
        -5212.24169921875,
        -5182.888671875,
        -5213.17138671875,
        -5188.2646484375,
        -5190.537109375,
        -5198.82666015625,
        -5194.5751953125,
        -5216.138671875,
        -5203.91748046875,
        -5211.8681640625,
        -5219.0205078125,
        -5213.685546875,
        -5216.7763671875,
        -5218.36962890625,
        -5180.01171875,
        -5179.224609375,
        -5200.08984375,
        -5185.53125,
        -5196.03271484375,
        -5209.130859375,
        -5177.455078125,
        -5200.8916015625,
        -5194.74560546875,
        -5198.685546875,
        -5194.4970703125,
        -5176.5888671875,
        -5198.8251953125,
        -5177.57421875,
        -5199.87353515625,
        -5194.0419921875,
        -5183.01171875,
        -5205.228515625,
        -5212.73046875,
        -5189.076171875,
        -5199.2275390625,
        -5198.0390625,
        -5193.384765625,
        -5191.3994140625,
        -5207.462890625,
        -5198.3408203125,
        -5201.71484375,
        -5197.8896484375,
        -5189.169921875,
        -5202.7890625,
        -5201.0,
        -5193.224609375,
        -5196.92578125,
        -5198.98046875,
        -5207.9345703125,
        -5200.828125,
        -5197.72900390625,
        -5190.74267578125,
        -5197.986328125,
        -5204.03955078125,
        -5205.720703125,
        -5201.3779296875,
        -5198.822265625,
        -5198.638671875,
        -5205.40234375,
        -5207.4375,
        -5198.3349609375,
        -5204.658203125,
        -5196.74267578125,
        -5193.79296875,
        -5206.0615234375,
        -5199.46142578125,
        -5206.521484375,
        -5195.3154296875,
        -5193.671875,
        -5199.4375,
        -5195.9013671875,
        -5200.1171875,
        -5201.15625,
        -5203.787109375,
        -5201.21875,
        -5199.03076171875,
        -5200.896484375,
        -5198.408203125,
        -5200.48828125,
        -5208.544921875,
        -5198.845703125,
        -5201.3759765625,
        -5199.7099609375,
        -5201.2353515625,
        -5198.1640625,
        -5196.99853515625,
        -5202.46923828125,
        -5201.71337890625,
        -5204.15771484375,
        -5196.8642578125,
        -5200.9921875,
        -5203.2880859375,
        -5199.150390625,
        -5202.73193359375,
        -5201.263671875,
        -5201.61669921875,
        -5200.30712890625
    ],
    "sumPSWeights": [
        -5198.7412109375,
        -5196.3837890625,
        -5201.51025390625,
        -5198.3662109375
    ],
    "sumLHEscaleWeights": [
        -6879.5380859375,
        -6239.037109375,
        -5685.771484375,
        -5734.6845703125,
        -5200.30712890625,
        -4738.84033203125,
        -4856.98046875,
        -4404.1220703125,
        -4013.0087890625
    ]
}