{
    "nEvents": 184368,
    "sumGenWeights": 61924.3162279129,
    "sumSquaredGenWeights": 20799.32842849195,
    "sumLHEpdfWeights": [
        61922.58203125,
        61904.671875,
        61788.125,
        61937.0390625,
        62076.890625,
        61865.6015625,
        62083.44921875,
        61992.63671875,
        62052.8828125,
        61882.296875,
        61882.921875,
        61856.9375,
        62030.23828125,
        61990.125,
        62066.0390625,
        62037.45703125,
        61975.6953125,
        61981.5859375,
        61848.50390625,
        61877.1171875,
        61866.625,
        61866.62890625,
        61868.87109375,
        61982.1953125,
        61778.4375,
        61915.4765625,
        61853.5078125,
        61843.7265625,
        61922.62109375,
        61698.3046875,
        61912.5703125,
        61698.30078125,
        61925.890625,
        61839.921875,
        61777.08203125,
        61953.10546875,
        62059.08203125,
        61862.0234375,
        61904.4375,
        61911.3828125,
        61869.3671875,
        61874.75390625,
        61987.7109375,
        61894.94140625,
        61955.546875,
        61913.4453125,
        61868.609375,
        61931.46875,
        61912.125,
        61863.0390625,
        61892.74609375,
        61907.6796875,
        61990.703125,
        61917.578125,
        61906.26171875,
        61878.90234375,
        61895.2734375,
        61949.92578125,
        61952.4765625,
        61932.3828125,
        61910.1640625,
        61912.8203125,
        61973.62109375,
        61960.59765625,
        61919.19921875,
        61975.6796875,
        61906.546875,
        61895.8046875,
        61963.30859375,
        61917.5625,
        61953.8203125,
        61899.546875,
        61889.59375,
        61927.84375,
        61895.11328125,
        61914.7578125,
        61924.14453125,
        61962.1171875,
        61931.8125,
        61910.515625,
        61927.1171875,
        61904.515625,
        61929.8828125,
        61974.96875,
        61917.3125,
        61929.5859375,
        61913.8125,
        61931.1875,
        61908.7421875,
        61904.83984375,
        61936.140625,
        61930.7265625,
        61949.0078125,
        61901.5546875,
        61924.1484375,
        61942.2265625,
        61912.5703125,
        61937.34375,
        61925.8203125,
        61933.4140625,
        61922.58203125
    ],
    "sumPSWeights": [
        61968.546875,
        61871.8203125,
        61876.8671875,
        61946.546875
    ],
    "sumLHEscaleWeights": [
        79405.6796875,
        75616.59375,
        71858.296875,
        65036.96875,
        61922.58203125,
        58838.4453125,
        54293.65625,
        51687.578125,
        49106.6484375
    ]
}