{
    "nEvents": 75433,
    "sumGenWeights": 671544.7571592331,
    "sumSquaredGenWeights": 5978677.644050598,
    "sumLHEpdfWeights": [
        671559.9375,
        671568.0,
        670091.8125,
        671792.875,
        673180.6875,
        671428.3125,
        673255.875,
        672954.75,
        673691.0,
        671010.875,
        671237.625,
        670053.4375,
        672864.875,
        671927.875,
        672778.9375,
        672536.375,
        671586.25,
        671576.125,
        671429.25,
        671666.0,
        670768.5,
        671361.375,
        670898.0,
        672031.5,
        670371.5,
        671390.625,
        670843.75,
        670536.0,
        671692.3125,
        669222.0,
        671436.375,
        669237.0,
        671619.875,
        670654.875,
        670130.25,
        671847.8125,
        672825.3125,
        671009.25,
        671379.0,
        671383.875,
        670983.375,
        671214.625,
        672091.625,
        671144.625,
        671868.125,
        671547.625,
        671116.875,
        671616.1875,
        671418.0,
        670939.75,
        671280.4375,
        671420.875,
        672176.875,
        671512.6875,
        671437.75,
        671253.75,
        671278.0,
        671852.5,
        671801.375,
        671635.625,
        671468.75,
        671436.25,
        672092.375,
        671879.125,
        671582.375,
        672086.5,
        671441.875,
        671394.75,
        671875.5625,
        671534.5625,
        671817.5625,
        671388.0,
        671294.6875,
        671604.75,
        671338.875,
        671459.75,
        671543.75,
        671940.875,
        671628.625,
        671419.75,
        671617.5,
        671404.25,
        671625.5,
        672001.75,
        671545.8125,
        671600.875,
        671453.0,
        671642.875,
        671453.0625,
        671416.125,
        671678.625,
        671620.25,
        671785.125,
        671353.875,
        671560.375,
        671718.625,
        671467.3125,
        671675.25,
        671588.25,
        671661.5,
        671559.9375
    ],
    "sumPSWeights": [
        671125.0,
        672252.6875,
        672007.9375,
        669274.375
    ],
    "sumLHEscaleWeights": [
        851008.25,
        825431.125,
        796397.875,
        692370.3125,
        671559.9375,
        647919.0625,
        574823.75,
        557536.9375,
        537908.875
    ]
}