{
    "sumGenWeights": -385052.84776997566,
    "nEvents": 173003,
    "sumLHEpdfWeights": [
        173003.0,
        172972.625,
        172682.0,
        173047.78125,
        173413.46875,
        172889.421875,
        173405.09375,
        173223.234375,
        173482.4375,
        172922.859375,
        172964.625,
        172688.0625,
        173263.421875,
        173089.8125,
        173325.09375,
        173250.25,
        173057.171875,
        173064.484375,
        172918.28125,
        172976.515625,
        172836.625,
        172920.65625,
        172848.3125,
        173123.15625,
        172683.65625,
        172998.34375,
        172889.15625,
        172788.515625,
        172958.84375,
        172411.53125,
        172958.765625,
        172405.25,
        173006.15625,
        172859.421875,
        172689.625,
        173058.25,
        173308.375,
        172880.53125,
        173016.03125,
        172984.171875,
        172931.40625,
        172929.09375,
        173086.71875,
        172955.4375,
        173007.15625,
        172979.21875,
        172881.1875,
        173025.53125,
        173015.1875,
        172921.65625,
        172981.53125,
        172997.34375,
        173090.078125,
        173011.671875,
        172984.859375,
        172903.875,
        172988.375,
        173033.03125,
        173035.40625,
        173017.015625,
        172990.59375,
        173006.90625,
        173061.65625,
        173068.4375,
        172984.078125,
        173049.625,
        172989.640625,
        172939.1875,
        173058.34375,
        172996.0,
        173058.0625,
        172963.6875,
        172939.5,
        172987.8125,
        172970.84375,
        173006.84375,
        173020.359375,
        173039.921875,
        173004.0,
        172997.59375,
        173008.34375,
        172986.296875,
        173001.0625,
        173079.5,
        172994.5,
        173007.34375,
        173002.90625,
        173007.34375,
        172988.5625,
        172985.78125,
        173010.109375,
        173013.90625,
        173028.28125,
        172981.125,
        173005.0625,
        173018.96875,
        173000.5,
        173014.96875,
        173011.375,
        173009.46875,
        173003.0
    ]
}