{
    "nEvents": 170567,
    "sumGenWeights": -1518516.401974678,
    "sumSquaredGenWeights": 13519498.16771698,
    "sumLHEpdfWeights": [
        -1518698.375,
        -1518502.875,
        -1515243.5,
        -1518983.0,
        -1522080.375,
        -1517849.75,
        -1522187.0,
        -1521010.5,
        -1522763.75,
        -1517520.0,
        -1517814.25,
        -1515761.5,
        -1521280.75,
        -1519881.5,
        -1521588.75,
        -1521015.0,
        -1519318.375,
        -1519344.0,
        -1517605.125,
        -1518291.0,
        -1516872.25,
        -1517842.0,
        -1517189.5,
        -1519787.5,
        -1515566.0,
        -1518363.875,
        -1517018.0,
        -1516162.75,
        -1518847.5,
        -1512903.75,
        -1518396.5,
        -1512855.5,
        -1518797.0,
        -1516612.75,
        -1515167.75,
        -1519360.0,
        -1521585.375,
        -1517406.125,
        -1518242.75,
        -1518450.5,
        -1517447.75,
        -1517768.25,
        -1520051.25,
        -1517997.25,
        -1519518.0,
        -1518604.625,
        -1517646.25,
        -1518821.25,
        -1518333.75,
        -1517336.75,
        -1517952.25,
        -1518321.75,
        -1520182.625,
        -1518572.0,
        -1518376.625,
        -1517915.75,
        -1518061.375,
        -1519355.5,
        -1519339.25,
        -1518952.0,
        -1518471.0,
        -1518471.625,
        -1519921.625,
        -1519506.75,
        -1518783.5,
        -1519962.875,
        -1518427.375,
        -1518244.25,
        -1519547.5,
        -1518659.125,
        -1519411.375,
        -1518278.5,
        -1518036.5,
        -1518896.0,
        -1518124.5,
        -1518481.75,
        -1518690.75,
        -1519578.0,
        -1518964.75,
        -1518389.75,
        -1518889.25,
        -1518334.0,
        -1518972.0,
        -1519763.5,
        -1518686.0,
        -1518829.5,
        -1518491.25,
        -1518992.25,
        -1518439.625,
        -1518343.125,
        -1519064.75,
        -1518859.0,
        -1519286.5,
        -1518229.5,
        -1518734.5,
        -1519157.0,
        -1518486.375,
        -1519069.5,
        -1518741.25,
        -1519035.625,
        -1518698.375
    ],
    "sumPSWeights": [
        -1518548.625,
        -1516955.25,
        -1518501.75,
        -1520637.75
    ],
    "sumLHEscaleWeights": [
        -1935820.25,
        -1860151.25,
        -1780965.75,
        -1580181.5,
        -1518698.375,
        -1453745.0,
        -1315479.625,
        -1264152.25,
        -1210188.5
    ]
}