{
    "sumGenWeights": 14446.003516413271,
    "nEvents": 172061,
    "sumLHEpdfWeights": [
        172061.0,
        172007.484375,
        171712.390625,
        172094.5,
        172466.5,
        171891.3125,
        172471.453125,
        172228.015625,
        172417.265625,
        171964.140625,
        171990.59375,
        171874.59375,
        172332.15625,
        172219.84375,
        172441.046875,
        172347.75,
        172188.5625,
        172209.53125,
        171856.140625,
        171929.890625,
        171908.203125,
        171913.34375,
        171917.46875,
        172217.625,
        171675.28125,
        172055.921875,
        171898.3125,
        171837.578125,
        172020.0,
        171434.203125,
        172022.875,
        171425.25,
        172054.75,
        171868.34375,
        171678.390625,
        172131.09375,
        172413.25,
        171919.375,
        172051.625,
        172047.84375,
        171962.15625,
        171948.9375,
        172198.75,
        172018.875,
        172098.3125,
        172031.65625,
        171917.71875,
        172086.25,
        172067.203125,
        171945.5,
        172016.3125,
        172042.28125,
        172193.5625,
        172063.375,
        172038.328125,
        171940.859375,
        172031.125,
        172093.46875,
        172107.25,
        172084.5,
        172040.1875,
        172062.65625,
        172141.5,
        172135.546875,
        172037.65625,
        172144.4375,
        172039.375,
        171982.203125,
        172143.5625,
        172051.625,
        172122.609375,
        172010.65625,
        171985.53125,
        172051.34375,
        172012.421875,
        172061.34375,
        172080.453125,
        172113.578125,
        172066.21875,
        172051.671875,
        172063.84375,
        172036.109375,
        172062.0,
        172160.59375,
        172049.34375,
        172070.71875,
        172059.25,
        172065.875,
        172043.40625,
        172037.234375,
        172071.0625,
        172075.734375,
        172097.546875,
        172030.28125,
        172062.953125,
        172085.78125,
        172056.65625,
        172077.734375,
        172071.265625,
        172069.234375,
        172061.0
    ]
}