{
    "nEvents": 76997,
    "sumGenWeights": 171369.51646494865,
    "sumSquaredGenWeights": 381425.97974157333,
    "sumLHEpdfWeights": [
        171377.28125,
        171376.46875,
        171002.40625,
        171442.25,
        171782.15625,
        171330.5,
        171800.09375,
        171733.015625,
        171911.640625,
        171238.671875,
        171294.125,
        170995.0625,
        171703.25,
        171470.015625,
        171677.25,
        171626.609375,
        171385.28125,
        171383.78125,
        171331.71875,
        171391.34375,
        171181.6875,
        171321.875,
        171206.796875,
        171494.828125,
        171064.34375,
        171335.21875,
        171179.3125,
        171103.53125,
        171412.3125,
        170781.8125,
        171335.265625,
        170776.40625,
        171385.40625,
        171136.875,
        171007.3125,
        171441.578125,
        171711.0625,
        171246.3125,
        171324.96875,
        171343.4375,
        171235.71875,
        171281.703125,
        171517.625,
        171277.40625,
        171452.25,
        171366.84375,
        171268.015625,
        171382.578125,
        171339.5625,
        171213.3125,
        171297.234375,
        171334.28125,
        171531.015625,
        171358.25,
        171342.15625,
        171294.09375,
        171298.9375,
        171443.625,
        171432.0625,
        171399.203125,
        171349.71875,
        171348.0625,
        171500.578125,
        171449.953125,
        171376.390625,
        171509.0,
        171346.96875,
        171327.40625,
        171457.015625,
        171371.90625,
        171437.6875,
        171334.546875,
        171310.0625,
        171388.21875,
        171316.71875,
        171349.09375,
        171372.765625,
        171462.96875,
        171394.75,
        171338.890625,
        171388.140625,
        171334.609375,
        171392.796875,
        171484.0625,
        171371.6875,
        171387.15625,
        171352.40625,
        171394.28125,
        171349.609375,
        171340.640625,
        171402.375,
        171391.421875,
        171429.0,
        171325.75,
        171376.75,
        171414.8125,
        171351.5,
        171404.9375,
        171380.96875,
        171399.34375,
        171377.28125
    ],
    "sumPSWeights": [
        171219.5625,
        171364.3125,
        171568.625,
        171346.34375
    ],
    "sumLHEscaleWeights": [
        217183.59375,
        210639.578125,
        203217.9375,
        176696.71875,
        171377.28125,
        165329.65625,
        146699.0,
        142275.71875,
        137258.9375
    ]
}