{
    "sumGenWeights": 17104.94002699852,
    "nEvents": 250000,
    "sumLHEpdfWeights": [
        250000.0,
        249628.6875,
        249608.375,
        250009.0625,
        250466.78125,
        249067.8125,
        250475.5625,
        249428.0,
        249469.0,
        249881.78125,
        249811.28125,
        250919.09375,
        250131.1875,
        250494.859375,
        250821.859375,
        250585.75,
        250750.078125,
        250948.0625,
        248823.71875,
        248878.15625,
        250028.53125,
        249278.0,
        249829.875,
        250412.71875,
        248805.65625,
        250023.53125,
        249756.75,
        249975.90625,
        249604.796875,
        248844.34375,
        249808.9375,
        248833.40625,
        250029.21875,
        249840.0625,
        249131.3125,
        250140.59375,
        250518.796875,
        249536.375,
        250081.5,
        249991.875,
        249833.125,
        249643.84375,
        250259.75,
        249941.828125,
        249978.28125,
        249866.453125,
        249522.15625,
        250089.9375,
        250071.03125,
        249769.078125,
        249946.84375,
        250022.4375,
        250250.65625,
        250026.71875,
        249925.53125,
        249570.09375,
        249953.984375,
        250085.6875,
        250132.8125,
        250041.09375,
        249951.5,
        250027.53125,
        250106.0625,
        250273.71875,
        249903.96875,
        250125.5,
        249930.34375,
        249723.703125,
        250229.15625,
        249971.40625,
        250217.765625,
        249826.015625,
        249735.34375,
        249941.1875,
        249845.6875,
        250020.4375,
        250076.125,
        250046.65625,
        250009.515625,
        249983.75,
        250010.03125,
        249936.78125,
        249993.296875,
        250295.75,
        249959.40625,
        250019.21875,
        250006.125,
        250013.125,
        249938.375,
        249918.78125,
        250025.25,
        250043.078125,
        250097.40625,
        249913.84375,
        250010.1875,
        250065.84375,
        249991.5625,
        250049.21875,
        250036.21875,
        250021.96875,
        250000.0
    ]
}