{
    "nEvents": 250000,
    "sumGenWeights": 2839.5616076886654,
    "sumSquaredGenWeights": 32.2533177677542,
    "sumLHEpdfWeights": [
        2839.781005859375,
        2834.46923828125,
        2833.37060546875,
        2839.76611328125,
        2846.30517578125,
        2828.55419921875,
        2846.754150390625,
        2831.5869140625,
        2832.45947265625,
        2839.18798828125,
        2836.30859375,
        2850.05810546875,
        2841.081298828125,
        2846.3935546875,
        2850.06201171875,
        2847.1279296875,
        2849.47314453125,
        2850.462890625,
        2826.859375,
        2826.382080078125,
        2840.072265625,
        2830.65478515625,
        2837.595947265625,
        2844.6416015625,
        2826.052734375,
        2840.1640625,
        2836.310546875,
        2839.46044921875,
        2835.708251953125,
        2826.26611328125,
        2839.0888671875,
        2826.7294921875,
        2839.097412109375,
        2835.90869140625,
        2829.46337890625,
        2842.387451171875,
        2846.518310546875,
        2833.212158203125,
        2838.91162109375,
        2838.68359375,
        2835.78173828125,
        2834.31787109375,
        2843.9033203125,
        2838.9619140625,
        2840.5732421875,
        2837.9873046875,
        2833.1357421875,
        2841.42626953125,
        2839.972900390625,
        2835.837158203125,
        2837.939453125,
        2838.963134765625,
        2844.07763671875,
        2839.89306640625,
        2838.023681640625,
        2833.815673828125,
        2838.32421875,
        2841.84130859375,
        2842.68408203125,
        2840.20556640625,
        2838.447265625,
        2839.173828125,
        2842.428466796875,
        2843.93994140625,
        2838.43212890625,
        2842.548828125,
        2837.719970703125,
        2835.825439453125,
        2843.22607421875,
        2838.85498046875,
        2843.302734375,
        2836.70361328125,
        2835.775390625,
        2839.641357421875,
        2836.98095703125,
        2839.279296875,
        2840.2841796875,
        2841.427978515625,
        2840.71728515625,
        2838.777587890625,
        2840.05224609375,
        2838.2763671875,
        2840.0888671875,
        2844.385009765625,
        2838.66259765625,
        2840.6357421875,
        2839.2529296875,
        2840.373779296875,
        2838.296630859375,
        2837.80859375,
        2841.014404296875,
        2840.71484375,
        2841.99853515625,
        2837.68701171875,
        2840.39013671875,
        2841.53173828125,
        2838.852294921875,
        2841.305908203125,
        2840.204833984375,
        2840.7568359375,
        2839.781005859375
    ],
    "sumPSWeights": [
        2838.19140625,
        2837.332275390625,
        2841.25048828125,
        2847.3916015625
    ],
    "sumLHEscaleWeights": [
        3772.0615234375,
        3398.2470703125,
        3079.17626953125,
        3151.989990234375,
        2839.781005859375,
        2572.60693359375,
        2674.505615234375,
        2409.478515625,
        2182.995361328125
    ]
}