{
    "nEvents": 159375,
    "sumGenWeights": 31937.227277353406,
    "sumSquaredGenWeights": 6400.089788034558,
    "sumLHEpdfWeights": [
        31940.23046875,
        31917.8046875,
        31862.416015625,
        31940.19921875,
        32012.509765625,
        31890.4296875,
        32015.98828125,
        31943.400390625,
        31974.41796875,
        31919.314453125,
        31914.359375,
        31934.4375,
        31984.66015625,
        31983.0546875,
        32025.76171875,
        32000.80078125,
        31986.26171875,
        31989.982421875,
        31876.046875,
        31887.66796875,
        31913.1484375,
        31890.8828125,
        31909.9296875,
        31975.75,
        31846.34375,
        31936.58203125,
        31901.517578125,
        31900.76953125,
        31931.734375,
        31810.0546875,
        31934.54296875,
        31814.7734375,
        31939.962890625,
        31891.60546875,
        31850.55078125,
        31959.94921875,
        32004.04296875,
        31896.2734375,
        31928.7265625,
        31930.9921875,
        31906.24609375,
        31907.16796875,
        31973.47265625,
        31926.390625,
        31955.56640625,
        31933.658203125,
        31900.66015625,
        31946.90234375,
        31936.76171875,
        31904.8828125,
        31923.33984375,
        31932.166015625,
        31976.427734375,
        31938.98828125,
        31930.30078125,
        31908.9453125,
        31926.515625,
        31957.998046875,
        31960.44140625,
        31944.763671875,
        31933.810546875,
        31933.421875,
        31968.58984375,
        31966.5546875,
        31936.875,
        31967.17578125,
        31928.9140625,
        31921.3046875,
        31963.8515625,
        31937.14453125,
        31961.671875,
        31923.15625,
        31917.375,
        31941.94140625,
        31921.609375,
        31935.125,
        31940.8203125,
        31961.99609375,
        31946.01953125,
        31930.900390625,
        31943.349609375,
        31930.31640625,
        31943.328125,
        31973.265625,
        31936.37890625,
        31944.7421875,
        31935.3125,
        31945.45703125,
        31932.095703125,
        31927.71484375,
        31949.734375,
        31945.3359375,
        31957.279296875,
        31925.283203125,
        31942.55859375,
        31952.765625,
        31933.556640625,
        31950.1328125,
        31942.8984375,
        31946.6484375,
        31940.23046875
    ],
    "sumPSWeights": [
        31942.130859375,
        31928.06640625,
        31932.16796875,
        31927.068359375
    ],
    "sumLHEscaleWeights": [
        41333.25,
        38795.484375,
        36419.28125,
        34032.01953125,
        31940.23046875,
        29976.7109375,
        28532.38671875,
        26772.421875,
        25126.109375
    ]
}