{
    "nEvents": 151529,
    "sumGenWeights": 7582.091639623046,
    "sumSquaredGenWeights": 379.3952010513749,
    "sumLHEpdfWeights": [
        7581.17578125,
        7577.298828125,
        7565.34130859375,
        7582.337890625,
        7600.3095703125,
        7570.498046875,
        7601.1953125,
        7583.62158203125,
        7590.65625,
        7577.70361328125,
        7575.67431640625,
        7581.20458984375,
        7593.408203125,
        7593.04833984375,
        7602.87939453125,
        7597.5029296875,
        7593.4072265625,
        7594.35693359375,
        7566.9970703125,
        7570.28369140625,
        7576.3916015625,
        7570.943359375,
        7575.404296875,
        7590.8173828125,
        7560.19970703125,
        7581.3203125,
        7573.703125,
        7573.70654296875,
        7580.55078125,
        7552.376953125,
        7580.611328125,
        7552.77734375,
        7582.216796875,
        7572.6171875,
        7562.38525390625,
        7586.4609375,
        7598.7802734375,
        7572.0361328125,
        7579.5478515625,
        7579.6005859375,
        7574.29296875,
        7574.22412109375,
        7590.74609375,
        7577.92578125,
        7586.142578125,
        7579.6787109375,
        7572.7255859375,
        7583.1015625,
        7580.1865234375,
        7573.7900390625,
        7577.4375,
        7579.6220703125,
        7591.3837890625,
        7581.01513671875,
        7578.9560546875,
        7574.3037109375,
        7577.748046875,
        7585.236328125,
        7586.31689453125,
        7582.767578125,
        7579.642578125,
        7579.76025390625,
        7588.82666015625,
        7587.1640625,
        7580.65673828125,
        7589.251953125,
        7578.513671875,
        7576.919921875,
        7587.4423828125,
        7580.51025390625,
        7586.4853515625,
        7577.59375,
        7576.1494140625,
        7581.66357421875,
        7576.9951171875,
        7580.2060546875,
        7581.703125,
        7586.4013671875,
        7582.8642578125,
        7579.2451171875,
        7582.16162109375,
        7579.0673828125,
        7582.40673828125,
        7589.39306640625,
        7580.4873046875,
        7582.53125,
        7580.35595703125,
        7582.81689453125,
        7579.4033203125,
        7578.5888671875,
        7583.37109375,
        7582.5673828125,
        7585.3251953125,
        7578.0634765625,
        7581.97265625,
        7584.29443359375,
        7579.9482421875,
        7583.6884765625,
        7581.8603515625,
        7583.0390625,
        7581.17578125
    ],
    "sumPSWeights": [
        7584.564453125,
        7581.65625,
        7579.87109375,
        7567.490234375
    ],
    "sumLHEscaleWeights": [
        9812.845703125,
        9210.4697265625,
        8646.369140625,
        8079.35009765625,
        7581.17578125,
        7116.724609375,
        6773.6142578125,
        6355.841796875,
        5965.0263671875
    ]
}