{
    "sumGenWeights": 11354.233965277672,
    "nEvents": 250000,
    "sumLHEpdfWeights": [
        250000.0,
        249625.3125,
        249592.84375,
        250011.546875,
        250469.109375,
        249063.84375,
        250488.875,
        249401.0625,
        249444.6875,
        249895.25,
        249798.578125,
        250957.28125,
        250114.65625,
        250489.859375,
        250834.40625,
        250591.09375,
        250765.078125,
        250969.75,
        248808.90625,
        248844.90625,
        250026.859375,
        249263.71875,
        249822.265625,
        250418.28125,
        248785.796875,
        250016.34375,
        249757.3125,
        249990.25,
        249602.375,
        248818.78125,
        249843.015625,
        248813.34375,
        250012.03125,
        249823.875,
        249125.59375,
        250156.09375,
        250494.375,
        249511.5,
        250061.8125,
        249969.078125,
        249805.46875,
        249632.28125,
        250254.0625,
        249926.15625,
        249977.796875,
        249870.609375,
        249502.21875,
        250094.59375,
        250076.625,
        249752.640625,
        249937.03125,
        250020.46875,
        250263.0,
        250033.59375,
        249923.0,
        249561.59375,
        249944.75,
        250092.96875,
        250146.609375,
        250038.9375,
        249952.453125,
        250020.015625,
        250127.40625,
        250282.65625,
        249903.734375,
        250142.578125,
        249922.5625,
        249718.6875,
        250227.5,
        249974.53125,
        250230.03125,
        249820.65625,
        249728.1875,
        249932.4375,
        249845.140625,
        250024.625,
        250076.1875,
        250052.0,
        250005.75,
        249984.1875,
        250014.34375,
        249938.359375,
        249990.375,
        250308.125,
        249959.453125,
        250018.71875,
        250006.84375,
        250014.90625,
        249936.3125,
        249914.84375,
        250027.828125,
        250044.84375,
        250103.328125,
        249908.390625,
        250011.90625,
        250066.59375,
        249991.453125,
        250050.953125,
        250037.53125,
        250022.9375,
        250000.0
    ]
}