{
    "nEvents": 169479,
    "sumGenWeights": -458600.7229027748,
    "sumSquaredGenWeights": 1240989.2462964058,
    "sumLHEpdfWeights": [
        -458616.71875,
        -458519.96875,
        -457639.9375,
        -458695.78125,
        -459702.625,
        -458302.25,
        -459740.0625,
        -459290.0,
        -459788.6875,
        -458273.6875,
        -458319.40625,
        -457857.28125,
        -459443.4375,
        -459006.71875,
        -459581.71875,
        -459369.6875,
        -458848.75,
        -458863.25,
        -458203.9375,
        -458436.125,
        -458126.5,
        -458302.90625,
        -458196.4375,
        -458989.8125,
        -457643.59375,
        -458519.375,
        -458098.9375,
        -457941.03125,
        -458620.625,
        -456954.53125,
        -458514.9375,
        -456933.9375,
        -458636.65625,
        -458010.75,
        -457578.34375,
        -458838.03125,
        -459534.0,
        -458213.875,
        -458450.8125,
        -458539.8125,
        -458203.65625,
        -458313.625,
        -459045.5,
        -458379.09375,
        -458837.0625,
        -458591.25,
        -458292.625,
        -458638.3125,
        -458490.625,
        -458148.9375,
        -458368.1875,
        -458493.375,
        -459041.5625,
        -458551.375,
        -458517.375,
        -458385.875,
        -458380.21875,
        -458813.6875,
        -458817.8125,
        -458701.5,
        -458545.84375,
        -458508.3125,
        -458938.59375,
        -458889.3125,
        -458659.125,
        -458953.875,
        -458511.84375,
        -458493.0625,
        -458905.75,
        -458606.9375,
        -458837.375,
        -458480.8125,
        -458409.53125,
        -458708.0,
        -458406.09375,
        -458518.25,
        -458594.34375,
        -458846.6875,
        -458713.5625,
        -458478.28125,
        -458684.5,
        -458480.28125,
        -458708.28125,
        -458949.0,
        -458615.1875,
        -458669.125,
        -458527.5,
        -458713.125,
        -458542.4375,
        -458491.125,
        -458749.1875,
        -458670.5,
        -458810.75,
        -458444.4375,
        -458641.59375,
        -458769.25,
        -458524.03125,
        -458743.40625,
        -458642.5,
        -458726.125,
        -458616.71875
    ],
    "sumPSWeights": [
        -458437.125,
        -457609.1875,
        -458824.3125,
        -460411.28125
    ],
    "sumLHEscaleWeights": [
        -585763.125,
        -561195.9375,
        -535922.125,
        -478694.25,
        -458616.71875,
        -437926.4375,
        -398869.625,
        -382098.3125,
        -364878.90625
    ]
}