{
    "sumGenWeights": -4326.83910907805,
    "nEvents": 86471,
    "sumLHEpdfWeights": [
        86471.0,
        86343.453125,
        86270.71875,
        86470.1484375,
        86675.1875,
        86195.1640625,
        86692.890625,
        86300.625,
        86337.6015625,
        86442.40625,
        86388.890625,
        86700.75,
        86542.296875,
        86646.84375,
        86776.609375,
        86684.5625,
        86726.5234375,
        86749.703125,
        86159.03125,
        86148.046875,
        86459.7578125,
        86245.4296875,
        86399.65625,
        86611.953125,
        86107.3046875,
        86480.453125,
        86375.3359375,
        86438.1953125,
        86376.859375,
        86084.765625,
        86454.5859375,
        86101.6171875,
        86455.265625,
        86349.21875,
        86187.765625,
        86553.5234375,
        86667.78125,
        86300.75,
        86450.96875,
        86443.2578125,
        86355.4140625,
        86323.203125,
        86596.390625,
        86444.53125,
        86499.671875,
        86435.8671875,
        86295.421875,
        86506.4609375,
        86490.9140625,
        86345.8359375,
        86416.203125,
        86461.046875,
        86597.4921875,
        86483.0,
        86446.3046875,
        86325.265625,
        86435.3359375,
        86508.2265625,
        86545.7578125,
        86493.84375,
        86452.7265625,
        86462.6328125,
        86550.609375,
        86566.0078125,
        86441.734375,
        86558.0546875,
        86429.09375,
        86374.7890625,
        86557.03125,
        86463.0390625,
        86556.9296875,
        86400.703125,
        86377.0,
        86447.109375,
        86411.984375,
        86478.609375,
        86492.3359375,
        86510.125,
        86474.1328125,
        86462.703125,
        86477.21875,
        86447.6171875,
        86467.3125,
        86591.6328125,
        86455.71875,
        86482.4765625,
        86470.2265625,
        86479.2890625,
        86446.46875,
        86433.015625,
        86487.7265625,
        86489.40625,
        86519.40625,
        86428.40625,
        86475.53125,
        86501.390625,
        86465.71875,
        86494.3828125,
        86485.5546875,
        86480.453125,
        86471.0
    ]
}