{
    "sumGenWeights": -112992.02657800913,
    "nEvents": 167056,
    "sumLHEpdfWeights": [
        167056.0,
        167021.78125,
        166710.75,
        167090.96875,
        167452.28125,
        166949.890625,
        167461.875,
        167274.125,
        167483.171875,
        166956.703125,
        166995.953125,
        166785.3125,
        167337.9375,
        167176.0,
        167409.4375,
        167325.796875,
        167128.96875,
        167137.421875,
        166944.328125,
        167004.4375,
        166879.453125,
        166953.65625,
        166896.703125,
        167191.125,
        166721.15625,
        167041.96875,
        166921.90625,
        166827.90625,
        167034.8125,
        166455.171875,
        167021.65625,
        166453.796875,
        167063.078125,
        166885.578125,
        166710.265625,
        167126.4375,
        167380.0,
        166918.15625,
        167047.9375,
        167022.0,
        166949.59375,
        166966.46875,
        167162.234375,
        166990.46875,
        167079.125,
        167043.234375,
        166924.625,
        167075.515625,
        167068.125,
        166941.125,
        167014.90625,
        167038.453125,
        167176.8125,
        167065.0,
        167036.390625,
        166954.609375,
        167031.21875,
        167097.75,
        167108.21875,
        167074.484375,
        167050.5,
        167041.625,
        167151.875,
        167130.375,
        167040.4375,
        167120.25,
        167035.4375,
        166985.78125,
        167114.125,
        167055.09375,
        167127.53125,
        167007.046875,
        166981.3125,
        167032.0625,
        167023.765625,
        167062.8125,
        167067.0,
        167121.25,
        167050.109375,
        167050.09375,
        167067.65625,
        167043.21875,
        167052.21875,
        167149.96875,
        167047.46875,
        167059.421875,
        167052.46875,
        167064.75,
        167038.1875,
        167029.40625,
        167071.234375,
        167067.5,
        167088.90625,
        167024.65625,
        167058.71875,
        167076.0625,
        167051.171875,
        167072.34375,
        167066.625,
        167064.0625,
        167056.0
    ]
}