{
    "sumGenWeights": -4326.83910907805,
    "nEvents": 86471,
    "sumLHEpdfWeights": [
        -4326.69873046875,
        -4320.32568359375,
        -4317.2333984375,
        -4326.72314453125,
        -4336.8984375,
        -4313.294921875,
        -4337.65185546875,
        -4318.3779296875,
        -4320.3232421875,
        -4325.4189453125,
        -4322.34765625,
        -4338.27880859375,
        -4330.40185546875,
        -4335.87158203125,
        -4341.650390625,
        -4337.583984375,
        -4339.35693359375,
        -4340.6591796875,
        -4311.07568359375,
        -4310.64501953125,
        -4326.37353515625,
        -4315.4189453125,
        -4323.3955078125,
        -4333.8291015625,
        -4308.70947265625,
        -4327.240234375,
        -4322.1533203125,
        -4325.16259765625,
        -4322.2783203125,
        -4307.5908203125,
        -4325.62939453125,
        -4308.4052734375,
        -4326.5,
        -4321.37451171875,
        -4312.76171875,
        -4330.94580078125,
        -4336.984375,
        -4318.0068359375,
        -4326.0068359375,
        -4325.166015625,
        -4321.26611328125,
        -4319.7685546875,
        -4332.896484375,
        -4325.275390625,
        -4328.2841796875,
        -4324.8740234375,
        -4317.95361328125,
        -4328.796875,
        -4327.07373046875,
        -4321.099609375,
        -4324.10791015625,
        -4325.72021484375,
        -4333.0048828125,
        -4327.0849609375,
        -4324.7919921875,
        -4319.28515625,
        -4324.89453125,
        -4329.79443359375,
        -4330.98876953125,
        -4327.68017578125,
        -4325.5380859375,
        -4325.59375,
        -4330.88720703125,
        -4332.36474609375,
        -4325.3427734375,
        -4330.603515625,
        -4324.068359375,
        -4321.82421875,
        -4331.5458984375,
        -4326.0126953125,
        -4331.5888671875,
        -4322.81396484375,
        -4321.6533203125,
        -4326.271484375,
        -4323.20849609375,
        -4326.48681640625,
        -4327.435546875,
        -4329.4677734375,
        -4327.755859375,
        -4325.5205078125,
        -4327.20166015625,
        -4325.18603515625,
        -4327.03125,
        -4333.33203125,
        -4325.65380859375,
        -4327.7548828125,
        -4326.3115234375,
        -4327.62939453125,
        -4325.10888671875,
        -4324.1572265625,
        -4328.53466796875,
        -4327.8876953125,
        -4329.8486328125,
        -4324.03466796875,
        -4327.3359375,
        -4329.1650390625,
        -4325.7802734375,
        -4328.8046875,
        -4327.4716796875,
        -4327.79345703125,
        -4326.69873046875
    ],
    "sumPSWeights": [
        -4326.544921875,
        -4324.3515625,
        -4326.43896484375,
        -4322.26953125
    ],
    "sumLHEscaleWeights": [
        -5705.16796875,
        -5201.04638671875,
        -4762.08935546875,
        -4747.1640625,
        -4326.69873046875,
        -3960.9560546875,
        -4014.7734375,
        -3658.6875,
        -3348.85400390625
    ]
}