{
    "nEvents": 80521,
    "sumGenWeights": 217888.3966269493,
    "sumSquaredGenWeights": 589621.7509036064,
    "sumLHEpdfWeights": [
        217883.40625,
        217879.15625,
        217417.90625,
        217957.46875,
        218425.34375,
        217797.59375,
        218440.890625,
        218301.125,
        218527.21875,
        217725.46875,
        217776.71875,
        217459.375,
        218312.15625,
        218045.90625,
        218299.40625,
        218237.5625,
        217935.625,
        217953.765625,
        217776.375,
        217875.59375,
        217653.71875,
        217799.4375,
        217692.1875,
        218050.15625,
        217470.28125,
        217852.078125,
        217648.484375,
        217562.5625,
        217926.078125,
        217137.125,
        217846.53125,
        217123.09375,
        217908.1875,
        217591.09375,
        217414.125,
        217981.203125,
        218343.53125,
        217724.09375,
        217824.921875,
        217855.625,
        217717.875,
        217756.5625,
        218099.6875,
        217796.46875,
        218022.09375,
        217875.25,
        217745.875,
        217894.625,
        217835.6875,
        217695.5,
        217779.953125,
        217831.78125,
        218112.90625,
        217857.8125,
        217844.75,
        217783.40625,
        217797.953125,
        217971.296875,
        217965.75,
        217921.46875,
        217852.25,
        217852.59375,
        218069.09375,
        217982.734375,
        217888.40625,
        218081.484375,
        217845.96875,
        217826.6875,
        218006.234375,
        217874.046875,
        217962.125,
        217827.875,
        217800.5,
        217910.15625,
        217803.0,
        217843.6875,
        217878.75,
        218017.796875,
        217908.78125,
        217831.171875,
        217897.171875,
        217831.90625,
        217906.234375,
        218036.25,
        217874.3125,
        217902.09375,
        217852.125,
        217906.421875,
        217853.125,
        217838.625,
        217927.40625,
        217904.34375,
        217961.53125,
        217816.671875,
        217884.484375,
        217938.609375,
        217853.71875,
        217923.84375,
        217892.625,
        217913.75,
        217883.40625
    ],
    "sumPSWeights": [
        217840.640625,
        218149.21875,
        217988.8125,
        216614.09375
    ],
    "sumLHEscaleWeights": [
        277041.6875,
        267326.8125,
        256813.421875,
        225814.3125,
        217883.40625,
        209315.0,
        187761.875,
        181166.71875,
        174035.34375
    ]
}