{
    "sumGenWeights": 2839.5616076886654,
    "nEvents": 250000,
    "sumLHEpdfWeights": [
        250000.0,
        249642.59375,
        249613.21875,
        250010.4375,
        250438.453125,
        249076.46875,
        250469.75,
        249430.8125,
        249464.75,
        249883.75,
        249806.09375,
        250957.78125,
        250103.171875,
        250461.78125,
        250797.375,
        250581.28125,
        250737.453125,
        250968.53125,
        248789.28125,
        248858.125,
        250024.125,
        249266.1875,
        249814.28125,
        250407.53125,
        248766.875,
        250006.53125,
        249769.4375,
        249991.8125,
        249597.3125,
        248812.28125,
        249815.65625,
        248786.0625,
        250027.84375,
        249849.84375,
        249129.46875,
        250140.65625,
        250471.4375,
        249519.46875,
        250078.375,
        249970.234375,
        249826.984375,
        249658.890625,
        250224.859375,
        249923.125,
        249958.421875,
        249869.1875,
        249506.78125,
        250092.25,
        250079.46875,
        249775.921875,
        249949.5,
        250024.28125,
        250238.671875,
        250034.3125,
        249921.59375,
        249562.34375,
        249953.53125,
        250094.125,
        250140.09375,
        250033.359375,
        249954.9375,
        250020.53125,
        250116.0625,
        250285.9375,
        249902.234375,
        250118.4375,
        249924.4375,
        249719.0625,
        250218.15625,
        249975.1875,
        250230.875,
        249823.40625,
        249726.5625,
        249929.25,
        249849.5625,
        250026.15625,
        250077.234375,
        250051.28125,
        250003.671875,
        249985.546875,
        250015.53125,
        249940.5625,
        249989.90625,
        250303.34375,
        249959.75,
        250016.53125,
        250007.140625,
        250015.375,
        249935.9375,
        249915.359375,
        250027.46875,
        250043.65625,
        250100.40625,
        249911.3125,
        250011.875,
        250064.84375,
        249992.09375,
        250050.0,
        250037.75,
        250022.875,
        250000.0
    ]
}