{
    "sumGenWeights": 7582.091639623046,
    "nEvents": 151529,
    "sumLHEpdfWeights": [
        7581.17578125,
        7577.298828125,
        7565.341796875,
        7582.337890625,
        7600.3095703125,
        7570.498046875,
        7601.19580078125,
        7583.62109375,
        7590.65625,
        7577.7041015625,
        7575.6748046875,
        7581.205078125,
        7593.408203125,
        7593.0478515625,
        7602.87939453125,
        7597.5029296875,
        7593.4072265625,
        7594.3564453125,
        7566.9970703125,
        7570.28369140625,
        7576.39208984375,
        7570.943359375,
        7575.4052734375,
        7590.8173828125,
        7560.2001953125,
        7581.3203125,
        7573.703125,
        7573.7060546875,
        7580.55078125,
        7552.376953125,
        7580.611328125,
        7552.77734375,
        7582.216796875,
        7572.6171875,
        7562.384765625,
        7586.4609375,
        7598.7802734375,
        7572.0361328125,
        7579.5478515625,
        7579.60009765625,
        7574.29296875,
        7574.224609375,
        7590.74609375,
        7577.92578125,
        7586.14208984375,
        7579.67919921875,
        7572.72509765625,
        7583.1015625,
        7580.1865234375,
        7573.7900390625,
        7577.4375,
        7579.6220703125,
        7591.384765625,
        7581.01513671875,
        7578.9560546875,
        7574.3037109375,
        7577.748046875,
        7585.236328125,
        7586.31640625,
        7582.767578125,
        7579.642578125,
        7579.76025390625,
        7588.826171875,
        7587.1640625,
        7580.6572265625,
        7589.251953125,
        7578.513671875,
        7576.919921875,
        7587.4423828125,
        7580.509765625,
        7586.4853515625,
        7577.59375,
        7576.14892578125,
        7581.66357421875,
        7576.9951171875,
        7580.2060546875,
        7581.703125,
        7586.4013671875,
        7582.8642578125,
        7579.2451171875,
        7582.16162109375,
        7579.0673828125,
        7582.40625,
        7589.3935546875,
        7580.4873046875,
        7582.53125,
        7580.3564453125,
        7582.81640625,
        7579.4033203125,
        7578.5888671875,
        7583.37109375,
        7582.5673828125,
        7585.3251953125,
        7578.0634765625,
        7581.97265625,
        7584.29443359375,
        7579.9482421875,
        7583.68896484375,
        7581.8603515625,
        7583.0390625,
        7581.17578125
    ],
    "sumPSWeights": [
        7584.564453125,
        7581.65625,
        7579.87109375,
        7567.490234375
    ],
    "sumLHEscaleWeights": [
        9812.845703125,
        9210.4697265625,
        8646.369140625,
        8079.35009765625,
        7581.17578125,
        7116.72412109375,
        6773.6142578125,
        6355.841796875,
        5965.0263671875
    ]
}