{
    "sumGenWeights": 217888.3966269493,
    "nEvents": 80521,
    "sumLHEpdfWeights": [
        80521.0,
        80518.921875,
        80352.75,
        80544.34375,
        80712.53125,
        80488.046875,
        80718.328125,
        80677.7578125,
        80755.90625,
        80455.3125,
        80492.5703125,
        80362.8515625,
        80680.1640625,
        80578.234375,
        80677.828125,
        80650.3125,
        80537.546875,
        80545.234375,
        80481.890625,
        80514.6796875,
        80431.875,
        80484.9375,
        80448.453125,
        80582.140625,
        80370.34375,
        80513.9140625,
        80432.265625,
        80395.6640625,
        80535.734375,
        80237.609375,
        80508.171875,
        80231.578125,
        80517.015625,
        80405.828125,
        80343.46875,
        80555.25,
        80687.09375,
        80467.921875,
        80506.9375,
        80511.40625,
        80466.03125,
        80475.6875,
        80593.421875,
        80492.8046875,
        80553.046875,
        80514.390625,
        80466.96875,
        80529.9140625,
        80517.5546875,
        80457.84375,
        80493.8125,
        80507.125,
        80590.8671875,
        80520.265625,
        80513.03125,
        80478.5234375,
        80500.3828125,
        80536.96875,
        80542.359375,
        80532.84375,
        80511.375,
        80518.2109375,
        80572.328125,
        80546.828125,
        80514.359375,
        80572.515625,
        80511.03125,
        80493.203125,
        80556.46875,
        80517.234375,
        80543.7890625,
        80501.71875,
        80493.390625,
        80520.015625,
        80501.8125,
        80519.0859375,
        80526.84375,
        80558.53125,
        80524.0546875,
        80515.578125,
        80521.921875,
        80510.03125,
        80522.359375,
        80563.3125,
        80516.59375,
        80526.1171875,
        80518.671875,
        80523.1796875,
        80514.34375,
        80511.453125,
        80526.4375,
        80527.015625,
        80538.078125,
        80507.203125,
        80521.375,
        80532.28125,
        80518.53125,
        80528.5,
        80524.8515625,
        80524.765625,
        80521.0
    ]
}