{
    "nEvents": 250000,
    "sumGenWeights": 11354.233965277672,
    "sumSquaredGenWeights": 515.6894009560347,
    "sumLHEpdfWeights": [
        11353.599609375,
        11333.6181640625,
        11329.3134765625,
        11355.298828125,
        11382.541015625,
        11309.97265625,
        11383.4580078125,
        11322.2822265625,
        11325.4462890625,
        11352.462890625,
        11340.1376953125,
        11396.5009765625,
        11360.8564453125,
        11382.880859375,
        11397.67578125,
        11385.1083984375,
        11395.1259765625,
        11397.970703125,
        11303.09765625,
        11301.1748046875,
        11356.751953125,
        11318.16796875,
        11346.591796875,
        11375.46875,
        11299.7763671875,
        11356.71875,
        11340.4833984375,
        11354.0107421875,
        11338.814453125,
        11300.73046875,
        11353.12109375,
        11301.6796875,
        11351.732421875,
        11339.4599609375,
        11313.68359375,
        11365.736328125,
        11383.53515625,
        11328.2314453125,
        11351.3935546875,
        11349.77734375,
        11338.75,
        11332.337890625,
        11372.572265625,
        11350.720703125,
        11358.5693359375,
        11347.578125,
        11327.8701171875,
        11360.900390625,
        11355.896484375,
        11337.89453125,
        11346.095703125,
        11351.595703125,
        11372.7646484375,
        11355.33984375,
        11348.6953125,
        11331.2373046875,
        11347.7626953125,
        11361.6806640625,
        11366.658203125,
        11357.0224609375,
        11349.525390625,
        11351.9345703125,
        11365.546875,
        11370.2255859375,
        11348.8759765625,
        11366.380859375,
        11345.3876953125,
        11338.951171875,
        11368.7373046875,
        11351.62890625,
        11367.82421875,
        11342.9453125,
        11339.427734375,
        11352.97265625,
        11343.40625,
        11353.9443359375,
        11357.2333984375,
        11361.0859375,
        11357.2451171875,
        11351.5888671875,
        11355.0263671875,
        11349.2021484375,
        11354.9052734375,
        11373.4423828125,
        11350.75,
        11357.271484375,
        11353.404296875,
        11356.15234375,
        11349.53515625,
        11347.365234375,
        11358.4716796875,
        11357.5576171875,
        11363.19921875,
        11346.8544921875,
        11355.9501953125,
        11360.876953125,
        11352.2060546875,
        11359.7802734375,
        11356.275390625,
        11357.1513671875,
        11353.599609375
    ],
    "sumPSWeights": [
        11356.453125,
        11362.4912109375,
        11351.626953125,
        11330.966796875
    ],
    "sumLHEscaleWeights": [
        15082.759765625,
        13589.9912109375,
        12312.6806640625,
        12602.5498046875,
        11353.599609375,
        10287.1884765625,
        10693.615234375,
        9634.720703125,
        8729.103515625
    ]
}