{
    "sumGenWeights": 30806.35605752468,
    "nEvents": 250000,
    "sumLHEpdfWeights": [
        30813.095703125,
        30805.564453125,
        30736.4765625,
        30816.50390625,
        30881.478515625,
        30795.8828125,
        30886.30859375,
        30863.61328125,
        30894.23046875,
        30783.453125,
        30791.8203125,
        30747.3203125,
        30865.560546875,
        30831.677734375,
        30869.58984375,
        30857.734375,
        30820.21875,
        30818.8515625,
        30793.578125,
        30803.421875,
        30771.53125,
        30794.1484375,
        30777.54296875,
        30833.51171875,
        30747.71484375,
        30803.8046875,
        30774.890625,
        30758.4453125,
        30814.43359375,
        30693.505859375,
        30804.02734375,
        30694.31640625,
        30811.943359375,
        30764.80078125,
        30736.7421875,
        30823.92578125,
        30869.404296875,
        30783.578125,
        30800.498046875,
        30804.458984375,
        30782.7734375,
        30792.55859375,
        30835.8671875,
        30793.671875,
        30826.16796875,
        30809.6328125,
        30788.677734375,
        30814.015625,
        30803.08203125,
        30782.517578125,
        30795.060546875,
        30803.7265625,
        30839.875,
        30809.17578125,
        30804.90234375,
        30794.197265625,
        30796.708984375,
        30823.2265625,
        30824.09375,
        30815.89453125,
        30807.353515625,
        30805.904296875,
        30835.779296875,
        30827.31640625,
        30812.0,
        30835.0234375,
        30805.578125,
        30800.93359375,
        30826.59375,
        30810.998046875,
        30825.8984375,
        30802.75,
        30798.16796875,
        30813.24609375,
        30799.337890625,
        30806.78125,
        30811.27734375,
        30830.91015625,
        30815.70703125,
        30804.67578125,
        30814.982421875,
        30804.1171875,
        30815.650390625,
        30831.94140625,
        30810.98046875,
        30814.234375,
        30806.935546875,
        30816.5703125,
        30806.390625,
        30804.1015625,
        30817.611328125,
        30815.5625,
        30822.142578125,
        30800.81640625,
        30812.93359375,
        30819.6015625,
        30807.31640625,
        30818.00390625,
        30813.06640625,
        30817.29296875,
        30813.095703125
    ],
    "sumPSWeights": [
        30805.38671875,
        30818.9765625,
        30808.7265625,
        30835.3046875
    ],
    "sumLHEscaleWeights": [
        39204.30859375,
        37772.21875,
        36249.53515625,
        31971.099609375,
        30813.095703125,
        29559.04296875,
        26593.33203125,
        25626.62890625,
        24587.365234375
    ]
}