{
    "nEvents": 250000,
    "sumGenWeights": 30806.35605752468,
    "sumSquaredGenWeights": 3796.2066624313593,
    "sumLHEpdfWeights": [
        30813.095703125,
        30805.5625,
        30736.4765625,
        30816.501953125,
        30881.478515625,
        30795.880859375,
        30886.30859375,
        30863.61328125,
        30894.23046875,
        30783.453125,
        30791.818359375,
        30747.3203125,
        30865.55859375,
        30831.67578125,
        30869.58984375,
        30857.734375,
        30820.21875,
        30818.8515625,
        30793.578125,
        30803.421875,
        30771.53125,
        30794.1484375,
        30777.54296875,
        30833.513671875,
        30747.71484375,
        30803.8046875,
        30774.890625,
        30758.4453125,
        30814.43359375,
        30693.505859375,
        30804.025390625,
        30694.31640625,
        30811.94140625,
        30764.80078125,
        30736.7421875,
        30823.921875,
        30869.404296875,
        30783.578125,
        30800.498046875,
        30804.458984375,
        30782.775390625,
        30792.55859375,
        30835.8671875,
        30793.669921875,
        30826.16796875,
        30809.6328125,
        30788.677734375,
        30814.015625,
        30803.08203125,
        30782.517578125,
        30795.0625,
        30803.7265625,
        30839.875,
        30809.17578125,
        30804.90234375,
        30794.197265625,
        30796.708984375,
        30823.2265625,
        30824.09375,
        30815.89453125,
        30807.353515625,
        30805.90234375,
        30835.78125,
        30827.318359375,
        30812.0,
        30835.0234375,
        30805.578125,
        30800.935546875,
        30826.59375,
        30810.998046875,
        30825.900390625,
        30802.75,
        30798.16796875,
        30813.24609375,
        30799.33984375,
        30806.779296875,
        30811.27734375,
        30830.91015625,
        30815.70703125,
        30804.67578125,
        30814.982421875,
        30804.1171875,
        30815.650390625,
        30831.94140625,
        30810.98046875,
        30814.234375,
        30806.9375,
        30816.5703125,
        30806.38671875,
        30804.1015625,
        30817.611328125,
        30815.564453125,
        30822.14453125,
        30800.81640625,
        30812.93359375,
        30819.599609375,
        30807.314453125,
        30818.00390625,
        30813.068359375,
        30817.294921875,
        30813.095703125
    ],
    "sumPSWeights": [
        30805.38671875,
        30818.978515625,
        30808.724609375,
        30835.3046875
    ],
    "sumLHEscaleWeights": [
        39204.30859375,
        37772.21875,
        36249.53125,
        31971.1015625,
        30813.095703125,
        29559.04296875,
        26593.33203125,
        25626.630859375,
        24587.365234375
    ]
}