{
    "sumGenWeights": -18161.12950603664,
    "nEvents": 90625,
    "sumLHEpdfWeights": [
        -18162.1640625,
        -18133.68359375,
        -18121.947265625,
        -18161.486328125,
        -18204.14453125,
        -18101.05078125,
        -18205.38671875,
        -18127.66015625,
        -18133.6171875,
        -18155.30078125,
        -18141.3984375,
        -18209.876953125,
        -18176.78515625,
        -18200.46875,
        -18220.046875,
        -18206.58203125,
        -18212.181640625,
        -18220.826171875,
        -18091.015625,
        -18091.73828125,
        -18160.73046875,
        -18114.171875,
        -18149.4453125,
        -18189.119140625,
        -18086.375,
        -18163.61328125,
        -18138.22265625,
        -18153.31640625,
        -18141.328125,
        -18083.90234375,
        -18156.6640625,
        -18083.9140625,
        -18157.87109375,
        -18135.49609375,
        -18101.9765625,
        -18177.28125,
        -18207.15234375,
        -18128.498046875,
        -18155.970703125,
        -18157.8515625,
        -18138.859375,
        -18129.765625,
        -18190.650390625,
        -18158.84375,
        -18171.66015625,
        -18152.9609375,
        -18126.671875,
        -18169.615234375,
        -18160.75,
        -18135.62890625,
        -18147.25,
        -18155.34375,
        -18187.93359375,
        -18161.19140625,
        -18153.404296875,
        -18131.30859375,
        -18150.392578125,
        -18171.5546875,
        -18177.64453125,
        -18166.10546875,
        -18154.3125,
        -18157.609375,
        -18176.51953125,
        -18181.802734375,
        -18156.12109375,
        -18179.158203125,
        -18149.58984375,
        -18141.87109375,
        -18183.58984375,
        -18157.5625,
        -18178.462890625,
        -18145.919921875,
        -18141.943359375,
        -18162.8671875,
        -18145.021484375,
        -18158.578125,
        -18164.478515625,
        -18173.68359375,
        -18167.1875,
        -18156.08984375,
        -18162.73828125,
        -18153.408203125,
        -18164.4609375,
        -18187.28125,
        -18156.818359375,
        -18166.875,
        -18159.3046875,
        -18165.27734375,
        -18154.87890625,
        -18151.310546875,
        -18168.2421875,
        -18166.7890625,
        -18174.625,
        -18150.400390625,
        -18164.568359375,
        -18171.8046875,
        -18157.2578125,
        -18169.66796875,
        -18164.5078125,
        -18166.6328125,
        -18162.1640625
    ],
    "sumPSWeights": [
        -18151.130859375,
        -18147.771484375,
        -18171.484375,
        -18220.4453125
    ],
    "sumLHEscaleWeights": [
        -23943.857421875,
        -21830.9921875,
        -19990.4609375,
        -19923.0546875,
        -18162.1640625,
        -16627.10546875,
        -16849.001953125,
        -15356.5205078125,
        -14057.314453125
    ]
}