{
    "sumGenWeights": 122270.32822370529,
    "nEvents": 248000,
    "sumLHEpdfWeights": [
        248000.0,
        247951.71875,
        247542.6875,
        248077.875,
        248619.484375,
        247846.640625,
        248606.71875,
        248345.15625,
        248735.453125,
        247913.421875,
        247962.46875,
        247504.890625,
        248375.21875,
        248087.125,
        248447.625,
        248356.671875,
        248055.4375,
        248062.234375,
        247909.359375,
        247996.65625,
        247747.15625,
        247910.78125,
        247769.46875,
        248159.0625,
        247570.3125,
        248005.328125,
        247873.75,
        247678.46875,
        247911.859375,
        247161.8125,
        247936.0,
        247144.125,
        248006.9375,
        247829.578125,
        247589.40625,
        248077.5,
        248441.65625,
        247829.671875,
        248038.515625,
        247977.0625,
        247913.34375,
        247904.15625,
        248099.484375,
        247943.625,
        247986.09375,
        247974.828125,
        247833.0625,
        248025.4375,
        248025.65625,
        247901.375,
        247977.40625,
        247995.25,
        248102.59375,
        248013.40625,
        247977.59375,
        247869.671875,
        247996.171875,
        248038.78125,
        248043.90625,
        248019.0625,
        247993.875,
        247999.421875,
        248066.9375,
        248088.90625,
        247977.375,
        248034.59375,
        247986.1875,
        247911.484375,
        248067.28125,
        247996.484375,
        248080.09375,
        247945.8125,
        247911.375,
        247970.78125,
        247964.390625,
        248009.8125,
        248018.515625,
        248039.6875,
        247992.5,
        247997.84375,
        248011.8125,
        247985.15625,
        247994.96875,
        248098.453125,
        247990.125,
        248001.1875,
        247999.640625,
        248007.34375,
        247981.03125,
        247975.140625,
        248010.703125,
        248012.46875,
        248027.90625,
        247971.53125,
        248002.84375,
        248017.71875,
        247997.28125,
        248014.46875,
        248011.46875,
        248007.5625,
        248000.0
    ]
}