{
    "nEvents": 167056,
    "sumGenWeights": -112992.02657800913,
    "sumSquaredGenWeights": 76426.29357457161,
    "sumLHEpdfWeights": [
        -113002.75,
        -112971.84375,
        -112744.234375,
        -113016.0,
        -113254.21875,
        -112931.75,
        -113266.546875,
        -113154.96875,
        -113287.46875,
        -112910.5546875,
        -112925.1328125,
        -112810.875,
        -113195.2109375,
        -113094.703125,
        -113241.578125,
        -113182.5234375,
        -113064.9375,
        -113058.9375,
        -112910.625,
        -112958.3125,
        -112868.515625,
        -112921.8671875,
        -112882.375,
        -113091.171875,
        -112753.65625,
        -112970.65625,
        -112876.4296875,
        -112824.84375,
        -113005.515625,
        -112573.2265625,
        -112977.2265625,
        -112574.71875,
        -113016.0,
        -112845.171875,
        -112736.8125,
        -113056.8984375,
        -113214.96875,
        -112884.171875,
        -112958.8515625,
        -112967.6875,
        -112888.453125,
        -112922.5,
        -113099.2578125,
        -112932.640625,
        -113054.6796875,
        -112998.8984375,
        -112909.5625,
        -113006.734375,
        -112978.078125,
        -112879.8125,
        -112937.609375,
        -112966.4375,
        -113113.71875,
        -112990.4375,
        -112970.90625,
        -112939.796875,
        -112948.2734375,
        -113071.859375,
        -113061.3203125,
        -113018.5859375,
        -112988.203125,
        -112967.21875,
        -113101.2109375,
        -113081.3046875,
        -113009.953125,
        -113086.046875,
        -112972.453125,
        -112966.59375,
        -113067.265625,
        -112999.96875,
        -113066.078125,
        -112959.328125,
        -112939.828125,
        -113014.171875,
        -112953.7109375,
        -112983.109375,
        -112992.625,
        -113075.390625,
        -113015.15625,
        -112970.4609375,
        -113020.453125,
        -112971.515625,
        -113015.4609375,
        -113101.828125,
        -112996.5,
        -113009.78125,
        -112978.46875,
        -113022.546875,
        -112973.953125,
        -112962.625,
        -113040.359375,
        -113015.171875,
        -113056.25,
        -112955.0625,
        -113005.8671875,
        -113039.75,
        -112977.3359375,
        -113032.828125,
        -113005.765625,
        -113025.0625,
        -113002.75
    ],
    "sumPSWeights": [
        -113047.328125,
        -113051.890625,
        -112922.203125,
        -112668.390625
    ],
    "sumLHEscaleWeights": [
        -144337.875,
        -138269.21875,
        -132025.515625,
        -117956.921875,
        -113002.75,
        -107887.390625,
        -98288.640625,
        -94150.2421875,
        -89892.6953125
    ]
}