{
    "sumGenWeights": 11354.233965277672,
    "nEvents": 250000,
    "sumLHEpdfWeights": [
        11353.599609375,
        11333.6181640625,
        11329.3125,
        11355.2998046875,
        11382.541015625,
        11309.97265625,
        11383.458984375,
        11322.2822265625,
        11325.447265625,
        11352.4619140625,
        11340.13671875,
        11396.5009765625,
        11360.8564453125,
        11382.880859375,
        11397.67578125,
        11385.1083984375,
        11395.125,
        11397.970703125,
        11303.0986328125,
        11301.173828125,
        11356.751953125,
        11318.16796875,
        11346.5927734375,
        11375.4677734375,
        11299.77734375,
        11356.716796875,
        11340.4833984375,
        11354.0107421875,
        11338.814453125,
        11300.73046875,
        11353.1201171875,
        11301.6787109375,
        11351.732421875,
        11339.4599609375,
        11313.6826171875,
        11365.736328125,
        11383.53515625,
        11328.2314453125,
        11351.3935546875,
        11349.77734375,
        11338.75,
        11332.337890625,
        11372.572265625,
        11350.720703125,
        11358.568359375,
        11347.578125,
        11327.8701171875,
        11360.900390625,
        11355.8955078125,
        11337.89453125,
        11346.095703125,
        11351.595703125,
        11372.7646484375,
        11355.33984375,
        11348.6953125,
        11331.23828125,
        11347.76171875,
        11361.6796875,
        11366.658203125,
        11357.0224609375,
        11349.5263671875,
        11351.935546875,
        11365.546875,
        11370.2265625,
        11348.8759765625,
        11366.380859375,
        11345.38671875,
        11338.951171875,
        11368.7373046875,
        11351.6279296875,
        11367.82421875,
        11342.9453125,
        11339.427734375,
        11352.97265625,
        11343.40625,
        11353.943359375,
        11357.2333984375,
        11361.0859375,
        11357.244140625,
        11351.5888671875,
        11355.0263671875,
        11349.2021484375,
        11354.90625,
        11373.44140625,
        11350.75,
        11357.271484375,
        11353.404296875,
        11356.15234375,
        11349.53515625,
        11347.365234375,
        11358.470703125,
        11357.556640625,
        11363.19921875,
        11346.8544921875,
        11355.951171875,
        11360.876953125,
        11352.20703125,
        11359.7802734375,
        11356.275390625,
        11357.150390625,
        11353.599609375
    ],
    "sumPSWeights": [
        11356.453125,
        11362.490234375,
        11351.626953125,
        11330.9658203125
    ],
    "sumLHEscaleWeights": [
        15082.759765625,
        13589.9921875,
        12312.681640625,
        12602.55078125,
        11353.599609375,
        10287.1884765625,
        10693.615234375,
        9634.7197265625,
        8729.103515625
    ]
}