{
    "nEvents": 248000,
    "sumGenWeights": 122270.32822370529,
    "sumSquaredGenWeights": 60283.760249614716,
    "sumLHEpdfWeights": [
        122288.7578125,
        122266.65625,
        122009.71875,
        122309.9296875,
        122560.375,
        122226.140625,
        122576.859375,
        122484.078125,
        122627.28125,
        122184.078125,
        122213.640625,
        122031.515625,
        122494.3828125,
        122359.5859375,
        122515.5,
        122464.84375,
        122316.546875,
        122310.921875,
        122219.8125,
        122263.6796875,
        122133.15625,
        122218.515625,
        122153.515625,
        122371.75,
        122039.578125,
        122252.625,
        122152.53125,
        122087.296875,
        122288.859375,
        121833.2890625,
        122252.484375,
        121837.59375,
        122288.6953125,
        122121.40625,
        122009.7265625,
        122335.5,
        122510.2109375,
        122180.90625,
        122247.140625,
        122253.625,
        122176.296875,
        122212.2734375,
        122372.265625,
        122213.6484375,
        122321.5546875,
        122282.078125,
        122192.2421875,
        122292.0390625,
        122259.1875,
        122170.3125,
        122224.25,
        122259.8515625,
        122385.828125,
        122280.375,
        122265.53125,
        122217.625,
        122233.0,
        122332.2265625,
        122327.609375,
        122300.640625,
        122274.25,
        122264.1171875,
        122368.4375,
        122343.640625,
        122282.4296875,
        122361.0625,
        122261.140625,
        122243.0,
        122336.8046875,
        122283.9375,
        122335.796875,
        122250.40625,
        122232.28125,
        122283.71875,
        122246.0859375,
        122272.640625,
        122286.390625,
        122342.265625,
        122291.125,
        122257.59375,
        122294.859375,
        122265.3359375,
        122291.453125,
        122363.5703125,
        122280.2734375,
        122293.765625,
        122274.9296875,
        122296.84375,
        122271.9453125,
        122260.53125,
        122304.3515625,
        122297.984375,
        122320.546875,
        122249.71875,
        122289.84375,
        122309.484375,
        122272.9375,
        122304.046875,
        122295.84375,
        122298.75,
        122288.7578125
    ],
    "sumPSWeights": [
        122280.078125,
        122247.0625,
        122267.828125,
        122128.953125
    ],
    "sumLHEscaleWeights": [
        155602.640625,
        149941.125,
        143873.875,
        126890.6328125,
        122288.7578125,
        117321.7109375,
        105548.203125,
        101692.734375,
        97589.4453125
    ]
}