{
    "sumGenWeights": 31937.227277353406,
    "nEvents": 159375,
    "sumLHEpdfWeights": [
        159375.0,
        159292.9375,
        159058.1875,
        159380.84375,
        159715.1875,
        159142.03125,
        159727.28125,
        159382.71875,
        159544.75,
        159296.59375,
        159290.28125,
        159364.421875,
        159576.9375,
        159564.921875,
        159786.015625,
        159654.890625,
        159579.4375,
        159604.5,
        159079.734375,
        159125.28125,
        159271.265625,
        159159.59375,
        159245.828125,
        159553.03125,
        158935.734375,
        159367.34375,
        159243.5,
        159214.171875,
        159294.796875,
        158750.078125,
        159324.40625,
        158755.46875,
        159382.25,
        159232.6875,
        158991.3125,
        159452.25,
        159680.8125,
        159199.890625,
        159373.078125,
        159346.0625,
        159267.5,
        159254.34375,
        159492.203125,
        159318.5625,
        159396.609375,
        159341.46875,
        159199.421875,
        159408.46875,
        159389.03125,
        159257.09375,
        159334.78125,
        159365.078125,
        159501.671875,
        159386.84375,
        159348.453125,
        159231.59375,
        159343.03125,
        159419.25,
        159434.4375,
        159394.25,
        159358.875,
        159370.25,
        159457.90625,
        159472.71875,
        159348.140625,
        159449.078125,
        159345.09375,
        159281.640625,
        159458.0625,
        159365.90625,
        159458.5,
        159312.9375,
        159281.375,
        159353.546875,
        159321.515625,
        159380.515625,
        159397.28125,
        159428.75,
        159378.5625,
        159364.0625,
        159382.21875,
        159352.203125,
        159372.234375,
        159493.421875,
        159361.734375,
        159383.0,
        159373.4375,
        159383.0625,
        159352.09375,
        159343.5,
        159390.3125,
        159391.09375,
        159417.78125,
        159338.203125,
        159378.96875,
        159402.65625,
        159369.09375,
        159396.078125,
        159388.09375,
        159385.40625,
        159375.0
    ]
}