{
    "nEvents": 78944,
    "sumGenWeights": 53396.9142331481,
    "sumSquaredGenWeights": 36117.89558053017,
    "sumLHEpdfWeights": [
        53396.421875,
        53395.171875,
        53279.1953125,
        53413.08984375,
        53525.91015625,
        53380.390625,
        53533.109375,
        53496.1328125,
        53553.625,
        53356.6953125,
        53368.375,
        53291.53125,
        53498.609375,
        53433.49609375,
        53502.4609375,
        53482.08203125,
        53409.7109375,
        53410.1328125,
        53376.078125,
        53394.203125,
        53337.0859375,
        53373.6796875,
        53344.6640625,
        53438.4765625,
        53293.9375,
        53386.0,
        53343.3984375,
        53317.984375,
        53407.8828125,
        53208.46875,
        53386.015625,
        53210.484375,
        53403.94921875,
        53328.88671875,
        53281.56640625,
        53421.97265625,
        53503.53125,
        53349.3046875,
        53383.4375,
        53382.46875,
        53350.5625,
        53366.390625,
        53441.95703125,
        53366.4921875,
        53421.1328125,
        53395.5390625,
        53356.9921875,
        53400.265625,
        53385.9140625,
        53348.79296875,
        53372.40625,
        53384.7890625,
        53448.0625,
        53392.828125,
        53385.8203125,
        53369.0234375,
        53376.1640625,
        53423.8203125,
        53418.640625,
        53403.25,
        53390.921875,
        53385.03515625,
        53441.13671875,
        53423.9921875,
        53397.17578125,
        53436.1640625,
        53386.0078125,
        53380.07421875,
        53421.859375,
        53395.0078125,
        53420.90234375,
        53380.4296875,
        53372.515625,
        53397.5859375,
        53378.0390625,
        53388.71484375,
        53394.46875,
        53429.078125,
        53400.8046875,
        53384.0703125,
        53401.6875,
        53384.71875,
        53400.09375,
        53436.796875,
        53394.26171875,
        53399.8203125,
        53387.640625,
        53402.796875,
        53387.0546875,
        53383.1328125,
        53407.5546875,
        53401.51953125,
        53415.16015625,
        53378.7109375,
        53397.1328125,
        53409.171875,
        53388.0390625,
        53406.578125,
        53398.921875,
        53403.6875,
        53396.421875
    ],
    "sumPSWeights": [
        53403.71875,
        53388.484375,
        53385.90234375,
        53530.51953125
    ],
    "sumLHEscaleWeights": [
        67892.1171875,
        65514.046875,
        62940.203125,
        55336.4296875,
        53396.421875,
        51297.9453125,
        46010.4453125,
        44396.734375,
        42650.76953125
    ]
}