{
    "sumGenWeights": 7582.091639623046,
    "nEvents": 151529,
    "sumLHEpdfWeights": [
        151529.0,
        151442.875,
        151177.640625,
        151534.40625,
        151894.46875,
        151293.25,
        151914.703125,
        151544.5,
        151691.15625,
        151453.71875,
        151445.40625,
        151518.171875,
        151748.984375,
        151747.25,
        151949.75,
        151843.71875,
        151741.15625,
        151760.6875,
        151232.484375,
        151296.75,
        151409.203125,
        151311.6875,
        151402.859375,
        151712.671875,
        151117.390625,
        151534.671875,
        151385.09375,
        151343.09375,
        151457.5,
        150934.453125,
        151492.140625,
        150947.265625,
        151525.53125,
        151364.640625,
        151131.34375,
        151601.75,
        151889.46875,
        151359.75,
        151527.40625,
        151512.109375,
        151427.859375,
        151396.9375,
        151663.90625,
        151490.953125,
        151551.96875,
        151493.140625,
        151364.28125,
        151562.15625,
        151545.046875,
        151413.875,
        151491.40625,
        151519.0625,
        151664.171875,
        151537.90625,
        151505.6875,
        151389.421875,
        151509.21875,
        151562.96875,
        151581.25,
        151551.734375,
        151509.84375,
        151533.046875,
        151599.1875,
        151617.78125,
        151501.1875,
        151602.75,
        151505.6875,
        151436.84375,
        151614.84375,
        151518.75,
        151604.296875,
        151469.65625,
        151440.71875,
        151510.90625,
        151476.453125,
        151533.90625,
        151552.53125,
        151566.90625,
        151532.21875,
        151521.453125,
        151533.640625,
        151504.375,
        151527.15625,
        151638.03125,
        151515.96875,
        151537.59375,
        151529.09375,
        151534.8125,
        151508.53125,
        151501.71875,
        151538.828125,
        151545.25,
        151566.796875,
        151495.53125,
        151531.875,
        151554.203125,
        151525.515625,
        151546.6875,
        151540.984375,
        151537.40625,
        151529.0
    ]
}