{
    "sumGenWeights": 122270.32822370529,
    "nEvents": 248000,
    "sumLHEpdfWeights": [
        122288.75,
        122266.65625,
        122009.71875,
        122309.9296875,
        122560.3671875,
        122226.140625,
        122576.859375,
        122484.0625,
        122627.28125,
        122184.078125,
        122213.640625,
        122031.5234375,
        122494.390625,
        122359.578125,
        122515.5,
        122464.8515625,
        122316.5546875,
        122310.921875,
        122219.8125,
        122263.671875,
        122133.140625,
        122218.515625,
        122153.515625,
        122371.75,
        122039.5703125,
        122252.625,
        122152.53125,
        122087.2890625,
        122288.859375,
        121833.28125,
        122252.484375,
        121837.59375,
        122288.6953125,
        122121.40625,
        122009.7265625,
        122335.5,
        122510.203125,
        122180.90625,
        122247.1328125,
        122253.625,
        122176.296875,
        122212.2734375,
        122372.265625,
        122213.6484375,
        122321.5625,
        122282.078125,
        122192.2421875,
        122292.03125,
        122259.1875,
        122170.3125,
        122224.2421875,
        122259.8515625,
        122385.828125,
        122280.375,
        122265.53125,
        122217.625,
        122233.0,
        122332.234375,
        122327.609375,
        122300.640625,
        122274.25,
        122264.1171875,
        122368.4296875,
        122343.640625,
        122282.4375,
        122361.0546875,
        122261.125,
        122243.0,
        122336.8046875,
        122283.9375,
        122335.796875,
        122250.4140625,
        122232.28125,
        122283.71875,
        122246.078125,
        122272.640625,
        122286.390625,
        122342.2734375,
        122291.125,
        122257.59375,
        122294.859375,
        122265.328125,
        122291.453125,
        122363.5703125,
        122280.28125,
        122293.7734375,
        122274.9296875,
        122296.84375,
        122271.953125,
        122260.5390625,
        122304.34375,
        122297.984375,
        122320.546875,
        122249.71875,
        122289.84375,
        122309.484375,
        122272.9453125,
        122304.046875,
        122295.84375,
        122298.7421875,
        122288.75
    ],
    "sumPSWeights": [
        122280.078125,
        122247.0625,
        122267.828125,
        122128.953125
    ],
    "sumLHEscaleWeights": [
        155602.65625,
        149941.125,
        143873.890625,
        126890.640625,
        122288.75,
        117321.71875,
        105548.203125,
        101692.734375,
        97589.4453125
    ]
}