{
    "sumGenWeights": -458600.7229027748,
    "nEvents": 169479,
    "sumLHEpdfWeights": [
        169479.0,
        169441.0,
        169119.0625,
        169520.5625,
        169922.0,
        169350.4375,
        169919.3125,
        169710.15625,
        169905.125,
        169393.234375,
        169430.796875,
        169211.34375,
        169779.09375,
        169601.015625,
        169838.28125,
        169771.1875,
        169542.09375,
        169564.71875,
        169346.28125,
        169419.625,
        169295.84375,
        169382.671875,
        169327.1875,
        169619.8125,
        169155.125,
        169480.921875,
        169344.640625,
        169219.90625,
        169437.09375,
        168873.5,
        169445.6875,
        168857.734375,
        169474.046875,
        169304.234375,
        169132.625,
        169539.640625,
        169843.015625,
        169359.9375,
        169484.40625,
        169470.0,
        169402.15625,
        169389.484375,
        169595.78125,
        169446.6875,
        169501.28125,
        169457.21875,
        169360.484375,
        169499.21875,
        169485.0,
        169387.09375,
        169447.625,
        169465.625,
        169584.609375,
        169481.625,
        169463.71875,
        169382.71875,
        169462.40625,
        169502.859375,
        169512.28125,
        169498.21875,
        169464.71875,
        169482.375,
        169539.25,
        169536.09375,
        169462.0625,
        169534.75,
        169465.75,
        169415.53125,
        169546.59375,
        169471.25,
        169527.46875,
        169439.921875,
        169419.53125,
        169470.203125,
        169443.46875,
        169479.9375,
        169494.125,
        169517.34375,
        169481.890625,
        169473.40625,
        169481.65625,
        169460.3125,
        169479.171875,
        169555.5,
        169470.578125,
        169485.34375,
        169477.828125,
        169482.71875,
        169466.03125,
        169462.375,
        169485.40625,
        169489.59375,
        169505.015625,
        169456.65625,
        169480.125,
        169496.28125,
        169476.453125,
        169490.78125,
        169486.53125,
        169484.6875,
        169479.0
    ]
}