{
    "sumGenWeights": 53396.9142331481,
    "nEvents": 78944,
    "sumLHEpdfWeights": [
        78944.0,
        78940.609375,
        78773.0,
        78967.9296875,
        79134.046875,
        78917.9921875,
        79144.484375,
        79091.875,
        79175.1875,
        78884.0,
        78911.921875,
        78788.5625,
        79096.3125,
        78995.8828125,
        79104.203125,
        79069.46875,
        78962.4609375,
        78963.75,
        78914.8515625,
        78940.1015625,
        78853.359375,
        78908.375,
        78866.15625,
        79006.7890625,
        78795.3125,
        78933.09375,
        78866.75,
        78823.5390625,
        78957.3125,
        78660.5078125,
        78931.1484375,
        78662.953125,
        78947.59375,
        78841.3359375,
        78773.59375,
        78980.109375,
        79100.15625,
        78880.046875,
        78930.5078125,
        78923.875,
        78882.8828125,
        78900.40625,
        79005.015625,
        78905.03125,
        78969.375,
        78941.2578125,
        78884.3828125,
        78953.296875,
        78939.78125,
        78878.953125,
        78916.1953125,
        78931.703125,
        79012.984375,
        78946.2890625,
        78934.40625,
        78901.078125,
        78922.390625,
        78971.515625,
        78970.578125,
        78953.65625,
        78938.015625,
        78935.5859375,
        79002.453125,
        78977.8125,
        78939.34375,
        78993.0859375,
        78931.796875,
        78916.578125,
        78975.5859375,
        78941.734375,
        78975.2734375,
        78921.8359375,
        78911.484375,
        78938.875,
        78925.734375,
        78943.109375,
        78947.9921875,
        78983.1640625,
        78945.5859375,
        78936.53125,
        78948.7734375,
        78934.625,
        78944.1328125,
        78993.8125,
        78940.03125,
        78947.6875,
        78940.0625,
        78948.5,
        78935.625,
        78931.203125,
        78953.8203125,
        78950.3125,
        78964.1875,
        78926.7421875,
        78945.15625,
        78956.546875,
        78939.734375,
        78953.734375,
        78948.703125,
        78949.265625,
        78944.0
    ]
}