{
    "sumGenWeights": -18161.12950603664,
    "nEvents": 90625,
    "sumLHEpdfWeights": [
        90625.0,
        90489.09375,
        90442.4375,
        90627.5078125,
        90842.890625,
        90319.625,
        90836.359375,
        90450.296875,
        90486.2890625,
        90591.25,
        90542.5,
        90867.0390625,
        90710.375,
        90825.09375,
        90933.5234375,
        90849.1796875,
        90884.5625,
        90917.8671875,
        90277.3125,
        90277.3203125,
        90620.5,
        90394.328125,
        90572.59375,
        90768.84375,
        90260.7421875,
        90639.9375,
        90515.96875,
        90585.609375,
        90514.296875,
        90238.5390625,
        90594.140625,
        90248.4296875,
        90614.734375,
        90518.1328125,
        90327.3125,
        90693.875,
        90858.953125,
        90470.0546875,
        90619.40625,
        90619.3125,
        90535.03125,
        90478.484375,
        90764.375,
        90613.671875,
        90659.515625,
        90583.9375,
        90463.8515625,
        90657.546875,
        90634.0703125,
        90516.109375,
        90578.21875,
        90612.671875,
        90747.0,
        90627.53125,
        90598.2734375,
        90483.5625,
        90590.71875,
        90656.34375,
        90688.15625,
        90649.578125,
        90599.9296875,
        90621.7734375,
        90683.46875,
        90711.0390625,
        90595.4296875,
        90699.578125,
        90584.90625,
        90532.234375,
        90722.671875,
        90612.234375,
        90695.765625,
        90560.5234375,
        90538.078125,
        90617.03125,
        90559.515625,
        90625.1015625,
        90645.484375,
        90663.78125,
        90636.6484375,
        90611.90625,
        90625.203125,
        90596.1328125,
        90626.59375,
        90737.7890625,
        90608.59375,
        90638.7578125,
        90623.546875,
        90630.609375,
        90602.6953125,
        90590.125,
        90640.765625,
        90642.640625,
        90672.296875,
        90585.8125,
        90628.90625,
        90658.875,
        90617.65625,
        90649.203125,
        90637.71875,
        90634.9375,
        90625.0
    ]
}