{
    "sumGenWeights": 30806.35605752468,
    "nEvents": 250000,
    "sumLHEpdfWeights": [
        250000.0,
        249962.890625,
        249585.953125,
        250066.46875,
        250552.9375,
        249845.15625,
        250533.390625,
        250314.296875,
        250750.578125,
        249892.40625,
        249957.90625,
        249488.0,
        250337.0625,
        250093.1875,
        250404.71875,
        250311.96875,
        250062.46875,
        250068.078125,
        249901.765625,
        249995.125,
        249781.1875,
        249902.375,
        249792.84375,
        250140.5,
        249558.84375,
        249991.46875,
        249851.03125,
        249739.125,
        249921.203125,
        249195.96875,
        249934.0,
        249170.375,
        250003.484375,
        249816.421875,
        249589.203125,
        250076.5625,
        250392.46875,
        249836.71875,
        250025.71875,
        249977.21875,
        249908.5,
        249905.0625,
        250107.59375,
        249937.28125,
        250003.578125,
        249969.0625,
        249833.28125,
        250027.5625,
        250017.0625,
        249894.109375,
        249972.59375,
        249993.0,
        250110.515625,
        250010.375,
        249975.875,
        249866.1875,
        249980.28125,
        250039.578125,
        250041.875,
        250018.90625,
        249985.4375,
        250004.53125,
        250076.4375,
        250088.3125,
        249975.0,
        250058.984375,
        249982.96875,
        249914.15625,
        250073.9375,
        249991.15625,
        250074.5,
        249947.75,
        249914.375,
        249978.90625,
        249957.84375,
        250005.484375,
        250022.75,
        250049.1875,
        250000.859375,
        249993.1875,
        250007.34375,
        249978.71875,
        249997.09375,
        250102.0625,
        249988.9375,
        250005.484375,
        249999.875,
        250005.828125,
        249980.6875,
        249977.15625,
        250009.703125,
        250013.40625,
        250032.46875,
        249971.625,
        250002.8125,
        250020.28125,
        249996.8125,
        250015.75,
        250010.8125,
        250008.609375,
        250000.0
    ]
}