{
    "nEvents": 20128914,
    "sumGenWeights": 20128991.242529154,
    "sumSquaredGenWeights": 20129070.401462793,
    "sumPSWeights": [
        20128994.0
    ]
}