{
    "sumGenWeights": 106897142.99974442,
    "nEvents": 3294673,
    "sumLHEpdfWeights": [
        -212423.0,
        -210229.4375,
        -210744.3125,
        -214279.5,
        -213935.3125,
        -213965.03125,
        -214702.40625,
        -209968.0625,
        -210140.75,
        -215173.6875,
        -214815.5,
        -216575.78125,
        -209505.34375,
        -210570.4375,
        -209766.78125,
        -216248.0625,
        -216304.0,
        -216586.828125,
        -211584.21875,
        -210019.96875,
        -212995.90625,
        -206622.15625,
        -210359.8125,
        -210216.71875,
        -209471.125,
        -208463.71875,
        -213462.015625,
        -210838.28125,
        -209104.046875,
        -215782.828125,
        -215168.53125,
        -213048.1875,
        -213344.984375,
        -210168.75,
        -210447.125,
        -217364.46875,
        -211524.875,
        -213892.546875,
        -212293.9375,
        -209533.71875,
        -211229.09375,
        -213917.375,
        -207936.46875,
        -212119.78125,
        -208400.3125,
        -213345.375,
        -213998.703125,
        -207039.28125,
        -209419.875,
        -214699.828125,
        -215383.0,
        -210995.875,
        -208822.90625,
        -212056.1875,
        -210466.625,
        -210008.875,
        -210869.1875,
        -211127.28125,
        -208497.78125,
        -218054.71875,
        -213995.90625,
        -211614.9375,
        -212030.0,
        -210256.1875,
        -212245.890625,
        -211199.0,
        -213193.40625,
        -206653.0,
        -216208.3125,
        -210692.6875,
        -207309.46875,
        -216712.875,
        -215954.34375,
        -216015.78125,
        -216401.90625,
        -214879.46875,
        -217352.046875,
        -211143.828125,
        -213023.1875,
        -213745.8125,
        -210180.109375,
        -207218.5,
        -216304.0,
        -209373.65625,
        -213431.6875,
        -215715.765625,
        -206299.5,
        -215200.015625,
        -213285.8125,
        -218778.1875,
        -209239.78125,
        -210054.40625,
        -216849.5,
        -215250.53125,
        -213279.40625,
        -210835.90625,
        -210074.0,
        -209300.28125,
        -215177.25,
        -212883.578125,
        -214172.34375
    ]
}