{
    "nEvents": 5665000,
    "sumGenWeights": 20119813.2637558,
    "sumSquaredGenWeights": 168533613.17253113,
    "sumLHEpdfWeights": [
        20129452.0,
        10067181.0,
        10054885.0,
        10047612.0,
        10072212.0,
        10051277.0,
        10058702.0,
        10052224.0,
        10035080.0,
        10081912.0,
        10040692.0,
        10064076.0,
        10060784.0,
        10081701.0,
        10060546.0,
        10105520.0,
        10047224.0,
        10057800.0,
        10034066.0,
        10063358.0,
        10082458.0,
        10044870.0,
        10080402.0,
        10041452.0,
        10048835.0,
        10049619.0,
        10054102.0,
        10097236.0,
        10072826.0,
        10088292.0,
        10067280.0,
        10101946.0,
        10057577.0,
        10069855.0,
        10074610.0,
        10050168.0,
        10039052.0,
        10075534.0,
        10070523.0,
        10049443.0,
        10062128.0,
        10068587.0,
        10044219.0,
        10052024.0,
        10049462.0,
        10059802.0,
        10054650.0,
        10056208.0,
        10063688.0,
        10049683.0,
        10053703.0,
        10064296.0,
        10059635.0,
        10059314.0,
        10060407.0,
        10070588.0,
        10066666.0,
        10061426.0,
        10063741.0,
        10068921.0,
        10062707.0,
        10062057.0,
        10061360.0,
        10059110.0,
        10067768.0,
        10060069.0,
        10068981.0,
        10068688.0,
        10056822.0,
        10059514.0,
        10058238.0,
        10064670.0,
        10062308.0,
        10062089.0,
        10061848.0,
        10057310.0,
        10057632.0,
        10063817.0,
        10060352.0,
        10054051.0,
        10059545.0,
        10058728.0,
        10063280.0,
        10055750.0,
        10064652.0,
        10058908.0,
        10058337.0,
        10061424.0,
        10062586.0,
        10064333.0,
        10059540.0,
        10063415.0,
        10059664.0,
        10061559.0,
        10057004.0,
        10059225.0,
        10061197.0,
        10060676.0,
        10061628.0,
        10061738.0,
        10064723.0
    ],
    "sumPSWeights": [
        20117034.0,
        20118698.0,
        20122342.0,
        20118944.0
    ],
    "sumLHEscaleWeights": [
        10208284.0,
        10335606.0,
        10441122.0,
        9918570.0,
        20129452.0,
        10176601.0,
        9682404.0,
        9836038.0,
        9961011.0
    ]
}