{
    "nEvents": 3411747,
    "sumGenWeights": 110907837.64509583,
    "sumSquaredGenWeights": 3605698486.5600586,
    "sumLHEpdfWeights": [
        -7213960.0,
        -7099656.5,
        -7150340.0,
        -7260259.0,
        -7251645.0,
        -7274353.0,
        -7305823.5,
        -7171380.0,
        -7139019.0,
        -7281231.0,
        -7326129.0,
        -7329757.0,
        -7109937.0,
        -7172575.0,
        -7110234.0,
        -7356768.0,
        -7357202.0,
        -7372235.5,
        -7197038.0,
        -7168362.0,
        -7259256.0,
        -7021047.0,
        -7145853.0,
        -7146579.0,
        -7118138.0,
        -7108428.5,
        -7237689.0,
        -7149817.0,
        -7104287.0,
        -7327511.0,
        -7330760.0,
        -7202274.0,
        -7246284.0,
        -7148532.0,
        -7123700.0,
        -7367608.0,
        -7173461.5,
        -7282471.0,
        -7221721.0,
        -7144819.5,
        -7202604.0,
        -7242379.0,
        -7068229.5,
        -7206577.5,
        -7117729.0,
        -7250608.0,
        -7261827.0,
        -7034416.0,
        -7066215.5,
        -7236461.0,
        -7330083.0,
        -7125207.5,
        -7112075.0,
        -7208092.0,
        -7137111.0,
        -7127279.0,
        -7150656.0,
        -7173681.0,
        -7096604.5,
        -7427489.0,
        -7227596.0,
        -7186623.0,
        -7169124.5,
        -7167266.0,
        -7174630.0,
        -7190849.0,
        -7228238.5,
        -7045588.5,
        -7302855.0,
        -7169415.0,
        -7045379.0,
        -7370911.0,
        -7299533.0,
        -7301836.0,
        -7375116.0,
        -7311347.0,
        -7385771.0,
        -7180682.5,
        -7247118.5,
        -7245314.0,
        -7155705.0,
        -7048406.0,
        -7357202.0,
        -7165167.5,
        -7245622.0,
        -7338680.5,
        -6992641.0,
        -7271814.0,
        -7280055.0,
        -7413147.0,
        -7121886.0,
        -7136751.0,
        -7356109.0,
        -7294818.0,
        -7231326.0,
        -7153985.0,
        -7135566.0,
        -7097285.5,
        -7327234.5,
        -7221919.5,
        -7250508.0
    ],
    "sumPSWeights": [
        110908488.0,
        110897528.0,
        110906736.0,
        110908208.0
    ],
    "sumLHEscaleWeights": [
        113994656.0,
        116263944.0,
        118971848.0,
        107813288.0,
        110879856.0,
        113952376.0,
        102031904.0,
        105642928.0,
        108878336.0
    ]
}