{
    "sumGenWeights": 110907837.64509583,
    "nEvents": 3411747,
    "sumLHEpdfWeights": [
        -221950.09375,
        -218438.125,
        -219945.4375,
        -223270.625,
        -223068.015625,
        -223775.5625,
        -224736.296875,
        -220582.03125,
        -219473.53125,
        -224016.34375,
        -225294.78125,
        -225513.390625,
        -218694.84375,
        -220640.5625,
        -218767.1875,
        -226344.71875,
        -226276.21875,
        -226770.78125,
        -221369.703125,
        -220550.484375,
        -223346.484375,
        -215957.75,
        -219859.03125,
        -219829.65625,
        -218999.03125,
        -218664.75,
        -222595.4375,
        -219940.375,
        -218527.25,
        -225399.4375,
        -225545.0,
        -221538.546875,
        -222913.3125,
        -219902.3125,
        -219179.890625,
        -226599.34375,
        -220711.65625,
        -224000.296875,
        -222150.53125,
        -219768.5625,
        -221604.09375,
        -222825.96875,
        -217442.625,
        -221685.4375,
        -218939.09375,
        -223027.234375,
        -223429.84375,
        -216401.03125,
        -217367.25,
        -222607.359375,
        -225531.4375,
        -219198.875,
        -218770.4375,
        -221768.296875,
        -219587.890625,
        -219288.21875,
        -219937.453125,
        -220668.921875,
        -218297.265625,
        -228455.703125,
        -222348.0625,
        -221023.5,
        -220489.21875,
        -220518.78125,
        -220712.546875,
        -221188.65625,
        -222356.53125,
        -216769.46875,
        -224694.890625,
        -220584.796875,
        -216751.1875,
        -226763.890625,
        -224535.375,
        -224624.40625,
        -226844.515625,
        -224951.59375,
        -227240.28125,
        -220933.59375,
        -222976.484375,
        -222871.984375,
        -220168.65625,
        -216826.40625,
        -226276.21875,
        -220428.5,
        -222884.8125,
        -225744.625,
        -215155.0625,
        -223679.40625,
        -223989.4375,
        -228025.96875,
        -219065.96875,
        -219505.390625,
        -226303.0625,
        -224444.6875,
        -222489.6875,
        -220085.015625,
        -219546.6875,
        -218306.265625,
        -225440.0625,
        -222193.921875,
        -223008.703125
    ]
}