{
    "nEvents": 3294673,
    "sumGenWeights": 106897142.99974442,
    "sumSquaredGenWeights": 3468721581.805786,
    "sumLHEpdfWeights": [
        -6890790.5,
        -6819319.0,
        -6838178.5,
        -6955182.5,
        -6941444.0,
        -6941943.0,
        -6966248.5,
        -6813429.0,
        -6823177.0,
        -6980025.5,
        -6972596.0,
        -7025397.0,
        -6798266.0,
        -6832014.0,
        -6804011.5,
        -7014529.5,
        -7019899.0,
        -7027725.0,
        -6865908.0,
        -6812408.0,
        -6908985.0,
        -6704839.0,
        -6823392.5,
        -6821019.5,
        -6795156.5,
        -6763767.5,
        -6927906.5,
        -6840809.0,
        -6785075.0,
        -7001421.0,
        -6979780.0,
        -6913180.5,
        -6921772.5,
        -6818889.5,
        -6826252.0,
        -7054224.0,
        -6861066.5,
        -6940686.5,
        -6888051.0,
        -6799270.0,
        -6851912.0,
        -6939212.0,
        -6746130.5,
        -6882357.0,
        -6762237.0,
        -6922677.0,
        -6941329.5,
        -6716846.5,
        -6794738.5,
        -6966032.0,
        -6986227.5,
        -6845194.0,
        -6775754.0,
        -6878971.5,
        -6826979.5,
        -6811967.0,
        -6842949.0,
        -6850323.0,
        -6765047.0,
        -7075978.0,
        -6942455.0,
        -6868009.0,
        -6881338.0,
        -6820003.0,
        -6885983.0,
        -6852987.5,
        -6916897.0,
        -6703623.5,
        -7012704.0,
        -6834232.0,
        -6725197.0,
        -7030315.5,
        -7007116.0,
        -7008363.0,
        -7022461.5,
        -6970138.5,
        -7050261.0,
        -6848697.0,
        -6909867.5,
        -6935250.0,
        -6817278.5,
        -6723011.5,
        -7019899.0,
        -6792479.0,
        -6924973.0,
        -6999234.0,
        -6691350.5,
        -6982915.0,
        -6918407.0,
        -7098923.0,
        -6789521.0,
        -6816733.0,
        -7034916.5,
        -6982260.0,
        -6918033.0,
        -6839942.0,
        -6814181.0,
        -6791557.0,
        -6979654.0,
        -6905768.5,
        -6950128.5
    ],
    "sumPSWeights": [
        106902848.0,
        106872072.0,
        106893608.0,
        106938632.0
    ],
    "sumLHEscaleWeights": [
        109882416.0,
        112057584.0,
        114653520.0,
        103927344.0,
        106998752.0,
        109824048.0,
        98356720.0,
        101815680.0,
        104939616.0
    ]
}