{
    "nEvents": 16874000,
    "sumGenWeights": 1184081875.4695282,
    "sumSquaredGenWeights": 84442604339.84375,
    "sumLHEpdfWeights": [
        1182523392.0,
        1182213888.0,
        1185717248.0,
        1184620032.0,
        1187666688.0,
        1182732544.0,
        1180755968.0,
        1181991552.0,
        1181172224.0,
        1186915968.0,
        1182908160.0,
        1181093632.0,
        1184573696.0,
        1182352896.0,
        1184985728.0,
        1184669312.0,
        1186123008.0,
        1182406400.0,
        1183526784.0,
        1185086976.0,
        1184676608.0,
        1184470272.0,
        1184101120.0,
        1185922176.0,
        1181651072.0,
        1184723456.0,
        1185975680.0,
        1181676288.0,
        1181672192.0,
        1189910784.0,
        1184954496.0,
        1185340160.0,
        1184583680.0,
        1185537024.0,
        1185358080.0,
        1183421440.0,
        1183585152.0,
        1185418368.0,
        1183789568.0,
        1182890752.0,
        1184078336.0,
        1183197696.0,
        1181902336.0,
        1184204544.0,
        1185594624.0,
        1182825856.0,
        1186115840.0,
        1185867264.0,
        1182249472.0,
        1182696064.0,
        1185231104.0,
        1185489792.0,
        1183116032.0,
        1184424960.0,
        1185186560.0,
        1184153984.0,
        1183044224.0,
        1184090880.0,
        1184603136.0,
        1182759424.0,
        1184120704.0,
        1182773888.0,
        1183624576.0,
        1183582720.0,
        1182836992.0,
        1184775680.0,
        1183630080.0,
        1183272704.0,
        1185483264.0,
        1184524800.0,
        1182174720.0,
        1182441472.0,
        1183281920.0,
        1182593024.0,
        1182734336.0,
        1182519936.0,
        1184321536.0,
        1181922304.0,
        1183767552.0,
        1184846976.0,
        1184181376.0,
        1184979584.0,
        1185171968.0,
        1183478528.0,
        1182785664.0,
        1183683840.0,
        1183423744.0,
        1182409472.0,
        1184114816.0,
        1183078272.0,
        1183659136.0,
        1183097344.0,
        1183004672.0,
        1183573632.0,
        1183237888.0,
        1184113152.0,
        1182541952.0,
        1185796608.0,
        1182554240.0,
        1183561600.0,
        1183029504.0,
        1151659264.0,
        1218084608.0
    ],
    "sumPSWeights": [
        1183995264.0,
        1183965056.0,
        1184094976.0,
        1183989376.0
    ],
    "sumLHEscaleWeights": [
        1333744256.0,
        1310437888.0,
        1295346688.0,
        1213402368.0,
        1182523392.0,
        1161512576.0,
        1098226048.0,
        1066507072.0,
        1040464512.0
    ]
}