{
    "nEvents": 41364000,
    "sumGenWeights": 2982812689.795044,
    "sumSquaredGenWeights": 218610537556.64062,
    "sumLHEpdfWeights": [
        2980298752.0,
        2978128896.0,
        2986397696.0,
        2983626496.0,
        2992010752.0,
        2979272448.0,
        2975526400.0,
        2977717504.0,
        2975860736.0,
        2990067968.0,
        2978796032.0,
        2975777792.0,
        2983394048.0,
        2978544640.0,
        2985185536.0,
        2984110080.0,
        2986964736.0,
        2979184384.0,
        2981547776.0,
        2981997824.0,
        2984407040.0,
        2983676416.0,
        2983186176.0,
        2987105792.0,
        2977072896.0,
        2984673280.0,
        2987645952.0,
        2977095424.0,
        2977427968.0,
        2997462784.0,
        2982824448.0,
        2985193728.0,
        2984157696.0,
        2984399360.0,
        2986019072.0,
        2981307648.0,
        2980796160.0,
        2985801472.0,
        2981609472.0,
        2980228352.0,
        2982083072.0,
        2980569856.0,
        2977295872.0,
        2982495232.0,
        2986750464.0,
        2980199936.0,
        2987879680.0,
        2987410176.0,
        2978534400.0,
        2979832832.0,
        2983709952.0,
        2986190848.0,
        2979894528.0,
        2981849600.0,
        2982459648.0,
        2981774336.0,
        2980740096.0,
        2981397760.0,
        2980898560.0,
        2979969024.0,
        2980793600.0,
        2979794432.0,
        2980448256.0,
        2980954880.0,
        2980253696.0,
        2982079232.0,
        2981814272.0,
        2980264448.0,
        2981292544.0,
        2981811456.0,
        2978537472.0,
        2979279104.0,
        2980910592.0,
        2979555584.0,
        2979241728.0,
        2979421184.0,
        2982088448.0,
        2977846272.0,
        2981503488.0,
        2981427456.0,
        2981821696.0,
        2981255168.0,
        2982054656.0,
        2980891136.0,
        2979977216.0,
        2981366272.0,
        2981260544.0,
        2979264512.0,
        2980792064.0,
        2979994368.0,
        2981278976.0,
        2980236032.0,
        2980214272.0,
        2981695232.0,
        2980212480.0,
        2981514496.0,
        2979469056.0,
        2983496448.0,
        2979621888.0,
        2980797184.0,
        2980507648.0,
        2901117440.0,
        3068472576.0
    ],
    "sumPSWeights": [
        2982689024.0,
        2982330880.0,
        2982776064.0,
        2983746304.0
    ],
    "sumLHEscaleWeights": [
        3359776768.0,
        3301488384.0,
        3263894528.0,
        3056139776.0,
        2980298752.0,
        2926426368.0,
        2765663232.0,
        2686338816.0,
        2621229568.0
    ]
}