{
    "nEvents": 16940000,
    "sumGenWeights": 1255514513.3961182,
    "sumSquaredGenWeights": 94575573339.84375,
    "sumLHEpdfWeights": [
        1254076032.0,
        1253572096.0,
        1257246336.0,
        1256052480.0,
        1259321216.0,
        1253997824.0,
        1252294656.0,
        1253331712.0,
        1252543104.0,
        1258583808.0,
        1254099712.0,
        1252509440.0,
        1255973504.0,
        1253773952.0,
        1256493184.0,
        1256127872.0,
        1257488640.0,
        1253817600.0,
        1254987136.0,
        1255580160.0,
        1256187392.0,
        1255930880.0,
        1255618176.0,
        1257421696.0,
        1253012352.0,
        1256262400.0,
        1257508864.0,
        1252975616.0,
        1253124480.0,
        1261700608.0,
        1255844480.0,
        1256680576.0,
        1256027648.0,
        1256356736.0,
        1256915840.0,
        1254812672.0,
        1254761856.0,
        1256907264.0,
        1254971136.0,
        1254328704.0,
        1255325184.0,
        1254507776.0,
        1253177216.0,
        1255531136.0,
        1257223680.0,
        1254259072.0,
        1257773312.0,
        1257475840.0,
        1253664256.0,
        1254111488.0,
        1256517120.0,
        1257056512.0,
        1254298752.0,
        1255544320.0,
        1256260992.0,
        1255307008.0,
        1254451456.0,
        1255309696.0,
        1254771712.0,
        1254223616.0,
        1254914816.0,
        1254140160.0,
        1254635008.0,
        1254752000.0,
        1254286592.0,
        1255766912.0,
        1255058560.0,
        1254256000.0,
        1255569280.0,
        1255352960.0,
        1253591040.0,
        1253866496.0,
        1254512768.0,
        1253966592.0,
        1253917696.0,
        1253924992.0,
        1255265280.0,
        1253322240.0,
        1254916096.0,
        1254941312.0,
        1255227904.0,
        1255065088.0,
        1255415168.0,
        1254561792.0,
        1254134528.0,
        1254866944.0,
        1254722688.0,
        1253839360.0,
        1254635008.0,
        1254223104.0,
        1254853760.0,
        1254319616.0,
        1254236416.0,
        1254943360.0,
        1254274304.0,
        1254934912.0,
        1253977344.0,
        1256017792.0,
        1253995392.0,
        1254592256.0,
        1254346112.0,
        1221130496.0,
        1291575296.0
    ],
    "sumPSWeights": [
        1255474432.0,
        1255537664.0,
        1255459200.0,
        1255761792.0
    ],
    "sumLHEscaleWeights": [
        1414304768.0,
        1389830144.0,
        1374064896.0,
        1286246912.0,
        1254076032.0,
        1231897984.0,
        1163806720.0,
        1130600704.0,
        1103334528.0
    ]
}