{
    "nEvents": 16730000,
    "sumGenWeights": 1424704313.2527466,
    "sumSquaredGenWeights": 123384264643.55469,
    "sumLHEpdfWeights": [
        1426221952.0,
        1424747904.0,
        1426375424.0,
        1425810432.0,
        1427282432.0,
        1424388096.0,
        1420614656.0,
        1422590208.0,
        1421399552.0,
        1427122432.0,
        1424216832.0,
        1421881984.0,
        1425426176.0,
        1423387264.0,
        1426277376.0,
        1425876992.0,
        1426766336.0,
        1424694016.0,
        1424520704.0,
        1425965056.0,
        1425888896.0,
        1425062656.0,
        1424610048.0,
        1425995776.0,
        1422760320.0,
        1425510912.0,
        1426831744.0,
        1422116096.0,
        1422259840.0,
        1431175936.0,
        1425600000.0,
        1426314496.0,
        1425838208.0,
        1426301440.0,
        1425607040.0,
        1425215360.0,
        1424897024.0,
        1425708544.0,
        1425818496.0,
        1424011008.0,
        1425680128.0,
        1424726400.0,
        1422999552.0,
        1425212160.0,
        1426179840.0,
        1425098240.0,
        1426308736.0,
        1426013312.0,
        1423846656.0,
        1424747776.0,
        1425750784.0,
        1425764608.0,
        1424985600.0,
        1425751680.0,
        1426035200.0,
        1425677568.0,
        1425720832.0,
        1425534464.0,
        1426029696.0,
        1425146624.0,
        1425531136.0,
        1425031808.0,
        1425495040.0,
        1425589376.0,
        1425240960.0,
        1425694080.0,
        1425675520.0,
        1425639680.0,
        1426049792.0,
        1425936384.0,
        1424274432.0,
        1424789888.0,
        1426041600.0,
        1424810752.0,
        1424903296.0,
        1424828672.0,
        1426142720.0,
        1423971072.0,
        1425970688.0,
        1426156160.0,
        1426165248.0,
        1426098816.0,
        1426250240.0,
        1425839360.0,
        1425545472.0,
        1425976064.0,
        1425872128.0,
        1424753920.0,
        1426073344.0,
        1425352832.0,
        1425885312.0,
        1425495552.0,
        1425624832.0,
        1426007168.0,
        1425637760.0,
        1426262784.0,
        1425013120.0,
        1426713600.0,
        1425091840.0,
        1425845504.0,
        1425755392.0,
        1385734272.0,
        1465524480.0
    ],
    "sumPSWeights": [
        1424778496.0,
        1424798720.0,
        1424707328.0,
        1424292608.0
    ],
    "sumLHEscaleWeights": [
        1605614848.0,
        1578469888.0,
        1561288320.0,
        1458557952.0,
        1426221952.0,
        1398820480.0,
        1318464000.0,
        1281994368.0,
        1252085376.0
    ]
}