{
    "nEvents": 16922000,
    "sumGenWeights": 1038147811.8969727,
    "sumSquaredGenWeights": 64708261371.58203,
    "sumLHEpdfWeights": [
        1038596352.0,
        1038006144.0,
        1039700224.0,
        1039026176.0,
        1040721728.0,
        1037973120.0,
        1035271232.0,
        1036576896.0,
        1035525632.0,
        1040607040.0,
        1037577216.0,
        1035592128.0,
        1038655424.0,
        1036762752.0,
        1039169792.0,
        1039096064.0,
        1040098176.0,
        1037968128.0,
        1037865856.0,
        1038946688.0,
        1038756096.0,
        1038747392.0,
        1037993920.0,
        1039529216.0,
        1036491776.0,
        1038620736.0,
        1039807680.0,
        1036076416.0,
        1036294592.0,
        1043208384.0,
        1038798208.0,
        1039534592.0,
        1039027840.0,
        1039377472.0,
        1039058496.0,
        1038535936.0,
        1038205696.0,
        1039177600.0,
        1038790528.0,
        1037524736.0,
        1038715584.0,
        1038029824.0,
        1036709824.0,
        1038625920.0,
        1039674368.0,
        1038331072.0,
        1039858560.0,
        1039633536.0,
        1037381120.0,
        1038031168.0,
        1039078080.0,
        1039385088.0,
        1038163200.0,
        1038868864.0,
        1039108736.0,
        1038786176.0,
        1038534400.0,
        1038695936.0,
        1038732288.0,
        1038418560.0,
        1038528320.0,
        1038250240.0,
        1038511232.0,
        1038642624.0,
        1038421888.0,
        1038841856.0,
        1038871040.0,
        1038462848.0,
        1038810496.0,
        1038821120.0,
        1037681728.0,
        1038060096.0,
        1038687360.0,
        1037947648.0,
        1038066048.0,
        1038094144.0,
        1039019264.0,
        1037459968.0,
        1038866944.0,
        1038831552.0,
        1038965888.0,
        1038788608.0,
        1039010560.0,
        1038739712.0,
        1038404928.0,
        1038908480.0,
        1038864384.0,
        1038093248.0,
        1038705344.0,
        1038383104.0,
        1038781056.0,
        1038469888.0,
        1038500480.0,
        1038917888.0,
        1038505280.0,
        1038928128.0,
        1038301952.0,
        1039436288.0,
        1038321984.0,
        1038699712.0,
        1038617216.0,
        1009805440.0,
        1067984896.0
    ],
    "sumPSWeights": [
        1038170752.0,
        1038078272.0,
        1038143616.0,
        1038116352.0
    ],
    "sumLHEscaleWeights": [
        1168930176.0,
        1148022784.0,
        1134244864.0,
        1064580608.0,
        1038596352.0,
        1017691328.0,
        964374272.0,
        935720192.0,
        912144064.0
    ]
}