{
    "sumGenWeights": 251584.89595234394,
    "nEvents": 1700000,
    "sumLHEpdfWeights": [
        251455.765625,
        251377.078125,
        251189.09375,
        251616.625,
        252089.640625,
        251019.53125,
        251950.5,
        251026.78125,
        251000.265625,
        251856.5625,
        251244.375,
        252103.953125,
        251696.296875,
        252289.234375,
        252055.25,
        252638.25,
        251908.15625,
        252011.6875,
        250545.25,
        251089.875,
        251704.90625,
        250821.6875,
        251788.890625,
        251730.546875,
        250656.84375,
        251518.21875,
        251495.46875,
        251866.90625,
        251499.78125,
        251420.546875,
        251802.828125,
        251495.734375,
        251455.78125,
        251701.921875,
        251246.71875,
        251581.046875,
        251686.390625,
        251444.875,
        251726.9375,
        251341.375,
        251364.515625,
        251325.515625,
        251460.234375,
        251424.0625,
        251549.609375,
        251399.75,
        251131.0,
        251556.75,
        251756.3125,
        251204.0,
        251441.546875,
        251649.859375,
        251827.765625,
        251518.8125,
        251489.515625,
        251438.453125,
        251613.171875,
        251556.015625,
        251703.0,
        251703.4375,
        251642.25,
        251602.0625,
        251761.796875,
        251555.046875,
        251561.5,
        251792.484375,
        251611.6875,
        251501.78125,
        251789.0625,
        251399.828125,
        251734.234375,
        251449.171875,
        251346.65625,
        251587.015625,
        251309.671875,
        251484.359375,
        251544.4375,
        251661.296875,
        251654.515625,
        251404.421875,
        251529.6875,
        251475.734375,
        251633.0625,
        251722.609375,
        251519.96875,
        251486.734375,
        251512.109375,
        251690.484375,
        251456.890625,
        251459.359375,
        251580.84375,
        251602.1875,
        251607.546875,
        251432.984375,
        251557.71875,
        251622.984375,
        251442.6875,
        251603.703125,
        251561.640625,
        251631.234375,
        251455.0625,
        244793.46875,
        258913.28125
    ],
    "sumPSWeights": [
        251561.21875,
        251704.53125,
        251588.640625,
        251730.890625
    ],
    "sumLHEscaleWeights": [
        275221.90625,
        271205.03125,
        268227.65625,
        258407.390625,
        251455.765625,
        246026.625,
        239229.734375,
        231001.375,
        224125.53125
    ]
}