{
    "sumGenWeights": 251584.89595234394,
    "nEvents": 1700000,
    "sumLHEpdfWeights": [
        251455.765625,
        251377.078125,
        251189.109375,
        251616.625,
        252089.65625,
        251019.53125,
        251950.5,
        251026.78125,
        251000.25,
        251856.578125,
        251244.390625,
        252103.953125,
        251696.296875,
        252289.25,
        252055.25,
        252638.25,
        251908.140625,
        252011.671875,
        250545.25,
        251089.875,
        251704.90625,
        250821.671875,
        251788.890625,
        251730.546875,
        250656.859375,
        251518.203125,
        251495.453125,
        251866.90625,
        251499.78125,
        251420.546875,
        251802.84375,
        251495.75,
        251455.78125,
        251701.921875,
        251246.71875,
        251581.046875,
        251686.390625,
        251444.890625,
        251726.9375,
        251341.375,
        251364.53125,
        251325.5,
        251460.234375,
        251424.046875,
        251549.59375,
        251399.765625,
        251131.0,
        251556.734375,
        251756.296875,
        251204.015625,
        251441.53125,
        251649.875,
        251827.765625,
        251518.828125,
        251489.53125,
        251438.4375,
        251613.171875,
        251556.03125,
        251703.0,
        251703.4375,
        251642.25,
        251602.046875,
        251761.8125,
        251555.046875,
        251561.5,
        251792.5,
        251611.6875,
        251501.796875,
        251789.078125,
        251399.8125,
        251734.234375,
        251449.1875,
        251346.65625,
        251587.03125,
        251309.6875,
        251484.359375,
        251544.4375,
        251661.28125,
        251654.53125,
        251404.421875,
        251529.65625,
        251475.734375,
        251633.046875,
        251722.609375,
        251519.96875,
        251486.734375,
        251512.09375,
        251690.5,
        251456.859375,
        251459.375,
        251580.84375,
        251602.1875,
        251607.546875,
        251432.984375,
        251557.71875,
        251622.984375,
        251442.671875,
        251603.71875,
        251561.640625,
        251631.234375,
        251455.0625,
        244793.46875,
        258913.296875
    ],
    "sumPSWeights": [
        251561.21875,
        251704.53125,
        251588.640625,
        251730.90625
    ],
    "sumLHEscaleWeights": [
        275221.875,
        271205.03125,
        268227.65625,
        258407.390625,
        251455.765625,
        246026.640625,
        239229.734375,
        231001.375,
        224125.515625
    ]
}