{
    "nEvents": 6388000,
    "sumGenWeights": 3263903.4597506523,
    "sumSquaredGenWeights": 6756213.941574097,
    "sumLHEpdfWeights": [
        3263497.25,
        3261153.0,
        3258800.5,
        3264467.5,
        3270286.0,
        3256599.0,
        3268761.0,
        3256601.25,
        3256527.5,
        3267235.25,
        3259299.0,
        3270560.25,
        3265273.5,
        3273175.75,
        3270077.5,
        3277576.0,
        3267961.75,
        3269459.0,
        3250334.25,
        3257557.75,
        3265542.0,
        3254100.5,
        3266639.0,
        3265743.75,
        3251965.5,
        3263033.5,
        3262678.5,
        3267408.25,
        3262784.0,
        3261786.75,
        3266787.75,
        3262483.75,
        3262143.0,
        3265360.25,
        3259530.5,
        3263881.5,
        3265301.75,
        3261880.25,
        3265539.5,
        3260447.0,
        3260849.5,
        3260618.25,
        3262327.0,
        3261530.75,
        3263593.0,
        3261545.5,
        3257917.5,
        3263740.5,
        3265990.25,
        3258590.75,
        3261726.0,
        3264549.25,
        3267126.0,
        3262990.75,
        3262668.0,
        3261963.25,
        3263897.75,
        3263351.0,
        3265373.75,
        3265432.5,
        3264817.0,
        3263859.0,
        3266068.0,
        3263399.75,
        3263975.5,
        3266580.5,
        3264044.0,
        3262837.5,
        3266549.75,
        3261868.0,
        3265706.5,
        3262129.0,
        3260874.5,
        3263831.5,
        3260095.5,
        3262207.75,
        3263241.75,
        3264847.25,
        3264697.25,
        3261171.5,
        3263116.25,
        3262462.0,
        3264521.5,
        3265582.0,
        3263210.25,
        3262939.75,
        3262816.75,
        3265224.0,
        3262291.0,
        3261906.5,
        3263743.75,
        3264487.5,
        3264088.0,
        3261678.5,
        3263711.5,
        3264255.25,
        3261688.5,
        3264033.75,
        3264119.75,
        3264342.5,
        3263496.5,
        3175999.25,
        3358829.5
    ],
    "sumPSWeights": [
        3264100.5,
        3263856.75,
        3263462.0,
        3263196.0
    ],
    "sumLHEscaleWeights": [
        3571845.5,
        3520146.75,
        3481554.75,
        3351586.0,
        3263497.25,
        3192248.5,
        3101998.0,
        2996228.0,
        2907669.5
    ]
}