{
    "nEvents": 15919000,
    "sumGenWeights": 15919132.429617524,
    "sumSquaredGenWeights": 15919304.882790565,
    "sumPSWeights": [
        15919363.0,
        15920952.0,
        15918804.0,
        15914667.0
    ]
}