{
    "nEvents": 149379,
    "sumGenWeights": 1330110.9103040695,
    "sumSquaredGenWeights": 11843861.487930298,
    "sumLHEpdfWeights": [
        1330110.875,
        1330154.875,
        1327266.25,
        1330654.5,
        1333313.5,
        1329790.625,
        1333483.875,
        1332933.875,
        1334330.25,
        1329083.25,
        1329504.75,
        1327184.875,
        1332702.25,
        1330886.375,
        1332500.125,
        1332105.875,
        1330205.875,
        1330224.875,
        1329782.75,
        1330331.25,
        1328630.5,
        1329730.5,
        1328839.75,
        1331041.75,
        1327706.5,
        1329883.125,
        1328661.0,
        1328063.625,
        1330428.125,
        1325548.75,
        1329814.375,
        1325498.125,
        1330245.25,
        1328282.25,
        1327277.375,
        1330609.0,
        1332761.625,
        1329137.5,
        1329746.75,
        1329912.75,
        1329110.5,
        1329406.75,
        1331253.25,
        1329464.5,
        1330782.25,
        1330040.0,
        1329323.25,
        1330151.125,
        1329838.375,
        1328974.875,
        1329516.75,
        1329800.0,
        1331384.875,
        1329948.5,
        1329851.25,
        1329497.625,
        1329580.625,
        1330632.875,
        1330569.5,
        1330318.25,
        1329912.25,
        1329908.25,
        1331174.625,
        1330736.375,
        1330135.875,
        1331228.25,
        1329906.375,
        1329756.875,
        1330784.375,
        1330072.25,
        1330606.375,
        1329786.0,
        1329592.0,
        1330242.875,
        1329621.75,
        1329868.125,
        1330081.625,
        1330843.75,
        1330261.875,
        1329800.0,
        1330213.5,
        1329773.125,
        1330259.875,
        1330989.0,
        1330073.875,
        1330211.875,
        1329888.125,
        1330267.875,
        1329924.0,
        1329836.125,
        1330359.625,
        1330235.25,
        1330555.375,
        1329691.5,
        1330114.125,
        1330432.875,
        1329914.75,
        1330348.5,
        1330167.875,
        1330312.5,
        1330110.875
    ],
    "sumPSWeights": [
        1330215.5,
        1331040.5,
        1330113.625,
        1325144.75
    ],
    "sumLHEscaleWeights": [
        1685733.0,
        1634915.125,
        1577316.0,
        1371467.0,
        1330110.875,
        1283227.75,
        1138625.25,
        1104272.0,
        1065341.875
    ]
}