{
    "sumGenWeights": 30476.211149469018,
    "nEvents": 362791,
    "sumLHEpdfWeights": [
        30475.33203125,
        30466.62109375,
        30410.291015625,
        30482.01171875,
        30550.01953125,
        30448.46875,
        30553.0234375,
        30509.4296875,
        30539.96875,
        30455.98046875,
        30455.5859375,
        30442.515625,
        30528.5703125,
        30508.189453125,
        30546.7890625,
        30531.162109375,
        30501.03125,
        30503.74609375,
        30440.400390625,
        30453.3828125,
        30447.5703125,
        30448.408203125,
        30448.55078125,
        30504.79296875,
        30404.279296875,
        30471.44140625,
        30443.18359375,
        30435.80078125,
        30475.91796875,
        30363.69140625,
        30470.185546875,
        30364.12109375,
        30477.701171875,
        30437.06640625,
        30404.58984375,
        30491.65234375,
        30541.0234375,
        30445.13671875,
        30466.8125,
        30468.775390625,
        30448.41796875,
        30452.234375,
        30506.24609375,
        30460.83984375,
        30490.935546875,
        30471.6171875,
        30448.02734375,
        30479.259765625,
        30469.509765625,
        30446.078125,
        30459.66796875,
        30468.0234375,
        30508.9609375,
        30473.474609375,
        30467.796875,
        30453.841796875,
        30461.939453125,
        30489.1953125,
        30490.154296875,
        30480.25,
        30470.40234375,
        30469.587890625,
        30500.9765625,
        30493.3984375,
        30473.71875,
        30501.4921875,
        30467.19140625,
        30461.6953125,
        30493.984375,
        30473.70703125,
        30491.208984375,
        30463.9296875,
        30458.810546875,
        30476.15234375,
        30462.015625,
        30471.599609375,
        30475.82421875,
        30493.11328125,
        30479.029296875,
        30468.6953125,
        30478.0390625,
        30467.68359375,
        30478.28125,
        30500.796875,
        30473.271484375,
        30478.265625,
        30471.40625,
        30479.58203125,
        30469.453125,
        30466.595703125,
        30481.68359375,
        30478.943359375,
        30487.447265625,
        30464.517578125,
        30476.453125,
        30484.23046875,
        30470.654296875,
        30482.2421875,
        30477.0390625,
        30480.2265625,
        30475.33203125
    ],
    "sumPSWeights": [
        30477.51953125,
        30485.73046875,
        30472.25,
        30505.396484375
    ],
    "sumLHEscaleWeights": [
        39077.3125,
        37215.79296875,
        35367.7109375,
        32005.8671875,
        30475.33203125,
        28958.990234375,
        26718.482421875,
        25438.1015625,
        24169.095703125
    ]
}