{
    "sumGenWeights": -743549.8868534565,
    "nEvents": 334086,
    "sumLHEpdfWeights": [
        334086.0,
        334025.625,
        333419.46875,
        334176.25,
        334930.0625,
        333870.71875,
        334920.9375,
        334565.8125,
        335003.125,
        333918.65625,
        334004.71875,
        333488.25,
        334655.375,
        334273.28125,
        334747.34375,
        334614.46875,
        334176.0625,
        334209.84375,
        333908.6875,
        334023.46875,
        333731.71875,
        333928.1875,
        333781.90625,
        334336.46875,
        333476.21875,
        334081.375,
        333844.0625,
        333606.34375,
        334014.84375,
        332914.625,
        334018.25,
        332895.9375,
        334080.9375,
        333765.0,
        333444.6875,
        334205.71875,
        334738.3125,
        333851.375,
        334103.125,
        334053.03125,
        333934.875,
        333930.28125,
        334281.0,
        334004.6875,
        334110.25,
        334048.53125,
        333852.625,
        334126.1875,
        334104.65625,
        333915.125,
        334032.15625,
        334064.4375,
        334273.40625,
        334098.71875,
        334056.0625,
        333903.15625,
        334058.0,
        334139.09375,
        334152.15625,
        334118.375,
        334064.6875,
        334088.25,
        334206.625,
        334201.75,
        334055.0,
        334182.125,
        334060.71875,
        333966.09375,
        334200.65625,
        334074.3125,
        334188.375,
        334009.75,
        333968.65625,
        334059.9375,
        334024.5,
        334092.21875,
        334114.25,
        334161.34375,
        334087.375,
        334076.0,
        334095.6875,
        334055.375,
        334082.90625,
        334233.09375,
        334070.6875,
        334095.21875,
        334084.09375,
        334094.375,
        334059.9375,
        334052.75,
        334100.65625,
        334105.875,
        334134.46875,
        334042.78125,
        334089.40625,
        334116.625,
        334080.8125,
        334108.59375,
        334100.75,
        334097.3125,
        334086.0
    ]
}