{
    "sumGenWeights": 123365.35655534267,
    "nEvents": 367009,
    "sumLHEpdfWeights": [
        123383.7578125,
        123325.15625,
        123085.984375,
        123389.765625,
        123662.265625,
        123255.1328125,
        123678.6484375,
        123501.9765625,
        123626.8046875,
        123275.453125,
        123285.140625,
        123233.2734375,
        123579.53125,
        123503.7265625,
        123649.8046875,
        123592.03125,
        123475.9296875,
        123484.0625,
        123222.6328125,
        123273.6875,
        123249.7421875,
        123253.078125,
        123256.8125,
        123486.0625,
        123079.859375,
        123350.328125,
        123221.328125,
        123200.53125,
        123368.90625,
        122908.7890625,
        123352.5234375,
        122916.484375,
        123377.59375,
        123184.4609375,
        123060.328125,
        123444.8125,
        123630.0546875,
        123246.1171875,
        123325.78125,
        123348.6171875,
        123248.1484375,
        123276.125,
        123500.203125,
        123312.03125,
        123440.984375,
        123368.5625,
        123264.3046875,
        123397.1328125,
        123349.1484375,
        123238.296875,
        123302.1953125,
        123343.453125,
        123508.09375,
        123372.6875,
        123350.2265625,
        123294.234375,
        123311.875,
        123440.15625,
        123442.640625,
        123402.765625,
        123357.53125,
        123352.421875,
        123477.734375,
        123465.4921875,
        123382.390625,
        123482.140625,
        123343.0390625,
        123331.1328125,
        123463.3125,
        123374.4375,
        123447.8671875,
        123332.046875,
        123312.046875,
        123399.4921875,
        123319.921875,
        123362.734375,
        123382.375,
        123446.84375,
        123404.4609375,
        123348.4609375,
        123395.796875,
        123346.1953125,
        123400.6875,
        123483.4609375,
        123373.71875,
        123396.203125,
        123363.875,
        123404.2578125,
        123357.65625,
        123343.4609375,
        123416.5546875,
        123398.734375,
        123437.546875,
        123331.828125,
        123388.2578125,
        123424.0,
        123359.890625,
        123415.4609375,
        123389.671875,
        123408.71875,
        123383.7578125
    ],
    "sumPSWeights": [
        123355.890625,
        123379.9140625,
        123375.46875,
        123517.6875
    ],
    "sumLHEscaleWeights": [
        158183.984375,
        150644.78125,
        143161.765625,
        129559.796875,
        123383.7578125,
        117221.7109375,
        108157.4375,
        102972.0625,
        97833.09375
    ]
}