{
    "sumGenWeights": 32995.65048515797,
    "nEvents": 482000,
    "sumLHEpdfWeights": [
        32992.07421875,
        32937.6640625,
        32925.73828125,
        32994.55078125,
        33072.5546875,
        32873.10546875,
        33074.765625,
        32909.15234375,
        32918.265625,
        32986.30859375,
        32959.4765625,
        33116.32421875,
        33014.8203125,
        33071.80859375,
        33117.9453125,
        33080.703125,
        33108.2421875,
        33121.73828125,
        32851.54296875,
        32846.5703125,
        32999.4140625,
        32895.10546875,
        32969.703125,
        33055.4296875,
        32840.83984375,
        32999.91015625,
        32958.4453125,
        32992.5703125,
        32950.37109375,
        32845.01171875,
        32983.18359375,
        32848.9921875,
        32990.984375,
        32956.01953125,
        32882.69921875,
        33025.33984375,
        33073.796875,
        32922.82421875,
        32990.828125,
        32983.4609375,
        32953.95703125,
        32935.59765625,
        33042.0703125,
        32984.12890625,
        33003.53515625,
        32974.22265625,
        32921.10546875,
        33011.59765625,
        32997.56640625,
        32951.8671875,
        32976.0625,
        32987.875,
        33041.73046875,
        32996.1875,
        32976.296875,
        32929.0703125,
        32979.828125,
        33014.28125,
        33026.71875,
        33000.17578125,
        32981.328125,
        32987.8203125,
        33023.21875,
        33038.95703125,
        32978.515625,
        33023.78125,
        32972.875,
        32951.1328125,
        33033.9921875,
        32985.71484375,
        33031.734375,
        32961.8046875,
        32951.1328125,
        32989.68359375,
        32963.84375,
        32990.55078125,
        33001.21875,
        33013.95703125,
        33001.7265625,
        32984.375,
        32995.36328125,
        32979.5625,
        32995.234375,
        33047.36328125,
        32983.31640625,
        33001.5625,
        32990.4453125,
        32999.21484375,
        32979.953125,
        32973.61328125,
        33005.1640625,
        33002.4765625,
        33017.66796875,
        32972.8828125,
        32997.62109375,
        33011.8046875,
        32985.96484375,
        33008.59375,
        32999.1875,
        33001.34765625,
        32992.07421875
    ],
    "sumPSWeights": [
        32992.1015625,
        33004.30859375,
        33001.69921875,
        32918.5859375
    ],
    "sumLHEscaleWeights": [
        43790.44921875,
        39511.61328125,
        35846.3359375,
        36570.5234375,
        32992.07421875,
        29931.8203125,
        31020.4140625,
        27986.94140625,
        25387.810546875
    ]
}