{
    "sumGenWeights": 30476.211149469018,
    "nEvents": 362791,
    "sumLHEpdfWeights": [
        362791.0,
        362672.6875,
        361998.03125,
        362863.0,
        363681.46875,
        362450.9375,
        363713.4375,
        363171.8125,
        363542.4375,
        362570.59375,
        362618.0625,
        362394.34375,
        363408.5625,
        363155.03125,
        363641.75,
        363442.0,
        363076.09375,
        363109.03125,
        362365.6875,
        362521.59375,
        362435.625,
        362463.625,
        362463.0,
        363142.5625,
        361968.71875,
        362773.96875,
        362432.0625,
        362281.25,
        362740.125,
        361437.25,
        362724.65625,
        361436.90625,
        362786.78125,
        362348.6875,
        361941.21875,
        362956.5,
        363573.78125,
        362459.25,
        362747.0625,
        362734.4375,
        362535.40625,
        362535.34375,
        363102.625,
        362668.5625,
        362887.5625,
        362739.6875,
        362471.25,
        362848.0,
        362798.3125,
        362507.125,
        362675.125,
        362742.78125,
        363109.5,
        362800.09375,
        362738.90625,
        362531.0,
        362710.5625,
        362885.5625,
        362915.0,
        362842.3125,
        362750.8125,
        362773.59375,
        363006.9375,
        362967.4375,
        362746.125,
        362992.1875,
        362732.25,
        362618.5625,
        362969.96875,
        362774.6875,
        362944.65625,
        362671.9375,
        362616.21875,
        362763.4375,
        362682.6875,
        362792.25,
        362826.0625,
        362934.25,
        362799.8125,
        362764.4375,
        362804.9375,
        362738.625,
        362792.09375,
        363028.9375,
        362765.75,
        362811.9375,
        362781.96875,
        362808.125,
        362748.0,
        362728.0625,
        362825.0,
        362824.625,
        362883.3125,
        362711.40625,
        362796.8125,
        362852.34375,
        362776.375,
        362835.1875,
        362815.9375,
        362813.5625,
        362791.0
    ]
}