{
    "nEvents": 335621,
    "sumGenWeights": -2988584.663502693,
    "sumSquaredGenWeights": 26612712.20439148,
    "sumLHEpdfWeights": [
        -2988839.5,
        -2988315.0,
        -2982100.5,
        -2989387.75,
        -2995882.75,
        -2987072.5,
        -2996157.75,
        -2993579.5,
        -2996867.5,
        -2986540.5,
        -2986847.0,
        -2983258.0,
        -2994191.0,
        -2991155.75,
        -2994694.5,
        -2993571.75,
        -2989950.5,
        -2989999.5,
        -2986574.0,
        -2987925.0,
        -2985381.25,
        -2987092.25,
        -2985916.0,
        -2991096.75,
        -2982566.0,
        -2988109.25,
        -2985434.0,
        -2984158.5,
        -2989012.25,
        -2977891.0,
        -2988080.5,
        -2977947.25,
        -2988994.5,
        -2984770.25,
        -2981995.0,
        -2990139.5,
        -2994778.0,
        -2986112.5,
        -2987743.5,
        -2988245.75,
        -2986087.75,
        -2986845.5,
        -2991585.0,
        -2987176.5,
        -2990326.5,
        -2988620.75,
        -2986623.5,
        -2988841.25,
        -2987883.75,
        -2985838.0,
        -2987133.0,
        -2987936.75,
        -2991629.5,
        -2988273.75,
        -2988055.25,
        -2987255.5,
        -2987248.75,
        -2990202.5,
        -2990009.5,
        -2989217.5,
        -2988263.0,
        -2988031.5,
        -2991006.25,
        -2990371.5,
        -2988932.0,
        -2991113.0,
        -2988099.25,
        -2987961.0,
        -2990553.25,
        -2988651.5,
        -2990074.75,
        -2987890.5,
        -2987466.0,
        -2989219.0,
        -2987356.0,
        -2988020.25,
        -2988555.0,
        -2990479.25,
        -2989266.0,
        -2987797.5,
        -2989062.25,
        -2987834.25,
        -2989232.0,
        -2991024.5,
        -2988678.5,
        -2989032.0,
        -2988123.75,
        -2989252.0,
        -2988243.0,
        -2987937.5,
        -2989462.75,
        -2989118.0,
        -2989987.5,
        -2987581.0,
        -2988852.25,
        -2989692.25,
        -2988107.75,
        -2989470.0,
        -2988862.0,
        -2989354.25,
        -2988839.5
    ],
    "sumPSWeights": [
        -2988629.75,
        -2987981.5,
        -2988447.5,
        -2991188.75
    ],
    "sumLHEscaleWeights": [
        -3810040.5,
        -3660957.75,
        -3504937.25,
        -3110103.5,
        -2988839.5,
        -2860986.5,
        -2589114.5,
        -2487881.0,
        -2381667.5
    ]
}