{
    "sumGenWeights": -44703.674087166786,
    "nEvents": 132991,
    "sumLHEpdfWeights": [
        132991.0,
        132775.0625,
        132686.765625,
        132992.421875,
        133314.296875,
        132517.234375,
        133329.90625,
        132688.171875,
        132733.28125,
        132958.390625,
        132854.9375,
        133401.828125,
        133084.125,
        133285.59375,
        133467.46875,
        133331.453125,
        133421.4375,
        133466.4375,
        132448.0,
        132445.09375,
        132992.703125,
        132614.609375,
        132893.09375,
        133214.78125,
        132405.765625,
        133014.0,
        132824.0625,
        132951.65625,
        132831.734375,
        132400.75,
        132967.203125,
        132409.609375,
        132958.625,
        132794.53125,
        132541.125,
        133105.09375,
        133313.453125,
        132735.703125,
        132947.890625,
        132965.109375,
        132820.78125,
        132746.8125,
        133206.65625,
        132966.0,
        133054.078125,
        132921.46875,
        132725.3125,
        133048.046875,
        133013.515625,
        132798.46875,
        132901.28125,
        132972.453125,
        133197.515625,
        133001.375,
        132947.34375,
        132755.15625,
        132922.75,
        133042.234375,
        133103.390625,
        133029.75,
        132947.625,
        132987.796875,
        133105.84375,
        133136.671875,
        132937.375,
        133147.03125,
        132920.796875,
        132836.8125,
        133141.328125,
        132972.234375,
        133112.953125,
        132883.875,
        132846.03125,
        132967.796875,
        132885.125,
        132997.109375,
        133030.140625,
        133053.40625,
        133004.953125,
        132974.53125,
        132992.78125,
        132943.78125,
        132990.3125,
        133181.78125,
        132964.09375,
        133014.15625,
        132991.609375,
        133000.25,
        132953.25,
        132933.578125,
        133013.265625,
        133021.953125,
        133071.71875,
        132925.265625,
        132997.15625,
        133043.984375,
        132982.921875,
        133028.78125,
        133013.625,
        133006.21875,
        132991.0
    ]
}