{
    "nEvents": 367009,
    "sumGenWeights": 123365.35655534267,
    "sumSquaredGenWeights": 41468.40569318831,
    "sumLHEpdfWeights": [
        123383.7578125,
        123325.1640625,
        123085.9921875,
        123389.7578125,
        123662.28125,
        123255.1328125,
        123678.640625,
        123501.9765625,
        123626.796875,
        123275.4453125,
        123285.140625,
        123233.2734375,
        123579.53125,
        123503.71875,
        123649.796875,
        123592.0234375,
        123475.9375,
        123484.078125,
        123222.6328125,
        123273.6875,
        123249.734375,
        123253.078125,
        123256.8203125,
        123486.0625,
        123079.8671875,
        123350.328125,
        123221.328125,
        123200.5390625,
        123368.9140625,
        122908.796875,
        123352.5234375,
        122916.5,
        123377.59375,
        123184.4609375,
        123060.328125,
        123444.8203125,
        123630.0546875,
        123246.1171875,
        123325.78125,
        123348.6171875,
        123248.1484375,
        123276.1171875,
        123500.2109375,
        123312.0234375,
        123440.984375,
        123368.5625,
        123264.3125,
        123397.1328125,
        123349.140625,
        123238.296875,
        123302.1953125,
        123343.453125,
        123508.09375,
        123372.6796875,
        123350.2265625,
        123294.2421875,
        123311.875,
        123440.15625,
        123442.6484375,
        123402.765625,
        123357.53125,
        123352.4140625,
        123477.7265625,
        123465.4921875,
        123382.3984375,
        123482.1484375,
        123343.03125,
        123331.1328125,
        123463.3125,
        123374.4375,
        123447.8671875,
        123332.046875,
        123312.046875,
        123399.5,
        123319.921875,
        123362.734375,
        123382.375,
        123446.84375,
        123404.4609375,
        123348.453125,
        123395.796875,
        123346.203125,
        123400.6796875,
        123483.46875,
        123373.71875,
        123396.203125,
        123363.875,
        123404.25,
        123357.65625,
        123343.46875,
        123416.546875,
        123398.734375,
        123437.53125,
        123331.828125,
        123388.2578125,
        123424.0,
        123359.890625,
        123415.4609375,
        123389.671875,
        123408.71875,
        123383.7578125
    ],
    "sumPSWeights": [
        123355.890625,
        123379.90625,
        123375.46875,
        123517.671875
    ],
    "sumLHEscaleWeights": [
        158183.96875,
        150644.78125,
        143161.765625,
        129559.796875,
        123383.7578125,
        117221.703125,
        108157.4375,
        102972.0625,
        97833.09375
    ]
}