{
    "sumGenWeights": 2576488.269329071,
    "nEvents": 473000,
    "sumLHEpdfWeights": [
        473000.0,
        472933.0,
        472274.125,
        473117.4375,
        473999.4375,
        472727.1875,
        473955.4375,
        473559.03125,
        474488.9375,
        472820.4375,
        472946.46875,
        471961.4375,
        473577.0625,
        473131.1875,
        473704.0625,
        473532.5,
        473096.8125,
        473097.59375,
        472861.5625,
        473035.6875,
        472611.5625,
        472844.90625,
        472620.1875,
        473234.0625,
        472196.78125,
        472983.34375,
        472778.25,
        472564.125,
        472823.875,
        471533.9375,
        472860.625,
        471490.09375,
        473022.1875,
        472720.875,
        472292.8125,
        473157.0,
        473677.15625,
        472694.28125,
        473077.46875,
        472948.28125,
        472839.40625,
        472848.46875,
        473163.59375,
        472883.25,
        472977.375,
        472954.53125,
        472682.9375,
        473048.3125,
        473042.375,
        472821.25,
        472962.71875,
        472997.375,
        473169.25,
        473029.375,
        472963.5,
        472761.9375,
        472984.71875,
        473074.375,
        473078.375,
        473030.5,
        472991.1875,
        472998.875,
        473126.5,
        473162.5625,
        472962.6875,
        473066.3125,
        472972.0,
        472847.46875,
        473116.625,
        472990.875,
        473145.6875,
        472903.46875,
        472842.53125,
        472946.78125,
        472937.9375,
        473017.15625,
        473035.1875,
        473076.0,
        472991.46875,
        472992.46875,
        473021.09375,
        472973.9375,
        472989.09375,
        473178.8125,
        472983.53125,
        473002.53125,
        472998.3125,
        473013.59375,
        472965.25,
        472956.9375,
        473020.96875,
        473020.625,
        473050.53125,
        472950.9375,
        473006.03125,
        473029.21875,
        472994.4375,
        473026.53125,
        473019.28125,
        473013.90625,
        473000.0
    ]
}