{
    "sumGenWeights": 32995.65048515797,
    "nEvents": 482000,
    "sumLHEpdfWeights": [
        482000.0,
        481322.875,
        481271.78125,
        482010.0,
        482843.375,
        480249.9375,
        482891.90625,
        480935.5625,
        481015.8125,
        481758.34375,
        481648.1875,
        483776.9375,
        482231.9375,
        482895.6875,
        483539.28125,
        483106.5625,
        483391.875,
        483816.09375,
        479725.5,
        479854.125,
        482042.625,
        480618.625,
        481650.15625,
        482785.6875,
        479664.9375,
        482020.375,
        481570.9375,
        481959.40625,
        481236.21875,
        479737.0,
        481603.5,
        479711.6875,
        482082.125,
        481740.28125,
        480336.09375,
        482269.0,
        482930.21875,
        481091.90625,
        482188.6875,
        481959.15625,
        481690.4375,
        481362.125,
        482436.875,
        481857.3125,
        481913.4375,
        481754.8125,
        481062.625,
        482174.125,
        482148.3125,
        481584.40625,
        481921.28125,
        482055.125,
        482442.125,
        482065.46875,
        481860.34375,
        481174.375,
        481930.375,
        482171.96875,
        482252.3125,
        482065.6875,
        481922.5625,
        482044.53125,
        482198.71875,
        482534.40625,
        481820.8125,
        482194.4375,
        481868.375,
        481471.5625,
        482416.9375,
        481950.625,
        482430.8125,
        481669.65625,
        481486.21875,
        481867.96875,
        481720.6875,
        482047.78125,
        482144.71875,
        482088.65625,
        482006.5,
        481974.9375,
        482029.0,
        481890.96875,
        481980.625,
        482564.5,
        481926.21875,
        482027.40625,
        482011.8125,
        482028.53125,
        481881.65625,
        481846.5,
        482048.6875,
        482079.375,
        482180.375,
        481839.125,
        482021.0,
        482117.0625,
        481985.9375,
        482089.75,
        482069.46875,
        482041.0,
        482000.0
    ]
}