{
    "nEvents": 131209,
    "sumGenWeights": -11022.56249986589,
    "sumSquaredGenWeights": 925.9988175439648,
    "sumLHEpdfWeights": [
        -11022.5419921875,
        -11004.576171875,
        -10998.6396484375,
        -11022.6171875,
        -11048.5244140625,
        -10984.546875,
        -11049.7900390625,
        -10997.1533203125,
        -11001.740234375,
        -11019.619140625,
        -11009.9462890625,
        -11056.505859375,
        -11030.2705078125,
        -11047.162109375,
        -11061.716796875,
        -11050.859375,
        -11057.3408203125,
        -11061.26171875,
        -10978.2255859375,
        -10977.52734375,
        -11022.3779296875,
        -10991.232421875,
        -11014.283203125,
        -11041.01953125,
        -10974.5986328125,
        -11023.8173828125,
        -11009.755859375,
        -11019.333984375,
        -11009.822265625,
        -10972.5947265625,
        -11019.9951171875,
        -10974.5546875,
        -11020.8818359375,
        -11008.505859375,
        -10985.560546875,
        -11032.5322265625,
        -11048.90625,
        -10999.451171875,
        -11019.9443359375,
        -11018.625,
        -11008.28515625,
        -11003.28515625,
        -11038.396484375,
        -11019.130859375,
        -11026.46875,
        -11016.80078125,
        -10999.38671875,
        -11028.1484375,
        -11023.20703125,
        -11007.6650390625,
        -11015.2197265625,
        -11019.4189453125,
        -11038.802734375,
        -11023.05078125,
        -11016.6923828125,
        -11002.1962890625,
        -11016.8623046875,
        -11030.03125,
        -11033.5537109375,
        -11024.6875,
        -11018.30859375,
        -11019.869140625,
        -11032.822265625,
        -11037.2060546875,
        -11018.2216796875,
        -11032.8603515625,
        -11015.0751953125,
        -11008.9833984375,
        -11035.548828125,
        -11019.9541015625,
        -11034.88671875,
        -11012.095703125,
        -11008.78515625,
        -11021.8662109375,
        -11012.6552734375,
        -11021.1865234375,
        -11024.4052734375,
        -11029.734375,
        -11025.4091796875,
        -11019.32421875,
        -11023.548828125,
        -11017.6123046875,
        -11023.6875,
        -11039.7109375,
        -11019.125,
        -11025.427734375,
        -11020.9482421875,
        -11024.814453125,
        -11017.755859375,
        -11015.7255859375,
        -11026.970703125,
        -11025.767578125,
        -11030.80078125,
        -11015.2607421875,
        -11024.2958984375,
        -11029.0556640625,
        -11019.6689453125,
        -11027.8310546875,
        -11024.37109375,
        -11025.591796875,
        -11022.5419921875
    ],
    "sumPSWeights": [
        -11020.455078125,
        -11030.6083984375,
        -11025.607421875,
        -10962.353515625
    ],
    "sumLHEscaleWeights": [
        -14582.8583984375,
        -13223.4365234375,
        -12049.4248046875,
        -12156.751953125,
        -11022.5419921875,
        -10043.2109375,
        -10296.541015625,
        -9335.255859375,
        -8505.3359375
    ]
}