{
    "sumGenWeights": 329204.3460299969,
    "nEvents": 147914,
    "sumLHEpdfWeights": [
        147914.0,
        147922.71875,
        147604.453125,
        147968.4375,
        148263.84375,
        147883.1875,
        148275.25,
        148237.828125,
        148380.390625,
        147790.953125,
        147870.25,
        147588.546875,
        148208.359375,
        147996.46875,
        148181.78125,
        148141.046875,
        147925.921875,
        147924.546875,
        147879.375,
        147932.59375,
        147744.328125,
        147870.796875,
        147776.296875,
        148018.5,
        147657.453125,
        147899.96875,
        147758.6875,
        147682.828125,
        147950.125,
        147396.4375,
        147892.3125,
        147389.90625,
        147908.34375,
        147702.984375,
        147598.796875,
        147973.125,
        148208.34375,
        147817.34375,
        147890.46875,
        147890.375,
        147815.4375,
        147839.1875,
        148034.03125,
        147855.625,
        147965.875,
        147905.6875,
        147819.0625,
        147929.53125,
        147907.90625,
        147802.15625,
        147867.375,
        147890.765625,
        148036.234375,
        147914.125,
        147900.03125,
        147841.28125,
        147878.375,
        147946.859375,
        147952.125,
        147932.765625,
        147898.8125,
        147907.265625,
        148010.65625,
        147962.25,
        147903.375,
        148004.5,
        147896.484375,
        147867.0625,
        147971.53125,
        147907.84375,
        147956.890625,
        147880.28125,
        147864.84375,
        147909.71875,
        147882.46875,
        147911.171875,
        147923.828125,
        147982.6875,
        147918.359375,
        147904.15625,
        147917.3125,
        147895.8125,
        147915.328125,
        147989.6875,
        147906.78125,
        147922.15625,
        147909.46875,
        147918.5625,
        147902.03125,
        147896.9375,
        147924.5,
        147924.453125,
        147943.640625,
        147889.25,
        147914.9375,
        147932.984375,
        147909.515625,
        147927.3125,
        147920.90625,
        147921.140625,
        147914.0
    ]
}