{
    "sumGenWeights": -2988584.663502693,
    "nEvents": 335621,
    "sumLHEpdfWeights": [
        335621.0,
        335545.375,
        334871.28125,
        335734.625,
        336586.875,
        335385.34375,
        336584.4375,
        336166.0625,
        336513.5,
        335475.53125,
        335533.65625,
        335051.71875,
        336267.1875,
        335820.1875,
        336344.6875,
        336231.25,
        335704.4375,
        335747.09375,
        335419.9375,
        335545.9375,
        335216.78125,
        335470.0,
        335291.0,
        335905.90625,
        335010.6875,
        335639.71875,
        335377.25,
        335051.1875,
        335538.125,
        334403.96875,
        335561.40625,
        334378.15625,
        335613.25,
        335285.96875,
        334949.90625,
        335734.5,
        336375.78125,
        335384.65625,
        335642.0625,
        335603.5,
        335474.59375,
        335445.15625,
        335841.1875,
        335552.5,
        335657.875,
        335581.0625,
        335391.0,
        335662.4375,
        335634.0625,
        335445.9375,
        335565.3125,
        335598.96875,
        335821.8125,
        335628.125,
        335590.9375,
        335437.9375,
        335592.25,
        335667.5,
        335684.3125,
        335658.03125,
        335593.5625,
        335628.34375,
        335734.125,
        335730.25,
        335588.90625,
        335724.84375,
        335596.78125,
        335498.3125,
        335749.3125,
        335606.15625,
        335714.5,
        335545.96875,
        335506.4375,
        335603.78125,
        335553.375,
        335623.15625,
        335650.34375,
        335695.6875,
        335625.96875,
        335610.28125,
        335626.4375,
        335585.5,
        335621.0625,
        335767.21875,
        335605.0,
        335632.09375,
        335619.1875,
        335627.34375,
        335596.75,
        335590.40625,
        335632.84375,
        335641.875,
        335670.09375,
        335578.75,
        335623.28125,
        335654.0625,
        335616.1875,
        335643.0,
        335635.28125,
        335631.71875,
        335621.0
    ]
}