{
    "nEvents": 482000,
    "sumGenWeights": 32995.65048515797,
    "sumSquaredGenWeights": 2258.800751529634,
    "sumLHEpdfWeights": [
        32992.078125,
        32937.6640625,
        32925.73828125,
        32994.5546875,
        33072.5546875,
        32873.1015625,
        33074.765625,
        32909.15234375,
        32918.265625,
        32986.30859375,
        32959.4765625,
        33116.32421875,
        33014.8203125,
        33071.80859375,
        33117.94140625,
        33080.69921875,
        33108.2421875,
        33121.73828125,
        32851.546875,
        32846.5703125,
        32999.4140625,
        32895.10546875,
        32969.703125,
        33055.4296875,
        32840.83984375,
        32999.91015625,
        32958.4453125,
        32992.5703125,
        32950.37109375,
        32845.01171875,
        32983.18359375,
        32848.99609375,
        32990.984375,
        32956.0234375,
        32882.69921875,
        33025.33984375,
        33073.79296875,
        32922.82421875,
        32990.828125,
        32983.4609375,
        32953.95703125,
        32935.6015625,
        33042.0703125,
        32984.12890625,
        33003.5390625,
        32974.22265625,
        32921.10546875,
        33011.6015625,
        32997.56640625,
        32951.8671875,
        32976.0625,
        32987.87890625,
        33041.73046875,
        32996.1875,
        32976.296875,
        32929.0703125,
        32979.828125,
        33014.28125,
        33026.71875,
        33000.1796875,
        32981.328125,
        32987.8203125,
        33023.21875,
        33038.95703125,
        32978.51171875,
        33023.78125,
        32972.875,
        32951.1328125,
        33033.98828125,
        32985.71875,
        33031.734375,
        32961.8046875,
        32951.1328125,
        32989.6875,
        32963.83984375,
        32990.55078125,
        33001.21875,
        33013.95703125,
        33001.7265625,
        32984.375,
        32995.36328125,
        32979.5625,
        32995.23828125,
        33047.36328125,
        32983.3203125,
        33001.5625,
        32990.44140625,
        32999.21484375,
        32979.953125,
        32973.6171875,
        33005.1640625,
        33002.4765625,
        33017.66796875,
        32972.88671875,
        32997.62109375,
        33011.8046875,
        32985.9609375,
        33008.59375,
        32999.19140625,
        33001.34765625,
        32992.078125
    ],
    "sumPSWeights": [
        32992.1015625,
        33004.30859375,
        33001.69921875,
        32918.5859375
    ],
    "sumLHEscaleWeights": [
        43790.453125,
        39511.609375,
        35846.3359375,
        36570.5234375,
        32992.078125,
        29931.8203125,
        31020.416015625,
        27986.94140625,
        25387.810546875
    ]
}