{
    "nEvents": 334086,
    "sumGenWeights": -743549.8868534565,
    "sumSquaredGenWeights": 1654905.3529171944,
    "sumLHEpdfWeights": [
        -743539.1875,
        -743477.25,
        -741870.4375,
        -743734.0,
        -745369.875,
        -743214.375,
        -745445.625,
        -744815.6875,
        -745610.8125,
        -742990.375,
        -743112.0625,
        -742222.375,
        -744987.375,
        -744196.9375,
        -745113.625,
        -744807.25,
        -743866.875,
        -743909.125,
        -743082.9375,
        -743398.0625,
        -742749.125,
        -743143.125,
        -742876.0625,
        -744169.625,
        -742046.0,
        -743408.1875,
        -742740.4375,
        -742447.875,
        -743711.5625,
        -740889.125,
        -743434.625,
        -740915.375,
        -743656.0625,
        -742520.5625,
        -741871.875,
        -743903.0,
        -745096.0625,
        -742883.625,
        -743319.6875,
        -743390.9375,
        -742901.9375,
        -743080.75,
        -744290.0,
        -743172.875,
        -744003.3125,
        -743517.625,
        -743005.4375,
        -743591.5,
        -743372.75,
        -742859.25,
        -743176.6875,
        -743355.5,
        -744351.5,
        -743463.4375,
        -743380.875,
        -743167.125,
        -743228.375,
        -743966.875,
        -743891.0,
        -743663.4375,
        -743428.0,
        -743392.25,
        -744214.3125,
        -743949.0,
        -743566.125,
        -744206.5625,
        -743382.0,
        -743323.5,
        -743977.0625,
        -743499.9375,
        -743874.8125,
        -743311.4375,
        -743208.1875,
        -743631.25,
        -743233.375,
        -743398.375,
        -743511.375,
        -744088.6875,
        -743635.8125,
        -743338.4375,
        -743614.1875,
        -743352.125,
        -743620.5,
        -744166.9375,
        -743499.5,
        -743599.5625,
        -743414.5,
        -743637.375,
        -743409.0625,
        -743345.375,
        -743743.6875,
        -743620.125,
        -743871.625,
        -743275.3125,
        -743545.4375,
        -743761.6875,
        -743415.9375,
        -743708.4375,
        -743566.75,
        -743663.625,
        -743539.1875
    ],
    "sumPSWeights": [
        -743591.375,
        -744097.875,
        -743538.5,
        -743239.3125
    ],
    "sumLHEscaleWeights": [
        -947904.625,
        -910909.25,
        -872013.0625,
        -773784.6875,
        -743539.1875,
        -711800.125,
        -644168.375,
        -618984.625,
        -592555.125
    ]
}