{
    "nEvents": 147914,
    "sumGenWeights": 329204.3460299969,
    "sumSquaredGenWeights": 732711.6242976189,
    "sumLHEpdfWeights": [
        329215.75,
        329215.03125,
        328500.90625,
        329333.25,
        330002.0625,
        329131.875,
        330038.96875,
        329910.125,
        330252.03125,
        328950.5625,
        329052.625,
        328477.0625,
        329852.65625,
        329393.6875,
        329792.0,
        329698.46875,
        329218.9375,
        329225.4375,
        329129.8125,
        329250.375,
        328831.1875,
        329118.65625,
        328896.40625,
        329437.71875,
        328618.3125,
        329142.40625,
        328853.625,
        328704.3125,
        329277.1875,
        328080.15625,
        329142.0625,
        328070.25,
        329240.3125,
        328755.71875,
        328509.375,
        329346.9375,
        329854.1875,
        328968.59375,
        329114.53125,
        329154.875,
        328946.0,
        329040.34375,
        329494.15625,
        329044.8125,
        329380.84375,
        329205.3125,
        329013.4375,
        329218.125,
        329129.9375,
        328919.4375,
        329054.125,
        329132.71875,
        329517.65625,
        329169.3125,
        329153.40625,
        329070.875,
        329072.0,
        329339.75,
        329329.15625,
        329262.53125,
        329168.8125,
        329152.90625,
        329471.6875,
        329362.90625,
        329228.625,
        329473.3125,
        329158.90625,
        329133.84375,
        329377.75,
        329204.84375,
        329334.1875,
        329133.4375,
        329089.375,
        329247.1875,
        329092.46875,
        329144.84375,
        329198.625,
        329398.0625,
        329251.0,
        329124.59375,
        329241.15625,
        329133.1875,
        329250.65625,
        329425.125,
        329207.3125,
        329235.25,
        329152.0625,
        329254.59375,
        329165.375,
        329143.40625,
        329278.03125,
        329242.4375,
        329322.6875,
        329103.75,
        329214.0625,
        329292.34375,
        329165.3125,
        329272.03125,
        329223.78125,
        329264.09375,
        329215.75
    ],
    "sumPSWeights": [
        329196.15625,
        329300.46875,
        329211.59375,
        328785.84375
    ],
    "sumLHEscaleWeights": [
        417188.3125,
        404646.875,
        390414.875,
        339411.9375,
        329215.75,
        317621.15625,
        281788.5,
        273311.125,
        263690.40625
    ]
}