{
    "sumGenWeights": 647961.2822532654,
    "nEvents": 476000,
    "sumLHEpdfWeights": [
        476000.0,
        475932.9375,
        475184.375,
        476141.28125,
        477095.5625,
        475725.3125,
        477066.625,
        476659.875,
        477465.40625,
        475801.625,
        475917.8125,
        474990.0,
        476674.28125,
        476167.75,
        476777.0625,
        476609.6875,
        476100.03125,
        476109.71875,
        475834.1875,
        476019.84375,
        475561.0,
        475835.0,
        475592.9375,
        476272.75,
        475174.6875,
        475989.875,
        475717.3125,
        475464.375,
        475861.59375,
        474463.3125,
        475873.3125,
        474416.90625,
        476013.3125,
        475646.25,
        475218.3125,
        476147.375,
        476781.9375,
        475692.125,
        476047.09375,
        475958.6875,
        475820.25,
        475815.8125,
        476215.40625,
        475879.3125,
        476017.46875,
        475947.34375,
        475688.6875,
        476048.40625,
        476027.09375,
        475790.125,
        475940.71875,
        475983.28125,
        476218.8125,
        476017.34375,
        475954.53125,
        475753.875,
        475960.78125,
        476080.78125,
        476083.46875,
        476039.84375,
        475973.375,
        476003.0,
        476152.71875,
        476165.0625,
        475957.1875,
        476119.0,
        475966.4375,
        475840.96875,
        476142.25,
        475985.625,
        476140.65625,
        475900.5625,
        475837.875,
        475963.125,
        475919.59375,
        476008.125,
        476038.6875,
        476099.96875,
        476000.21875,
        475984.53125,
        476015.65625,
        475959.625,
        475996.03125,
        476197.53125,
        475979.625,
        476009.75,
        475996.6875,
        476011.9375,
        475963.84375,
        475954.75,
        476022.125,
        476025.8125,
        476063.875,
        475943.75,
        476004.9375,
        476040.6875,
        475991.75,
        476031.3125,
        476020.25,
        476016.75,
        476000.0
    ]
}