{
    "nEvents": 476000,
    "sumGenWeights": 647961.2822532654,
    "sumSquaredGenWeights": 882067.5240755081,
    "sumLHEpdfWeights": [
        647909.25,
        647935.8125,
        646538.375,
        648158.875,
        649518.375,
        647735.875,
        649570.9375,
        649147.6875,
        649891.75,
        647474.0,
        647618.3125,
        646660.875,
        649177.3125,
        648413.875,
        649205.9375,
        648967.25,
        648099.875,
        648133.625,
        647686.75,
        647962.0625,
        647232.75,
        647686.6875,
        647334.375,
        648444.0,
        646697.5625,
        647822.8125,
        647273.25,
        646979.625,
        648097.625,
        645663.0625,
        647829.5625,
        645678.0,
        648059.875,
        647090.0,
        646559.375,
        648209.3125,
        649239.25,
        647393.25,
        647776.25,
        647800.625,
        647423.5625,
        647567.1875,
        648543.75,
        647619.6875,
        648321.5625,
        647909.625,
        647504.1875,
        647973.125,
        647816.25,
        647374.4375,
        647654.625,
        647772.0625,
        648617.3125,
        647871.1875,
        647780.8125,
        647641.1875,
        647695.5625,
        648291.25,
        648203.25,
        648030.75,
        647820.4375,
        647818.8125,
        648523.25,
        648316.875,
        647968.75,
        648516.0625,
        647803.75,
        647783.375,
        648310.25,
        647882.375,
        648198.1875,
        647730.75,
        647639.5,
        648028.25,
        647698.0,
        647827.1875,
        647909.4375,
        648392.3125,
        647986.625,
        647779.125,
        647983.125,
        647771.875,
        647980.9375,
        648456.125,
        647879.375,
        647956.75,
        647828.875,
        647990.75,
        647794.875,
        647765.625,
        648112.75,
        647980.5625,
        648220.875,
        647725.5,
        647910.4375,
        648106.75,
        647825.5,
        648060.625,
        647929.25,
        648022.25,
        647909.25
    ],
    "sumPSWeights": [
        648001.375,
        647095.25,
        647926.75,
        649283.875
    ],
    "sumLHEscaleWeights": [
        823831.5,
        794998.125,
        763791.4375,
        671439.5,
        647909.25,
        622507.375,
        558254.375,
        538764.25,
        517568.5625
    ]
}