{
    "sumGenWeights": 8556.293573230505,
    "nEvents": 500000,
    "sumLHEpdfWeights": [
        500000.0,
        499360.28125,
        499317.96875,
        500023.5,
        500788.53125,
        498223.5,
        500859.0,
        498974.1875,
        499040.71875,
        499730.9375,
        499668.53125,
        501863.6875,
        500196.96875,
        500840.25,
        501501.53125,
        501102.15625,
        501361.96875,
        501898.21875,
        497574.09375,
        497777.5,
        500037.78125,
        498584.25,
        499623.59375,
        500787.5,
        497528.75,
        499994.8125,
        499582.1875,
        499964.625,
        499195.875,
        497619.5,
        499549.75,
        497540.25,
        500107.0625,
        499808.25,
        498289.9375,
        500225.71875,
        500866.625,
        499093.84375,
        500238.40625,
        499975.65625,
        499751.125,
        499409.5,
        500354.75,
        499842.5,
        499854.46875,
        499746.59375,
        499065.75,
        500162.5,
        500169.28125,
        499634.875,
        499964.46875,
        500077.03125,
        500388.375,
        500067.8125,
        499856.375,
        499166.9375,
        499953.5,
        500168.40625,
        500213.5,
        500048.8125,
        499932.96875,
        500066.90625,
        500165.96875,
        500544.6875,
        499814.78125,
        500151.65625,
        499899.875,
        499471.25,
        500391.75,
        499957.25,
        500431.15625,
        499682.4375,
        499483.25,
        499856.40625,
        499738.8125,
        500055.34375,
        500152.0625,
        500058.40625,
        499995.0625,
        499983.3125,
        500032.0625,
        499901.65625,
        499977.15625,
        500544.8125,
        499930.375,
        500017.15625,
        500017.8125,
        500024.8125,
        499885.0625,
        499859.59375,
        500037.625,
        500073.90625,
        500156.34375,
        499856.375,
        500020.3125,
        500100.1875,
        499991.46875,
        500078.5625,
        500067.875,
        500037.25,
        500000.0
    ]
}