{
    "nEvents": 362791,
    "sumGenWeights": 30476.211149469018,
    "sumSquaredGenWeights": 2560.20233373018,
    "sumLHEpdfWeights": [
        30475.330078125,
        30466.62109375,
        30410.29296875,
        30482.01171875,
        30550.01953125,
        30448.46875,
        30553.0234375,
        30509.4296875,
        30539.96875,
        30455.984375,
        30455.5859375,
        30442.515625,
        30528.5703125,
        30508.189453125,
        30546.7890625,
        30531.162109375,
        30501.03125,
        30503.74609375,
        30440.400390625,
        30453.38671875,
        30447.5703125,
        30448.40625,
        30448.55078125,
        30504.7890625,
        30404.28125,
        30471.443359375,
        30443.18359375,
        30435.80078125,
        30475.919921875,
        30363.69140625,
        30470.185546875,
        30364.119140625,
        30477.69921875,
        30437.06640625,
        30404.587890625,
        30491.6484375,
        30541.0234375,
        30445.13671875,
        30466.8125,
        30468.77734375,
        30448.41796875,
        30452.232421875,
        30506.248046875,
        30460.83984375,
        30490.9375,
        30471.6171875,
        30448.02734375,
        30479.259765625,
        30469.5078125,
        30446.078125,
        30459.666015625,
        30468.021484375,
        30508.958984375,
        30473.47265625,
        30467.796875,
        30453.841796875,
        30461.94140625,
        30489.197265625,
        30490.15625,
        30480.251953125,
        30470.40234375,
        30469.5859375,
        30500.9765625,
        30493.40234375,
        30473.71875,
        30501.4921875,
        30467.19140625,
        30461.6953125,
        30493.984375,
        30473.70703125,
        30491.208984375,
        30463.927734375,
        30458.80859375,
        30476.15234375,
        30462.013671875,
        30471.595703125,
        30475.822265625,
        30493.11328125,
        30479.029296875,
        30468.693359375,
        30478.0390625,
        30467.68359375,
        30478.28125,
        30500.796875,
        30473.271484375,
        30478.265625,
        30471.408203125,
        30479.580078125,
        30469.453125,
        30466.595703125,
        30481.68359375,
        30478.9453125,
        30487.447265625,
        30464.51953125,
        30476.453125,
        30484.23046875,
        30470.65234375,
        30482.2421875,
        30477.0390625,
        30480.228515625,
        30475.330078125
    ],
    "sumPSWeights": [
        30477.51953125,
        30485.732421875,
        30472.24609375,
        30505.3984375
    ],
    "sumLHEscaleWeights": [
        39077.3125,
        37215.79296875,
        35367.7109375,
        32005.8671875,
        30475.330078125,
        28958.9921875,
        26718.482421875,
        25438.1015625,
        24169.095703125
    ]
}