{
    "sumGenWeights": 123365.35655534267,
    "nEvents": 367009,
    "sumLHEpdfWeights": [
        367009.0,
        366887.09375,
        366232.03125,
        367086.03125,
        367920.1875,
        366637.78125,
        367934.25,
        367324.4375,
        367760.375,
        366861.5,
        366895.65625,
        366608.5,
        367569.96875,
        367324.15625,
        367835.4375,
        367627.40625,
        367260.9375,
        367293.59375,
        366584.53125,
        366742.25,
        366663.375,
        366715.21875,
        366690.84375,
        367346.5,
        366225.9375,
        367021.4375,
        366759.90625,
        366517.53125,
        366829.875,
        365663.625,
        366909.125,
        365651.625,
        367016.5625,
        366714.875,
        366241.5625,
        367140.21875,
        367796.1875,
        366701.40625,
        367057.3125,
        366988.25,
        366855.0,
        366793.625,
        367233.53125,
        366937.03125,
        367017.90625,
        366947.28125,
        366705.875,
        367063.90625,
        367042.59375,
        366822.25,
        366961.40625,
        367000.96875,
        367220.78125,
        367025.59375,
        366969.875,
        366759.65625,
        366989.5625,
        367067.25,
        367088.0625,
        367047.78125,
        366982.5,
        367020.875,
        367116.5625,
        367164.625,
        366962.4375,
        367101.15625,
        366978.4375,
        366844.71875,
        367158.5,
        366992.46875,
        367140.40625,
        366909.0625,
        366852.0625,
        366973.78125,
        366925.59375,
        367019.59375,
        367050.0,
        367071.8125,
        367009.9375,
        366999.4375,
        367019.40625,
        366969.90625,
        367004.75,
        367193.4375,
        366988.4375,
        367018.65625,
        367009.4375,
        367018.25,
        366975.09375,
        366966.625,
        367023.53125,
        367034.4375,
        367065.5,
        366957.4375,
        367013.34375,
        367046.8125,
        367004.40625,
        367035.875,
        367028.6875,
        367022.0,
        367009.0
    ]
}