{
    "sumGenWeights": -11022.56249986589,
    "nEvents": 131209,
    "sumLHEpdfWeights": [
        -11022.54296875,
        -11004.576171875,
        -10998.640625,
        -11022.6171875,
        -11048.5244140625,
        -10984.546875,
        -11049.7900390625,
        -10997.154296875,
        -11001.740234375,
        -11019.619140625,
        -11009.9453125,
        -11056.505859375,
        -11030.26953125,
        -11047.162109375,
        -11061.716796875,
        -11050.859375,
        -11057.3408203125,
        -11061.26171875,
        -10978.2255859375,
        -10977.52734375,
        -11022.376953125,
        -10991.232421875,
        -11014.283203125,
        -11041.01953125,
        -10974.5986328125,
        -11023.818359375,
        -11009.755859375,
        -11019.333984375,
        -11009.8232421875,
        -10972.595703125,
        -11019.994140625,
        -10974.5546875,
        -11020.8818359375,
        -11008.505859375,
        -10985.5625,
        -11032.5322265625,
        -11048.90625,
        -10999.4501953125,
        -11019.943359375,
        -11018.625,
        -11008.28515625,
        -11003.28515625,
        -11038.396484375,
        -11019.130859375,
        -11026.46875,
        -11016.80078125,
        -10999.38671875,
        -11028.1484375,
        -11023.20703125,
        -11007.6650390625,
        -11015.220703125,
        -11019.4189453125,
        -11038.802734375,
        -11023.05078125,
        -11016.6923828125,
        -11002.1953125,
        -11016.86328125,
        -11030.03125,
        -11033.552734375,
        -11024.6875,
        -11018.30859375,
        -11019.869140625,
        -11032.822265625,
        -11037.20703125,
        -11018.220703125,
        -11032.8603515625,
        -11015.076171875,
        -11008.9833984375,
        -11035.5478515625,
        -11019.9541015625,
        -11034.88671875,
        -11012.095703125,
        -11008.78515625,
        -11021.8671875,
        -11012.6552734375,
        -11021.1865234375,
        -11024.40625,
        -11029.734375,
        -11025.4091796875,
        -11019.32421875,
        -11023.5478515625,
        -11017.611328125,
        -11023.6875,
        -11039.7109375,
        -11019.1240234375,
        -11025.427734375,
        -11020.947265625,
        -11024.8154296875,
        -11017.755859375,
        -11015.7255859375,
        -11026.970703125,
        -11025.767578125,
        -11030.80078125,
        -11015.2607421875,
        -11024.294921875,
        -11029.0546875,
        -11019.66796875,
        -11027.830078125,
        -11024.37109375,
        -11025.591796875,
        -11022.54296875
    ],
    "sumPSWeights": [
        -11020.4560546875,
        -11030.607421875,
        -11025.6064453125,
        -10962.353515625
    ],
    "sumLHEscaleWeights": [
        -14582.859375,
        -13223.435546875,
        -12049.42578125,
        -12156.751953125,
        -11022.54296875,
        -10043.2109375,
        -10296.541015625,
        -9335.255859375,
        -8505.3369140625
    ]
}