{
    "nEvents": 473000,
    "sumGenWeights": 2576488.269329071,
    "sumSquaredGenWeights": 14034699.377059937,
    "sumLHEpdfWeights": [
        2577194.5,
        2576572.0,
        2570905.0,
        2577393.0,
        2582555.0,
        2575823.0,
        2582958.0,
        2581282.0,
        2584252.5,
        2574696.75,
        2575655.75,
        2571306.0,
        2581342.0,
        2578492.25,
        2581711.5,
        2580554.25,
        2577608.25,
        2577391.5,
        2575839.5,
        2576429.75,
        2573579.75,
        2575706.0,
        2574139.5,
        2578780.25,
        2571836.0,
        2576360.75,
        2574221.75,
        2572504.75,
        2576998.25,
        2567094.0,
        2576294.75,
        2567138.5,
        2577085.0,
        2573469.75,
        2570953.25,
        2578165.5,
        2581471.5,
        2574721.5,
        2576325.25,
        2576486.0,
        2574754.0,
        2575611.75,
        2578807.25,
        2575628.75,
        2577693.0,
        2577056.75,
        2575237.25,
        2577135.25,
        2576527.5,
        2574682.5,
        2575830.5,
        2576538.0,
        2578877.75,
        2576815.25,
        2576645.75,
        2575822.5,
        2576025.5,
        2578136.5,
        2578064.5,
        2577466.75,
        2576848.5,
        2576493.25,
        2578529.0,
        2578556.75,
        2577339.5,
        2578320.25,
        2576639.25,
        2576402.0,
        2578304.5,
        2577109.25,
        2578389.75,
        2576355.25,
        2575992.0,
        2577339.75,
        2576012.5,
        2576516.5,
        2576925.0,
        2578110.5,
        2577447.0,
        2576315.0,
        2577476.5,
        2576511.25,
        2577537.5,
        2578724.25,
        2577101.5,
        2577321.25,
        2576552.0,
        2577623.5,
        2576739.5,
        2576461.0,
        2577741.75,
        2577408.75,
        2577980.75,
        2576067.75,
        2577208.25,
        2577811.5,
        2576729.25,
        2577671.0,
        2577299.0,
        2577683.5,
        2577194.5
    ],
    "sumPSWeights": [
        2575847.75,
        2576441.0,
        2577279.5,
        2582570.0
    ],
    "sumLHEscaleWeights": [
        3275631.25,
        3161070.25,
        3037222.5,
        2669702.0,
        2577194.5,
        2475431.0,
        2219696.0,
        2142224.75,
        2058102.5
    ]
}