{
    "nEvents": 132991,
    "sumGenWeights": -44703.674087166786,
    "sumSquaredGenWeights": 15026.98222605884,
    "sumLHEpdfWeights": [
        -44702.828125,
        -44629.52734375,
        -44606.69140625,
        -44703.5,
        -44809.6796875,
        -44545.9765625,
        -44813.31640625,
        -44602.9609375,
        -44618.19140625,
        -44691.796875,
        -44653.1484375,
        -44840.9765625,
        -44735.3359375,
        -44804.1875,
        -44860.51953125,
        -44818.171875,
        -44845.9453125,
        -44862.0546875,
        -44519.56640625,
        -44519.70703125,
        -44704.64453125,
        -44575.32421875,
        -44671.6171875,
        -44778.3125,
        -44508.2109375,
        -44710.40625,
        -44648.80078125,
        -44690.2109375,
        -44652.3515625,
        -44505.56640625,
        -44691.3359375,
        -44509.11328125,
        -44697.03515625,
        -44644.62109375,
        -44552.6875,
        -44742.07421875,
        -44814.4609375,
        -44615.1171875,
        -44691.8984375,
        -44690.765625,
        -44649.12890625,
        -44624.2421875,
        -44772.71484375,
        -44693.2421875,
        -44724.3828125,
        -44677.66015625,
        -44612.2421875,
        -44725.5546875,
        -44703.1328125,
        -44643.7734375,
        -44672.265625,
        -44690.34375,
        -44769.890625,
        -44703.2734375,
        -44679.8046875,
        -44620.65625,
        -44678.0859375,
        -44733.359375,
        -44747.2109375,
        -44712.96875,
        -44683.62890625,
        -44692.96484375,
        -44743.390625,
        -44761.4609375,
        -44684.84375,
        -44748.83984375,
        -44671.4375,
        -44648.94140625,
        -44759.70703125,
        -44691.41015625,
        -44750.78125,
        -44661.28125,
        -44648.796875,
        -44703.9296875,
        -44659.9140625,
        -44697.7890625,
        -44711.96875,
        -44734.375,
        -44717.921875,
        -44688.67578125,
        -44705.53125,
        -44681.7578125,
        -44708.8203125,
        -44773.359375,
        -44688.9765625,
        -44716.55078125,
        -44697.31640625,
        -44712.265625,
        -44684.3828125,
        -44675.57421875,
        -44721.59765625,
        -44716.0625,
        -44739.58984375,
        -44673.9375,
        -44710.21875,
        -44731.6640625,
        -44692.35546875,
        -44725.64453125,
        -44710.109375,
        -44716.08203125,
        -44702.828125
    ],
    "sumPSWeights": [
        -44705.28125,
        -44752.7734375,
        -44704.21875,
        -44656.53125
    ],
    "sumLHEscaleWeights": [
        -59143.62890625,
        -53630.25,
        -48868.46875,
        -49303.66796875,
        -44702.828125,
        -40731.8984375,
        -41759.0859375,
        -37860.36328125,
        -34494.5234375
    ]
}