{
    "sumGenWeights": -11022.56249986589,
    "nEvents": 131209,
    "sumLHEpdfWeights": [
        131209.0,
        130996.1484375,
        130919.4453125,
        131209.8125,
        131520.8125,
        130755.4375,
        131537.21875,
        130904.875,
        130960.734375,
        131174.65625,
        131060.9609375,
        131613.40625,
        131300.25,
        131501.09375,
        131677.3125,
        131545.9375,
        131625.5,
        131671.015625,
        130682.984375,
        130673.25,
        131206.25,
        130837.0234375,
        131108.96875,
        131429.6875,
        130636.7265625,
        131223.625,
        131055.6484375,
        131170.953125,
        131056.0625,
        130614.7109375,
        131182.078125,
        130637.8984375,
        131185.546875,
        131035.9609375,
        130768.4375,
        131327.5625,
        131521.671875,
        130936.359375,
        131173.59375,
        131163.078125,
        131035.7890625,
        130978.125,
        131401.203125,
        131166.84375,
        131256.625,
        131144.65625,
        130933.96875,
        131272.15625,
        131225.8125,
        131028.8828125,
        131121.234375,
        131177.703125,
        131404.96875,
        131222.90625,
        131151.5,
        130969.8828125,
        131141.5,
        131285.015625,
        131335.53125,
        131240.78125,
        131166.375,
        131182.9375,
        131329.5625,
        131373.453125,
        131156.8125,
        131335.125,
        131123.421875,
        131049.7421875,
        131358.96875,
        131189.796875,
        131347.125,
        131091.203125,
        131053.515625,
        131188.890625,
        131096.4375,
        131210.390625,
        131239.234375,
        131289.6875,
        131231.046875,
        131179.953125,
        131215.84375,
        131161.0625,
        131211.390625,
        131409.59375,
        131177.875,
        131234.59375,
        131204.125,
        131224.390625,
        131164.78125,
        131136.265625,
        131249.96875,
        131243.125,
        131301.3125,
        131129.625,
        131220.484375,
        131276.78125,
        131188.71875,
        131261.375,
        131234.484375,
        131232.953125,
        131209.0
    ]
}