{
    "nEvents": 500000,
    "sumGenWeights": 8556.293573230505,
    "sumSquaredGenWeights": 146.42438845476136,
    "sumLHEpdfWeights": [
        8555.140625,
        8540.1337890625,
        8536.072265625,
        8556.3486328125,
        8577.7412109375,
        8524.97265625,
        8578.765625,
        8532.921875,
        8535.3984375,
        8554.83984375,
        8545.037109375,
        8587.3076171875,
        8560.798828125,
        8577.74609375,
        8589.1171875,
        8579.8505859375,
        8586.5927734375,
        8588.955078125,
        8519.9619140625,
        8517.1552734375,
        8557.5927734375,
        8529.6669921875,
        8549.486328125,
        8572.0419921875,
        8517.6064453125,
        8557.77734375,
        8545.578125,
        8555.2666015625,
        8545.0576171875,
        8517.6943359375,
        8555.044921875,
        8520.052734375,
        8553.544921875,
        8543.5419921875,
        8527.265625,
        8564.6875,
        8578.4296875,
        8536.025390625,
        8553.146484375,
        8551.4404296875,
        8543.3134765625,
        8539.2705078125,
        8570.294921875,
        8552.35546875,
        8559.1171875,
        8549.908203125,
        8535.75390625,
        8560.537109375,
        8555.927734375,
        8543.40234375,
        8549.2412109375,
        8552.828125,
        8570.6396484375,
        8555.80859375,
        8550.28515625,
        8537.7783203125,
        8550.556640625,
        8561.1962890625,
        8565.3427734375,
        8557.2451171875,
        8551.3427734375,
        8552.88671875,
        8564.3427734375,
        8567.5498046875,
        8551.216796875,
        8564.333984375,
        8548.154296875,
        8543.6650390625,
        8567.0087890625,
        8552.8271484375,
        8565.8095703125,
        8546.359375,
        8543.6845703125,
        8554.072265625,
        8546.4931640625,
        8554.5185546875,
        8557.18359375,
        8561.5830078125,
        8557.4755859375,
        8552.458984375,
        8555.6640625,
        8550.9736328125,
        8555.587890625,
        8570.720703125,
        8552.2099609375,
        8557.544921875,
        8554.0322265625,
        8556.51953125,
        8551.1708984375,
        8549.3837890625,
        8558.6162109375,
        8557.953125,
        8562.8544921875,
        8549.072265625,
        8556.4736328125,
        8560.73046875,
        8553.1025390625,
        8559.5205078125,
        8556.6884765625,
        8557.458984375,
        8555.140625
    ],
    "sumPSWeights": [
        8557.251953125,
        8559.662109375,
        8555.2880859375,
        8555.05859375
    ],
    "sumLHEscaleWeights": [
        11355.580078125,
        10246.111328125,
        9294.779296875,
        9483.9287109375,
        8555.140625,
        7761.5419921875,
        8044.345703125,
        7256.60302734375,
        6582.9580078125
    ]
}