{
    "sumGenWeights": -44703.674087166786,
    "nEvents": 132991,
    "sumLHEpdfWeights": [
        -44702.828125,
        -44629.52734375,
        -44606.69140625,
        -44703.50390625,
        -44809.6796875,
        -44545.9765625,
        -44813.3203125,
        -44602.9609375,
        -44618.19140625,
        -44691.796875,
        -44653.1484375,
        -44840.9765625,
        -44735.3359375,
        -44804.19140625,
        -44860.5234375,
        -44818.171875,
        -44845.953125,
        -44862.0546875,
        -44519.56640625,
        -44519.70703125,
        -44704.64453125,
        -44575.328125,
        -44671.6171875,
        -44778.3125,
        -44508.20703125,
        -44710.40625,
        -44648.80078125,
        -44690.2109375,
        -44652.34765625,
        -44505.56640625,
        -44691.33203125,
        -44509.1171875,
        -44697.03515625,
        -44644.6171875,
        -44552.6875,
        -44742.078125,
        -44814.4609375,
        -44615.1171875,
        -44691.8984375,
        -44690.76171875,
        -44649.1328125,
        -44624.23828125,
        -44772.71484375,
        -44693.2421875,
        -44724.38671875,
        -44677.6640625,
        -44612.2421875,
        -44725.55078125,
        -44703.13671875,
        -44643.77734375,
        -44672.26171875,
        -44690.34375,
        -44769.890625,
        -44703.27734375,
        -44679.8046875,
        -44620.65625,
        -44678.0859375,
        -44733.359375,
        -44747.21484375,
        -44712.96875,
        -44683.6328125,
        -44692.96875,
        -44743.390625,
        -44761.45703125,
        -44684.84375,
        -44748.84375,
        -44671.44140625,
        -44648.9375,
        -44759.70703125,
        -44691.41015625,
        -44750.78125,
        -44661.28125,
        -44648.80078125,
        -44703.9375,
        -44659.9140625,
        -44697.79296875,
        -44711.96875,
        -44734.37890625,
        -44717.921875,
        -44688.67578125,
        -44705.53125,
        -44681.7578125,
        -44708.81640625,
        -44773.36328125,
        -44688.97265625,
        -44716.546875,
        -44697.3125,
        -44712.265625,
        -44684.3828125,
        -44675.57421875,
        -44721.6015625,
        -44716.0625,
        -44739.5859375,
        -44673.93359375,
        -44710.21875,
        -44731.6640625,
        -44692.3515625,
        -44725.64453125,
        -44710.109375,
        -44716.078125,
        -44702.828125
    ],
    "sumPSWeights": [
        -44705.28125,
        -44752.7734375,
        -44704.21875,
        -44656.53125
    ],
    "sumLHEscaleWeights": [
        -59143.6328125,
        -53630.25,
        -48868.46875,
        -49303.671875,
        -44702.828125,
        -40731.89453125,
        -41759.0859375,
        -37860.36328125,
        -34494.5234375
    ]
}