{
    "sumGenWeights": -44703.674087166786,
    "nEvents": 132991,
    "sumLHEpdfWeights": [
        -44702.828125,
        -44629.52734375,
        -44606.69140625,
        -44703.5,
        -44809.67578125,
        -44545.97265625,
        -44813.3203125,
        -44602.9609375,
        -44618.19140625,
        -44691.80078125,
        -44653.1484375,
        -44840.9765625,
        -44735.3359375,
        -44804.1875,
        -44860.5234375,
        -44818.171875,
        -44845.94921875,
        -44862.05859375,
        -44519.56640625,
        -44519.70703125,
        -44704.64453125,
        -44575.328125,
        -44671.6171875,
        -44778.3125,
        -44508.2109375,
        -44710.40625,
        -44648.80078125,
        -44690.21484375,
        -44652.34375,
        -44505.5625,
        -44691.33203125,
        -44509.11328125,
        -44697.03515625,
        -44644.6171875,
        -44552.69140625,
        -44742.07421875,
        -44814.4609375,
        -44615.11328125,
        -44691.8984375,
        -44690.765625,
        -44649.1328125,
        -44624.23828125,
        -44772.71484375,
        -44693.2421875,
        -44724.3828125,
        -44677.65625,
        -44612.2421875,
        -44725.5546875,
        -44703.1328125,
        -44643.77734375,
        -44672.26171875,
        -44690.34375,
        -44769.890625,
        -44703.2734375,
        -44679.80859375,
        -44620.65625,
        -44678.0859375,
        -44733.359375,
        -44747.2109375,
        -44712.96875,
        -44683.625,
        -44692.96875,
        -44743.390625,
        -44761.4609375,
        -44684.84375,
        -44748.83984375,
        -44671.4375,
        -44648.94140625,
        -44759.70703125,
        -44691.4140625,
        -44750.78125,
        -44661.28125,
        -44648.80078125,
        -44703.93359375,
        -44659.91796875,
        -44697.79296875,
        -44711.97265625,
        -44734.3828125,
        -44717.921875,
        -44688.67578125,
        -44705.53125,
        -44681.7578125,
        -44708.81640625,
        -44773.359375,
        -44688.9765625,
        -44716.546875,
        -44697.31640625,
        -44712.265625,
        -44684.3828125,
        -44675.57421875,
        -44721.59765625,
        -44716.0625,
        -44739.5859375,
        -44673.93359375,
        -44710.2265625,
        -44731.6640625,
        -44692.35546875,
        -44725.64453125,
        -44710.109375,
        -44716.078125,
        -44702.828125
    ],
    "sumPSWeights": [
        -44705.28125,
        -44752.7734375,
        -44704.21484375,
        -44656.53125
    ],
    "sumLHEscaleWeights": [
        -59143.62890625,
        -53630.24609375,
        -48868.46875,
        -49303.671875,
        -44702.828125,
        -40731.8984375,
        -41759.0859375,
        -37860.3671875,
        -34494.5234375
    ]
}