{
    "sumGenWeights": 1330110.9103040695,
    "nEvents": 149379,
    "sumLHEpdfWeights": [
        149379.0,
        149390.296875,
        149069.46875,
        149434.203125,
        149724.71875,
        149345.625,
        149735.265625,
        149704.671875,
        149846.40625,
        149248.921875,
        149334.625,
        149053.40625,
        149672.796875,
        149466.328125,
        149648.296875,
        149610.28125,
        149396.59375,
        149392.078125,
        149342.625,
        149401.078125,
        149211.609375,
        149331.125,
        149238.078125,
        149484.5625,
        149114.625,
        149366.59375,
        149214.359375,
        149146.4375,
        149422.1875,
        148855.078125,
        149352.75,
        148849.078125,
        149372.203125,
        149156.640625,
        149053.09375,
        149433.375,
        149677.28125,
        149282.109375,
        149353.203125,
        149357.671875,
        149282.046875,
        149301.5,
        149499.953125,
        149321.5625,
        149428.515625,
        149366.0,
        149283.6875,
        149394.453125,
        149375.078125,
        149268.046875,
        149331.15625,
        149354.1875,
        149502.703125,
        149378.40625,
        149362.0,
        149300.78125,
        149342.9375,
        149412.234375,
        149416.28125,
        149398.84375,
        149360.640625,
        149375.46875,
        149475.015625,
        149430.890625,
        149364.953125,
        149472.03125,
        149361.765625,
        149328.21875,
        149438.5625,
        149372.390625,
        149423.421875,
        149343.890625,
        149326.625,
        149375.09375,
        149344.53125,
        149376.21875,
        149391.046875,
        149446.671875,
        149383.921875,
        149369.109375,
        149381.71875,
        149358.640625,
        149380.953125,
        149457.484375,
        149370.65625,
        149388.0625,
        149375.3125,
        149383.09375,
        149366.21875,
        149361.375,
        149388.78125,
        149390.515625,
        149409.90625,
        149353.34375,
        149380.046875,
        149399.265625,
        149374.65625,
        149392.9375,
        149386.53125,
        149386.5,
        149379.0
    ]
}