{
    "sumGenWeights": -9130.706026665866,
    "nEvents": 182378,
    "sumLHEpdfWeights": [
        182378.0,
        182111.078125,
        181973.6875,
        182386.125,
        182817.25,
        181783.265625,
        182834.3125,
        182009.609375,
        182094.90625,
        182320.0625,
        182210.28125,
        182868.8125,
        182529.4375,
        182756.0,
        183032.375,
        182821.609375,
        182920.796875,
        182968.484375,
        181707.671875,
        181683.25,
        182355.34375,
        181902.96875,
        182240.5625,
        182678.640625,
        181626.4375,
        182401.515625,
        182168.28125,
        182310.90625,
        182169.453125,
        181559.4375,
        182351.625,
        181605.828125,
        182337.75,
        182134.265625,
        181774.109375,
        182533.859375,
        182792.0625,
        182026.703125,
        182347.28125,
        182332.90625,
        182157.75,
        182071.234375,
        182631.53125,
        182324.671875,
        182429.578125,
        182298.09375,
        182024.203125,
        182454.375,
        182418.359375,
        182132.625,
        182281.78125,
        182367.359375,
        182634.6875,
        182401.28125,
        182326.15625,
        182076.296875,
        182307.953125,
        182447.65625,
        182512.71875,
        182421.625,
        182332.53125,
        182379.359375,
        182524.3125,
        182568.28125,
        182313.3125,
        182561.59375,
        182304.796875,
        182181.953125,
        182556.21875,
        182358.0625,
        182541.578125,
        182242.34375,
        182191.4375,
        182336.34375,
        182257.125,
        182391.6875,
        182428.1875,
        182439.90625,
        182387.359375,
        182362.21875,
        182386.40625,
        182325.21875,
        182372.53125,
        182614.09375,
        182347.484375,
        182400.828125,
        182380.171875,
        182390.75,
        182331.46875,
        182310.3125,
        182402.71875,
        182415.515625,
        182469.53125,
        182298.78125,
        182386.28125,
        182435.6875,
        182369.90625,
        182420.640625,
        182405.875,
        182395.734375,
        182378.0
    ]
}