{
    "sumGenWeights": 106515.89192211628,
    "nEvents": 157473,
    "sumLHEpdfWeights": [
        157473.0,
        157474.0,
        157143.421875,
        157516.453125,
        157835.90625,
        157423.1875,
        157852.9375,
        157771.0625,
        157932.84375,
        157336.9375,
        157416.296875,
        157163.578125,
        157777.9375,
        157584.546875,
        157793.890625,
        157721.03125,
        157512.140625,
        157518.625,
        157411.484375,
        157463.9375,
        157295.875,
        157391.5625,
        157320.71875,
        157599.71875,
        157172.90625,
        157456.03125,
        157303.34375,
        157229.65625,
        157515.015625,
        156901.359375,
        157449.609375,
        156908.0625,
        157466.203125,
        157241.921875,
        157117.046875,
        157542.484375,
        157778.765625,
        157349.0625,
        157446.0,
        157436.953125,
        157358.0625,
        157389.5,
        157596.484375,
        157402.34375,
        157515.421875,
        157459.515625,
        157353.984375,
        157497.25,
        157471.640625,
        157352.484375,
        157425.0,
        157449.453125,
        157604.625,
        157479.78125,
        157454.34375,
        157381.4375,
        157437.0,
        157514.328125,
        157517.921875,
        157491.15625,
        157454.953125,
        157467.15625,
        157577.546875,
        157536.515625,
        157457.890625,
        157566.859375,
        157452.203125,
        157414.40625,
        157535.4375,
        157465.84375,
        157528.84375,
        157431.34375,
        157411.390625,
        157463.328125,
        157436.640625,
        157472.46875,
        157486.796875,
        157541.1875,
        157477.59375,
        157462.46875,
        157478.671875,
        157452.140625,
        157473.171875,
        157561.546875,
        157464.421875,
        157481.546875,
        157469.265625,
        157479.15625,
        157457.84375,
        157452.171875,
        157485.125,
        157486.125,
        157508.390625,
        157443.328125,
        157474.890625,
        157495.0,
        157467.796875,
        157489.21875,
        157481.984375,
        157481.84375,
        157473.0
    ]
}