{
    "sumGenWeights": 15750.954691804945,
    "nEvents": 314622,
    "sumLHEpdfWeights": [
        314622.0,
        314451.5,
        313870.34375,
        314637.875,
        315390.0625,
        314122.5625,
        315430.625,
        314643.34375,
        314953.6875,
        314484.1875,
        314460.625,
        314599.59375,
        315071.46875,
        315081.28125,
        315494.59375,
        315290.75,
        315054.28125,
        315091.28125,
        314002.125,
        314144.28125,
        314371.96875,
        314181.40625,
        314368.1875,
        315001.9375,
        313792.8125,
        314638.75,
        314352.1875,
        314227.84375,
        314428.6875,
        313392.8125,
        314536.96875,
        313414.5,
        314621.25,
        314334.15625,
        313802.9375,
        314747.6875,
        315410.8125,
        314283.75,
        314646.53125,
        314603.71875,
        314451.3125,
        314354.40625,
        314875.09375,
        314556.25,
        314644.78125,
        314543.125,
        314299.6875,
        314685.375,
        314659.9375,
        314413.90625,
        314566.1875,
        314611.78125,
        314871.96875,
        314637.0625,
        314573.09375,
        314338.40625,
        314594.0,
        314683.71875,
        314713.59375,
        314664.84375,
        314585.0,
        314638.875,
        314734.75,
        314799.0,
        314563.09375,
        314742.375,
        314583.34375,
        314433.34375,
        314793.40625,
        314601.6875,
        314768.125,
        314507.15625,
        314444.5,
        314585.8125,
        314519.0,
        314633.15625,
        314671.8125,
        314683.5,
        314626.4375,
        314609.78125,
        314630.21875,
        314573.59375,
        314618.65625,
        314833.625,
        314595.9375,
        314635.84375,
        314624.5625,
        314631.375,
        314582.53125,
        314572.03125,
        314637.21875,
        314653.03125,
        314689.625,
        314561.1875,
        314627.4375,
        314668.5,
        314616.875,
        314654.09375,
        314645.5625,
        314637.28125,
        314622.0
    ]
}