{
    "sumGenWeights": 106515.89192211628,
    "nEvents": 157473,
    "sumLHEpdfWeights": [
        106512.90625,
        106511.9921875,
        106282.5546875,
        106549.2109375,
        106777.125,
        106479.8515625,
        106791.640625,
        106712.890625,
        106830.3125,
        106433.15625,
        106460.7109375,
        106306.0546875,
        106717.265625,
        106589.4296875,
        106729.015625,
        106685.875,
        106545.2890625,
        106544.0546875,
        106471.0546875,
        106511.7578125,
        106397.71875,
        106465.7265625,
        106411.9140625,
        106602.0859375,
        106309.1328125,
        106497.78125,
        106405.0390625,
        106358.96875,
        106536.2890625,
        106139.0625,
        106494.8203125,
        106145.265625,
        106530.4609375,
        106371.4921875,
        106278.921875,
        106561.671875,
        106728.0078125,
        106423.328125,
        106488.375,
        106491.4453125,
        106426.921875,
        106457.375,
        106606.46875,
        106457.390625,
        106565.546875,
        106510.703125,
        106439.96875,
        106526.875,
        106494.734375,
        106423.7578125,
        106470.7890625,
        106493.4375,
        106616.578125,
        106510.359375,
        106493.234375,
        106461.8125,
        106474.765625,
        106571.21875,
        106559.9375,
        106530.5234375,
        106499.5078125,
        106499.546875,
        106598.984375,
        106573.640625,
        106518.3046875,
        106597.5625,
        106496.40625,
        106484.9375,
        106571.234375,
        106511.34375,
        106564.015625,
        106485.6875,
        106467.8671875,
        106524.75,
        106479.0,
        106501.8671875,
        106515.890625,
        106582.640625,
        106529.34375,
        106494.09375,
        106526.53125,
        106491.1484375,
        106528.4765625,
        106597.015625,
        106512.40625,
        106522.359375,
        106501.59375,
        106531.265625,
        106497.0703125,
        106491.796875,
        106540.1171875,
        106524.6796875,
        106557.0,
        106483.5859375,
        106515.2421875,
        106545.625,
        106501.0703125,
        106538.359375,
        106518.5546875,
        106534.65625,
        106512.90625
    ],
    "sumPSWeights": [
        106488.6484375,
        106682.96875,
        106550.546875,
        106078.390625
    ],
    "sumLHEscaleWeights": [
        135437.046875,
        130682.96875,
        125540.515625,
        110393.9921875,
        106512.90625,
        102322.1875,
        91791.609375,
        88564.8515625,
        85076.09375
    ]
}