{
    "sumGenWeights": -225600.81093251705,
    "nEvents": 333527,
    "sumLHEpdfWeights": [
        -225571.328125,
        -225564.5625,
        -225119.65625,
        -225647.109375,
        -226148.59375,
        -225465.28125,
        -226173.96875,
        -225938.6875,
        -226179.765625,
        -225439.921875,
        -225446.390625,
        -225233.25,
        -226018.421875,
        -225800.328125,
        -226099.171875,
        -225982.46875,
        -225719.03125,
        -225727.625,
        -225414.140625,
        -225523.265625,
        -225361.5,
        -225437.578125,
        -225385.15625,
        -225791.4375,
        -225111.3125,
        -225550.03125,
        -225354.96875,
        -225278.0625,
        -225632.8125,
        -224787.359375,
        -225549.953125,
        -224791.15625,
        -225615.71875,
        -225308.1875,
        -225100.78125,
        -225692.5625,
        -226062.765625,
        -225375.8125,
        -225517.5625,
        -225529.125,
        -225390.921875,
        -225436.375,
        -225805.0625,
        -225459.0625,
        -225706.34375,
        -225560.40625,
        -225409.609375,
        -225603.25,
        -225535.84375,
        -225368.859375,
        -225475.953125,
        -225528.171875,
        -225829.03125,
        -225561.328125,
        -225525.03125,
        -225453.078125,
        -225479.765625,
        -225685.34375,
        -225689.3125,
        -225615.40625,
        -225540.65625,
        -225536.40625,
        -225784.84375,
        -225715.28125,
        -225585.21875,
        -225780.34375,
        -225526.09375,
        -225505.28125,
        -225715.3125,
        -225565.75,
        -225698.1875,
        -225504.140625,
        -225467.703125,
        -225601.1875,
        -225489.359375,
        -225544.75,
        -225577.21875,
        -225730.71875,
        -225614.09375,
        -225529.90625,
        -225604.078125,
        -225520.3125,
        -225613.234375,
        -225762.359375,
        -225567.359375,
        -225597.5625,
        -225542.078125,
        -225620.015625,
        -225533.953125,
        -225518.5,
        -225636.375,
        -225601.28125,
        -225676.5,
        -225501.984375,
        -225579.0,
        -225650.84375,
        -225541.09375,
        -225635.5,
        -225586.375,
        -225626.84375,
        -225571.328125
    ],
    "sumPSWeights": [
        -225586.4375,
        -225332.15625,
        -225622.828125,
        -225932.75
    ],
    "sumLHEscaleWeights": [
        -288183.8125,
        -276063.8125,
        -263604.5,
        -235514.1875,
        -225571.328125,
        -215408.46875,
        -196244.375,
        -187973.5,
        -179480.625
    ]
}