{
    "sumGenWeights": 55451.80206000805,
    "nEvents": 450000,
    "sumLHEpdfWeights": [
        450000.0,
        449935.1875,
        449250.8125,
        450118.03125,
        451000.9375,
        449728.4375,
        450962.71875,
        450580.5625,
        451353.9375,
        449804.4375,
        449920.8125,
        449075.1875,
        450619.5,
        450174.9375,
        450734.375,
        450570.3125,
        450108.53125,
        450119.78125,
        449823.21875,
        449993.28125,
        449600.375,
        449829.6875,
        449622.59375,
        450253.8125,
        449201.375,
        449986.0,
        449730.375,
        449518.78125,
        449864.6875,
        448547.09375,
        449879.1875,
        448500.5625,
        450011.5625,
        449666.40625,
        449254.8125,
        450140.625,
        450722.0625,
        449711.0625,
        450039.28125,
        449960.25,
        449829.4375,
        449829.125,
        450200.3125,
        449888.25,
        450012.25,
        449949.9375,
        449707.0,
        450043.53125,
        450030.59375,
        449803.59375,
        449942.5625,
        449981.0,
        450206.28125,
        450016.71875,
        449955.5625,
        449766.8125,
        449965.25,
        450074.40625,
        450079.53125,
        450037.0,
        449977.1875,
        450000.5,
        450145.46875,
        450157.0,
        449957.1875,
        450106.875,
        449969.53125,
        449846.0,
        450131.59375,
        449989.4375,
        450134.90625,
        449905.6875,
        449845.125,
        449960.8125,
        449926.84375,
        450010.0,
        450035.1875,
        450094.25,
        449995.375,
        449989.125,
        450016.15625,
        449964.46875,
        449995.90625,
        450184.03125,
        449980.75,
        450007.78125,
        449997.5625,
        450012.03125,
        449965.46875,
        449955.8125,
        450020.1875,
        450023.78125,
        450058.4375,
        449946.9375,
        450004.40625,
        450037.90625,
        449992.8125,
        450028.84375,
        450020.28125,
        450015.375,
        450000.0
    ]
}