{
    "sumGenWeights": 245091.00198745728,
    "nEvents": 497000,
    "sumLHEpdfWeights": [
        245120.53125,
        245061.796875,
        244566.578125,
        245151.703125,
        245641.8125,
        244980.859375,
        245672.6875,
        245505.046875,
        245804.125,
        244905.15625,
        244960.15625,
        244608.5,
        245529.734375,
        245263.0,
        245574.015625,
        245452.46875,
        245184.453125,
        245170.96875,
        244974.09375,
        245074.046875,
        244831.15625,
        244982.578125,
        244864.859375,
        245289.34375,
        244617.046875,
        245041.984375,
        244832.296875,
        244748.96875,
        245116.40625,
        244255.359375,
        245046.90625,
        244258.53125,
        245135.09375,
        244777.5,
        244571.921875,
        245210.1875,
        245534.296875,
        244906.984375,
        245024.21875,
        245055.53125,
        244890.09375,
        244961.3125,
        245307.765625,
        244964.671875,
        245228.078125,
        245102.34375,
        244941.59375,
        245129.328125,
        245046.640625,
        244865.40625,
        244980.859375,
        245051.734375,
        245326.953125,
        245094.765625,
        245062.25,
        244988.84375,
        244984.6875,
        245227.75,
        245207.25,
        245151.09375,
        245078.25,
        245067.859375,
        245298.25,
        245242.640625,
        245120.15625,
        245295.15625,
        245059.96875,
        245038.71875,
        245238.6875,
        245105.03125,
        245217.171875,
        245043.28125,
        245007.859375,
        245138.03125,
        245023.8125,
        245080.671875,
        245112.859375,
        245259.53125,
        245141.6875,
        245058.84375,
        245136.875,
        245056.6875,
        245140.734375,
        245287.640625,
        245103.03125,
        245132.609375,
        245081.953125,
        245145.53125,
        245073.75,
        245058.015625,
        245171.4375,
        245141.40625,
        245204.03125,
        245036.90625,
        245119.875,
        245177.4375,
        245078.0625,
        245163.03125,
        245124.75,
        245153.34375,
        245120.53125
    ],
    "sumPSWeights": [
        245063.1875,
        245041.78125,
        245119.703125,
        245145.015625
    ],
    "sumLHEscaleWeights": [
        311902.78125,
        300581.4375,
        288395.78125,
        254348.34375,
        245120.53125,
        235175.546875,
        211568.0,
        203884.625,
        195616.359375
    ]
}