{
    "sumGenWeights": -225600.81093251705,
    "nEvents": 333527,
    "sumLHEpdfWeights": [
        333527.0,
        333440.625,
        332753.875,
        333622.625,
        334461.1875,
        333280.125,
        334479.15625,
        333991.375,
        334351.25,
        333379.46875,
        333425.75,
        333010.6875,
        334140.9375,
        333767.1875,
        334289.0625,
        334145.78125,
        333665.21875,
        333687.6875,
        333277.8125,
        333415.6875,
        333129.15625,
        333327.78125,
        333188.375,
        333833.78125,
        332883.28125,
        333541.78125,
        333287.71875,
        332977.875,
        333442.625,
        332294.90625,
        333460.59375,
        332282.8125,
        333530.40625,
        333202.53125,
        332830.5625,
        333636.875,
        334284.34375,
        333260.46875,
        333546.125,
        333489.9375,
        333369.71875,
        333343.4375,
        333729.125,
        333438.0625,
        333544.4375,
        333480.40625,
        333277.6875,
        333575.71875,
        333550.625,
        333347.78125,
        333475.8125,
        333510.75,
        333731.78125,
        333542.5625,
        333491.0,
        333322.59375,
        333499.1875,
        333587.65625,
        333601.3125,
        333559.8125,
        333501.59375,
        333531.5625,
        333650.65625,
        333661.9375,
        333489.8125,
        333626.4375,
        333497.96875,
        333390.78125,
        333650.5625,
        333512.78125,
        333643.875,
        333441.5625,
        333393.375,
        333497.0,
        333455.875,
        333534.34375,
        333561.09375,
        333604.4375,
        333529.3125,
        333515.125,
        333538.0,
        333491.5,
        333523.65625,
        333691.53125,
        333509.1875,
        333537.0,
        333525.75,
        333536.75,
        333496.59375,
        333489.28125,
        333543.28125,
        333550.71875,
        333581.90625,
        333477.9375,
        333531.28125,
        333562.65625,
        333521.09375,
        333553.375,
        333544.625,
        333540.65625,
        333527.0
    ]
}