{
    "nEvents": 333527,
    "sumGenWeights": -225600.81093251705,
    "sumSquaredGenWeights": 152601.83845946193,
    "sumLHEpdfWeights": [
        -225571.34375,
        -225564.5625,
        -225119.65625,
        -225647.078125,
        -226148.59375,
        -225465.28125,
        -226173.953125,
        -225938.6875,
        -226179.75,
        -225439.90625,
        -225446.390625,
        -225233.234375,
        -226018.40625,
        -225800.34375,
        -226099.171875,
        -225982.453125,
        -225719.03125,
        -225727.625,
        -225414.15625,
        -225523.265625,
        -225361.5,
        -225437.59375,
        -225385.15625,
        -225791.4375,
        -225111.3125,
        -225550.0,
        -225354.96875,
        -225278.046875,
        -225632.8125,
        -224787.359375,
        -225549.921875,
        -224791.15625,
        -225615.71875,
        -225308.1875,
        -225100.796875,
        -225692.5625,
        -226062.75,
        -225375.84375,
        -225517.578125,
        -225529.125,
        -225390.9375,
        -225436.359375,
        -225805.046875,
        -225459.0625,
        -225706.359375,
        -225560.390625,
        -225409.609375,
        -225603.234375,
        -225535.84375,
        -225368.875,
        -225475.9375,
        -225528.1875,
        -225829.0,
        -225561.328125,
        -225525.03125,
        -225453.09375,
        -225479.765625,
        -225685.328125,
        -225689.3125,
        -225615.390625,
        -225540.65625,
        -225536.390625,
        -225784.828125,
        -225715.28125,
        -225585.21875,
        -225780.34375,
        -225526.125,
        -225505.28125,
        -225715.3125,
        -225565.765625,
        -225698.1875,
        -225504.125,
        -225467.6875,
        -225601.15625,
        -225489.359375,
        -225544.75,
        -225577.25,
        -225730.71875,
        -225614.09375,
        -225529.90625,
        -225604.0625,
        -225520.3125,
        -225613.25,
        -225762.375,
        -225567.359375,
        -225597.5625,
        -225542.0625,
        -225620.015625,
        -225533.96875,
        -225518.5,
        -225636.375,
        -225601.28125,
        -225676.5,
        -225501.984375,
        -225579.0,
        -225650.828125,
        -225541.09375,
        -225635.515625,
        -225586.375,
        -225626.859375,
        -225571.34375
    ],
    "sumPSWeights": [
        -225586.421875,
        -225332.140625,
        -225622.828125,
        -225932.75
    ],
    "sumLHEscaleWeights": [
        -288183.8125,
        -276063.8125,
        -263604.5,
        -235514.1875,
        -225571.34375,
        -215408.4375,
        -196244.375,
        -187973.5,
        -179480.625
    ]
}