{
    "nEvents": 157473,
    "sumGenWeights": 106515.89192211628,
    "sumSquaredGenWeights": 72049.70292261243,
    "sumLHEpdfWeights": [
        106512.90625,
        106511.9921875,
        106282.5625,
        106549.2109375,
        106777.125,
        106479.84375,
        106791.640625,
        106712.8828125,
        106830.3125,
        106433.15625,
        106460.703125,
        106306.0625,
        106717.265625,
        106589.4375,
        106729.015625,
        106685.875,
        106545.296875,
        106544.0625,
        106471.0546875,
        106511.765625,
        106397.71875,
        106465.7109375,
        106411.921875,
        106602.0859375,
        106309.140625,
        106497.78125,
        106405.03125,
        106358.96875,
        106536.2890625,
        106139.0546875,
        106494.8203125,
        106145.265625,
        106530.4609375,
        106371.5,
        106278.9296875,
        106561.671875,
        106728.0078125,
        106423.328125,
        106488.375,
        106491.453125,
        106426.921875,
        106457.375,
        106606.46875,
        106457.390625,
        106565.5546875,
        106510.703125,
        106439.953125,
        106526.875,
        106494.734375,
        106423.765625,
        106470.7890625,
        106493.4375,
        106616.578125,
        106510.3671875,
        106493.234375,
        106461.8046875,
        106474.765625,
        106571.21875,
        106559.9375,
        106530.5234375,
        106499.5078125,
        106499.546875,
        106598.984375,
        106573.6484375,
        106518.3046875,
        106597.5625,
        106496.40625,
        106484.9375,
        106571.2265625,
        106511.34375,
        106564.0078125,
        106485.6875,
        106467.859375,
        106524.75,
        106478.9921875,
        106501.8671875,
        106515.890625,
        106582.640625,
        106529.34375,
        106494.09375,
        106526.5390625,
        106491.15625,
        106528.484375,
        106597.0078125,
        106512.40625,
        106522.359375,
        106501.59375,
        106531.265625,
        106497.0703125,
        106491.796875,
        106540.109375,
        106524.6875,
        106557.0078125,
        106483.5859375,
        106515.2421875,
        106545.625,
        106501.0703125,
        106538.3515625,
        106518.5390625,
        106534.65625,
        106512.90625
    ],
    "sumPSWeights": [
        106488.640625,
        106682.96875,
        106550.546875,
        106078.3984375
    ],
    "sumLHEscaleWeights": [
        135437.046875,
        130682.9609375,
        125540.515625,
        110394.0,
        106512.90625,
        102322.1796875,
        91791.609375,
        88564.8515625,
        85076.09375
    ]
}