{
    "sumGenWeights": 55451.80206000805,
    "nEvents": 450000,
    "sumLHEpdfWeights": [
        55455.26953125,
        55447.76953125,
        55326.875,
        55469.734375,
        55587.3515625,
        55430.0703125,
        55596.28515625,
        55554.76171875,
        55612.1875,
        55412.9375,
        55423.84765625,
        55344.6796875,
        55559.90234375,
        55493.07421875,
        55566.71484375,
        55541.98046875,
        55471.98828125,
        55470.75,
        55426.2578125,
        55447.7265625,
        55388.34765625,
        55427.44140625,
        55398.12890625,
        55498.53515625,
        55344.75,
        55444.27734375,
        55394.96875,
        55364.609375,
        55461.4140625,
        55252.0234375,
        55443.6875,
        55252.0703125,
        55460.1484375,
        55380.04296875,
        55330.0859375,
        55478.5546875,
        55563.24609375,
        55408.7109375,
        55438.16015625,
        55443.80859375,
        55407.77734375,
        55422.3828125,
        55500.38671875,
        55425.7734375,
        55480.96875,
        55453.515625,
        55417.18359375,
        55458.61328125,
        55443.37890625,
        55404.5390625,
        55428.52734375,
        55442.50390625,
        55507.1796875,
        55450.86328125,
        55444.27734375,
        55427.48046875,
        55432.4296875,
        55479.98046875,
        55477.859375,
        55464.0,
        55448.578125,
        55445.4453125,
        55498.76171875,
        55484.96484375,
        55457.3515625,
        55497.40625,
        55445.30078125,
        55438.859375,
        55483.71484375,
        55455.0625,
        55480.953125,
        55440.44921875,
        55430.74609375,
        55459.921875,
        55434.8671875,
        55446.546875,
        55454.4453125,
        55486.54296875,
        55462.484375,
        55441.296875,
        55462.125,
        55443.97265625,
        55462.5625,
        55494.62109375,
        55454.97265625,
        55459.32421875,
        55447.7109375,
        55464.2265625,
        55447.23046875,
        55442.98046875,
        55467.9609375,
        55460.78125,
        55475.45703125,
        55437.26953125,
        55456.65234375,
        55470.6171875,
        55448.515625,
        55467.66796875,
        55457.59375,
        55465.48828125,
        55455.26953125
    ],
    "sumPSWeights": [
        55449.36328125,
        55407.0703125,
        55456.54296875,
        55604.890625
    ],
    "sumLHEscaleWeights": [
        70566.2578125,
        68000.0703125,
        65251.6875,
        57544.94140625,
        55455.26953125,
        53209.29296875,
        47866.34765625,
        46121.48828125,
        44259.77734375
    ]
}