{
    "sumGenWeights": 62284.0161318481,
    "nEvents": 310927,
    "sumLHEpdfWeights": [
        62287.8515625,
        62244.234375,
        62143.64453125,
        62287.92578125,
        62431.453125,
        62190.0546875,
        62437.92578125,
        62295.38671875,
        62355.27734375,
        62245.7890625,
        62236.30078125,
        62278.66015625,
        62375.23046875,
        62373.0859375,
        62453.85546875,
        62408.8515625,
        62377.3984375,
        62385.44921875,
        62162.5,
        62188.078125,
        62237.2734375,
        62192.75,
        62230.87109375,
        62356.328125,
        62108.28125,
        62280.0234375,
        62211.51171875,
        62214.265625,
        62268.9921875,
        62039.19921875,
        62276.2734375,
        62044.58203125,
        62285.75,
        62195.4921875,
        62118.17578125,
        62324.9140625,
        62418.01171875,
        62206.98046875,
        62263.875,
        62269.79296875,
        62221.44921875,
        62223.24609375,
        62353.19140625,
        62259.83984375,
        62316.2265625,
        62274.6796875,
        62212.55078125,
        62302.2578125,
        62281.9375,
        62215.828125,
        62252.390625,
        62271.5625,
        62357.42578125,
        62287.2890625,
        62270.421875,
        62227.6171875,
        62258.31640625,
        62319.6171875,
        62325.265625,
        62298.01171875,
        62274.421875,
        62276.96484375,
        62339.5234375,
        62335.109375,
        62280.52734375,
        62338.51953125,
        62265.75390625,
        62249.6328125,
        62332.94140625,
        62282.03125,
        62327.59765625,
        62256.125,
        62244.69921875,
        62289.3828125,
        62254.234375,
        62282.5,
        62292.3671875,
        62328.28515625,
        62297.98046875,
        62274.21484375,
        62293.50390625,
        62270.1328125,
        62293.625,
        62350.15234375,
        62280.72265625,
        62295.87890625,
        62281.296875,
        62297.2734375,
        62273.625,
        62266.75390625,
        62304.33984375,
        62297.265625,
        62318.2421875,
        62262.453125,
        62292.1640625,
        62310.1015625,
        62278.40234375,
        62305.34375,
        62292.9140625,
        62299.5859375,
        62287.8515625
    ],
    "sumPSWeights": [
        62300.10546875,
        62285.609375,
        62265.4921875,
        62364.65234375
    ],
    "sumLHEscaleWeights": [
        80608.40625,
        75659.171875,
        71024.875,
        66369.65625,
        62287.8515625,
        58460.73046875,
        55644.140625,
        52211.4453125,
        49000.515625
    ]
}