{
    "sumGenWeights": 245091.00198745728,
    "nEvents": 497000,
    "sumLHEpdfWeights": [
        245120.53125,
        245061.78125,
        244566.5625,
        245151.6875,
        245641.8125,
        244980.859375,
        245672.6875,
        245505.0625,
        245804.140625,
        244905.15625,
        244960.15625,
        244608.5,
        245529.734375,
        245263.015625,
        245574.03125,
        245452.484375,
        245184.453125,
        245170.953125,
        244974.09375,
        245074.046875,
        244831.15625,
        244982.578125,
        244864.84375,
        245289.359375,
        244617.03125,
        245041.96875,
        244832.3125,
        244748.96875,
        245116.421875,
        244255.375,
        245046.890625,
        244258.546875,
        245135.0625,
        244777.484375,
        244571.921875,
        245210.1875,
        245534.3125,
        244906.984375,
        245024.21875,
        245055.53125,
        244890.109375,
        244961.328125,
        245307.78125,
        244964.65625,
        245228.0625,
        245102.34375,
        244941.609375,
        245129.3125,
        245046.640625,
        244865.390625,
        244980.875,
        245051.734375,
        245326.9375,
        245094.765625,
        245062.25,
        244988.84375,
        244984.671875,
        245227.734375,
        245207.25,
        245151.09375,
        245078.25,
        245067.859375,
        245298.265625,
        245242.65625,
        245120.140625,
        245295.15625,
        245059.9375,
        245038.703125,
        245238.6875,
        245105.03125,
        245217.171875,
        245043.28125,
        245007.84375,
        245138.046875,
        245023.828125,
        245080.671875,
        245112.875,
        245259.53125,
        245141.71875,
        245058.859375,
        245136.875,
        245056.6875,
        245140.734375,
        245287.65625,
        245103.0625,
        245132.59375,
        245081.953125,
        245145.546875,
        245073.75,
        245058.0,
        245171.453125,
        245141.40625,
        245204.03125,
        245036.90625,
        245119.859375,
        245177.4375,
        245078.0625,
        245163.03125,
        245124.75,
        245153.359375,
        245120.53125
    ],
    "sumPSWeights": [
        245063.1875,
        245041.765625,
        245119.6875,
        245145.015625
    ],
    "sumLHEscaleWeights": [
        311902.78125,
        300581.46875,
        288395.78125,
        254348.359375,
        245120.53125,
        235175.5625,
        211568.0,
        203884.625,
        195616.375
    ]
}