{
    "sumGenWeights": 15750.954691804945,
    "nEvents": 314622,
    "sumLHEpdfWeights": [
        15750.8720703125,
        15740.91796875,
        15716.85546875,
        15751.8505859375,
        15789.05078125,
        15726.50390625,
        15790.35546875,
        15753.9228515625,
        15768.654296875,
        15741.6455078125,
        15738.5703125,
        15749.41796875,
        15774.0029296875,
        15773.69921875,
        15793.708984375,
        15783.0068359375,
        15774.248046875,
        15776.4638671875,
        15719.298828125,
        15726.6884765625,
        15739.17578125,
        15727.8857421875,
        15737.6083984375,
        15768.8896484375,
        15706.458984375,
        15749.8701171875,
        15732.744140625,
        15733.1845703125,
        15746.359375,
        15688.873046875,
        15748.3193359375,
        15689.13671875,
        15750.826171875,
        15730.1591796875,
        15709.15625,
        15759.9365234375,
        15786.109375,
        15731.8095703125,
        15746.02734375,
        15747.4912109375,
        15735.80859375,
        15735.265625,
        15768.4013671875,
        15744.60546875,
        15758.365234375,
        15747.1435546875,
        15732.96875,
        15754.095703125,
        15749.3037109375,
        15734.3974609375,
        15742.7509765625,
        15747.0322265625,
        15769.048828125,
        15749.98046875,
        15746.060546875,
        15736.1328125,
        15743.734375,
        15758.6708984375,
        15760.01953125,
        15753.36328125,
        15747.18359375,
        15748.2666015625,
        15763.3466796875,
        15763.21875,
        15749.017578125,
        15764.26953125,
        15745.4609375,
        15741.8720703125,
        15763.0,
        15749.1259765625,
        15760.58984375,
        15743.103515625,
        15740.25390625,
        15752.296875,
        15742.3134765625,
        15748.630859375,
        15751.6982421875,
        15760.1513671875,
        15753.759765625,
        15747.30859375,
        15752.140625,
        15745.9091796875,
        15752.515625,
        15766.341796875,
        15748.9755859375,
        15753.0029296875,
        15748.6416015625,
        15753.12890625,
        15746.923828125,
        15745.4560546875,
        15755.1298828125,
        15753.3056640625,
        15758.6943359375,
        15744.3994140625,
        15751.955078125,
        15756.724609375,
        15748.1162109375,
        15755.4248046875,
        15751.7880859375,
        15753.8720703125,
        15750.8720703125
    ],
    "sumPSWeights": [
        15748.33203125,
        15758.97265625,
        15753.888671875,
        15722.6796875
    ],
    "sumLHEscaleWeights": [
        20385.189453125,
        19133.47265625,
        17961.388671875,
        16784.2890625,
        15750.8720703125,
        14783.9423828125,
        14071.9228515625,
        13203.677734375,
        12391.6669921875
    ]
}