{
    "sumGenWeights": 245091.00198745728,
    "nEvents": 497000,
    "sumLHEpdfWeights": [
        497000.0,
        496911.5,
        496222.71875,
        497130.59375,
        498099.09375,
        496657.5625,
        498036.28125,
        497571.96875,
        498504.1875,
        496837.03125,
        496945.59375,
        495971.625,
        497615.03125,
        497148.9375,
        497757.625,
        497592.25,
        497120.09375,
        497129.53125,
        496802.78125,
        497003.375,
        496593.90625,
        496826.8125,
        496602.375,
        497256.25,
        496143.03125,
        497002.625,
        496760.78125,
        496521.4375,
        496781.09375,
        495446.03125,
        496845.0625,
        495378.78125,
        497015.125,
        496710.65625,
        496250.8125,
        497137.25,
        497761.25,
        496701.6875,
        497086.71875,
        496981.4375,
        496866.5,
        496829.6875,
        497184.21875,
        496914.53125,
        496979.125,
        496933.28125,
        496685.71875,
        497046.21875,
        497042.0625,
        496832.875,
        496964.8125,
        496998.375,
        497170.8125,
        497018.3125,
        496957.65625,
        496744.28125,
        496985.34375,
        497061.5,
        497067.25,
        497036.96875,
        496978.1875,
        497016.78125,
        497101.03125,
        497163.375,
        496951.90625,
        497069.0,
        496975.8125,
        496834.71875,
        497137.0625,
        496984.78125,
        497136.3125,
        496904.125,
        496838.375,
        496958.53125,
        496924.1875,
        497012.90625,
        497043.40625,
        497062.5625,
        496997.8125,
        496992.09375,
        497013.125,
        496963.8125,
        496994.09375,
        497180.78125,
        496979.78125,
        497006.5,
        497001.46875,
        497009.09375,
        496965.40625,
        496960.25,
        497013.96875,
        497022.9375,
        497050.4375,
        496953.84375,
        497004.6875,
        497032.375,
        496996.0625,
        497025.5,
        497019.25,
        497013.125,
        497000.0
    ]
}