{
    "nEvents": 450000,
    "sumGenWeights": 55451.80206000805,
    "sumSquaredGenWeights": 6833.306720480323,
    "sumLHEpdfWeights": [
        55455.26953125,
        55447.76953125,
        55326.87109375,
        55469.73046875,
        55587.35546875,
        55430.0703125,
        55596.28515625,
        55554.7578125,
        55612.1875,
        55412.93359375,
        55423.84765625,
        55344.68359375,
        55559.90234375,
        55493.0703125,
        55566.71484375,
        55541.98046875,
        55471.98828125,
        55470.74609375,
        55426.26171875,
        55447.72265625,
        55388.3515625,
        55427.4453125,
        55398.12890625,
        55498.53125,
        55344.75,
        55444.27734375,
        55394.96484375,
        55364.609375,
        55461.41015625,
        55252.0234375,
        55443.69140625,
        55252.06640625,
        55460.1484375,
        55380.0390625,
        55330.0859375,
        55478.55859375,
        55563.24609375,
        55408.71484375,
        55438.16015625,
        55443.8046875,
        55407.77734375,
        55422.390625,
        55500.390625,
        55425.7734375,
        55480.97265625,
        55453.515625,
        55417.18359375,
        55458.609375,
        55443.37890625,
        55404.53515625,
        55428.52734375,
        55442.50390625,
        55507.171875,
        55450.859375,
        55444.27734375,
        55427.4765625,
        55432.4296875,
        55479.9765625,
        55477.86328125,
        55464.00390625,
        55448.578125,
        55445.4453125,
        55498.76171875,
        55484.97265625,
        55457.34765625,
        55497.40625,
        55445.30078125,
        55438.859375,
        55483.71484375,
        55455.0625,
        55480.95703125,
        55440.44921875,
        55430.75,
        55459.91796875,
        55434.86328125,
        55446.546875,
        55454.4453125,
        55486.54296875,
        55462.484375,
        55441.30078125,
        55462.1171875,
        55443.97265625,
        55462.5625,
        55494.6171875,
        55454.9765625,
        55459.32421875,
        55447.7109375,
        55464.2265625,
        55447.23046875,
        55442.9765625,
        55467.96484375,
        55460.78125,
        55475.45703125,
        55437.2734375,
        55456.6484375,
        55470.61328125,
        55448.515625,
        55467.671875,
        55457.59765625,
        55465.48828125,
        55455.26953125
    ],
    "sumPSWeights": [
        55449.359375,
        55407.0703125,
        55456.546875,
        55604.88671875
    ],
    "sumLHEscaleWeights": [
        70566.2578125,
        68000.078125,
        65251.6875,
        57544.94140625,
        55455.26953125,
        53209.29296875,
        47866.34765625,
        46121.4921875,
        44259.77734375
    ]
}