{
    "sumGenWeights": 22709.24362167716,
    "nEvents": 500000,
    "sumLHEpdfWeights": [
        22705.97265625,
        22666.01953125,
        22657.1640625,
        22708.435546875,
        22763.4765625,
        22622.544921875,
        22766.98828125,
        22644.236328125,
        22650.81640625,
        22704.22265625,
        22680.173828125,
        22796.265625,
        22719.5625,
        22763.685546875,
        22796.1484375,
        22771.05078125,
        22789.76171875,
        22799.1875,
        22610.349609375,
        22603.708984375,
        22711.845703125,
        22636.029296875,
        22690.26171875,
        22750.1875,
        22603.375,
        22712.375,
        22681.6484375,
        22707.51171875,
        22677.490234375,
        22603.0234375,
        22703.599609375,
        22609.087890625,
        22703.068359375,
        22678.2421875,
        22627.87890625,
        22729.7734375,
        22763.83203125,
        22655.255859375,
        22702.095703125,
        22697.615234375,
        22676.4453125,
        22665.015625,
        22743.76953125,
        22698.3828125,
        22713.439453125,
        22691.783203125,
        22655.009765625,
        22720.11328125,
        22709.462890625,
        22676.986328125,
        22692.8671875,
        22701.68359375,
        22744.46875,
        22708.001953125,
        22693.4921875,
        22659.8203125,
        22695.552734375,
        22721.783203125,
        22730.9765625,
        22710.91796875,
        22696.587890625,
        22701.455078125,
        22728.849609375,
        22739.619140625,
        22695.521484375,
        22730.525390625,
        22689.765625,
        22675.62890625,
        22735.63671875,
        22700.193359375,
        22734.328125,
        22683.447265625,
        22675.59375,
        22702.6015625,
        22684.236328125,
        22704.802734375,
        22712.16796875,
        22719.57421875,
        22711.662109375,
        22699.658203125,
        22707.5625,
        22695.65625,
        22707.1953125,
        22745.49609375,
        22698.423828125,
        22712.029296875,
        22703.55859375,
        22709.92578125,
        22695.8828125,
        22691.775390625,
        22714.431640625,
        22713.3828125,
        22724.37109375,
        22691.02734375,
        22709.45703125,
        22719.6953125,
        22701.2265625,
        22717.162109375,
        22710.078125,
        22711.6328125,
        22705.97265625
    ],
    "sumPSWeights": [
        22710.28515625,
        22706.216796875,
        22707.1015625,
        22724.40234375
    ],
    "sumLHEscaleWeights": [
        30168.3671875,
        27179.78125,
        24623.546875,
        25206.7421875,
        22705.97265625,
        20574.896484375,
        21391.09765625,
        19270.28125,
        17458.033203125
    ]
}