{
    "sumGenWeights": -879578.9065470695,
    "nEvents": 325205,
    "sumLHEpdfWeights": [
        325205.0,
        325135.84375,
        324530.5,
        325280.46875,
        326008.4375,
        324979.9375,
        326017.875,
        325613.8125,
        326030.71875,
        325039.21875,
        325101.5625,
        324684.9375,
        325738.53125,
        325426.625,
        325889.25,
        325732.1875,
        325345.25,
        325361.46875,
        324981.8125,
        325101.09375,
        324866.25,
        325012.4375,
        324901.3125,
        325472.6875,
        324569.15625,
        325192.75,
        324965.3125,
        324752.09375,
        325138.0625,
        324038.75,
        325133.03125,
        324036.8125,
        325214.125,
        324898.09375,
        324558.375,
        325323.1875,
        325844.03125,
        324947.4375,
        325210.3125,
        325157.5625,
        325034.75,
        325038.09375,
        325395.9375,
        325101.3125,
        325235.9375,
        325166.84375,
        324958.65625,
        325247.90625,
        325220.46875,
        325015.78125,
        325143.25,
        325184.21875,
        325409.34375,
        325219.6875,
        325167.9375,
        325009.40625,
        325163.25,
        325278.90625,
        325286.71875,
        325236.6875,
        325183.5,
        325198.03125,
        325349.46875,
        325342.0625,
        325173.0,
        325318.03125,
        325170.4375,
        325077.3125,
        325323.3125,
        325193.53125,
        325325.5625,
        325119.4375,
        325072.21875,
        325175.03125,
        325135.15625,
        325210.6875,
        325233.625,
        325297.875,
        325207.40625,
        325188.5,
        325219.375,
        325171.40625,
        325201.9375,
        325375.15625,
        325188.09375,
        325215.0625,
        325199.90625,
        325217.6875,
        325173.3125,
        325162.84375,
        325228.5625,
        325228.0,
        325265.46875,
        325151.71875,
        325209.8125,
        325243.21875,
        325195.6875,
        325234.6875,
        325222.875,
        325220.84375,
        325205.0
    ]
}