{
    "sumGenWeights": -36072.66631773114,
    "nEvents": 180073,
    "sumLHEpdfWeights": [
        -36071.11328125,
        -36018.0625,
        -35995.328125,
        -36073.9609375,
        -36158.625,
        -35954.52734375,
        -36161.69140625,
        -36003.66796875,
        -36017.8984375,
        -36062.04296875,
        -36033.4453125,
        -36169.62890625,
        -36101.85546875,
        -36149.68359375,
        -36194.35546875,
        -36161.59375,
        -36177.984375,
        -36190.89453125,
        -35935.61328125,
        -35935.21875,
        -36070.5859375,
        -35977.1875,
        -36046.359375,
        -36130.44140625,
        -35921.19140625,
        -36077.5234375,
        -36029.12109375,
        -36058.55078125,
        -36034.82421875,
        -35915.30859375,
        -36063.0546875,
        -35918.203125,
        -36067.734375,
        -36025.84375,
        -35954.81640625,
        -36102.0625,
        -36160.09765625,
        -36004.00390625,
        -36064.03125,
        -36062.9765625,
        -36029.98046875,
        -36011.828125,
        -36126.2734375,
        -36063.53515625,
        -36089.5078125,
        -36053.55078125,
        -36002.8125,
        -36088.515625,
        -36072.296875,
        -36025.328125,
        -36047.79296875,
        -36061.76953125,
        -36124.45703125,
        -36072.31640625,
        -36054.48828125,
        -36009.9453125,
        -36052.4140625,
        -36095.99609375,
        -36105.9765625,
        -36080.15625,
        -36057.5078125,
        -36065.1953125,
        -36104.58984375,
        -36117.0,
        -36058.2265625,
        -36108.69140625,
        -36048.82421875,
        -36031.21875,
        -36115.953125,
        -36063.66796875,
        -36107.98828125,
        -36040.609375,
        -36031.0703125,
        -36073.1484375,
        -36039.80859375,
        -36067.41015625,
        -36078.60546875,
        -36097.6484375,
        -36083.3515625,
        -36061.26171875,
        -36072.9921875,
        -36055.9609375,
        -36074.65234375,
        -36126.49609375,
        -36061.828125,
        -36081.09375,
        -36067.734375,
        -36076.8359375,
        -36058.14453125,
        -36051.64453125,
        -36086.5546875,
        -36081.46875,
        -36100.30078125,
        -36050.0234375,
        -36075.91796875,
        -36094.078125,
        -36063.7734375,
        -36089.37109375,
        -36077.5078125,
        -36081.01171875,
        -36071.11328125
    ],
    "sumPSWeights": [
        -36073.9609375,
        -36066.4453125,
        -36074.9375,
        -36064.6328125
    ],
    "sumLHEscaleWeights": [
        -47566.6484375,
        -43358.953125,
        -39695.828125,
        -39581.203125,
        -36071.11328125,
        -33019.27734375,
        -33475.68359375,
        -30503.275390625,
        -27917.3359375
    ]
}