{
    "sumGenWeights": 415962.91350221634,
    "nEvents": 153795,
    "sumLHEpdfWeights": [
        153795.0,
        153786.921875,
        153464.1875,
        153841.515625,
        154171.015625,
        153738.546875,
        154187.265625,
        154087.484375,
        154245.46875,
        153678.90625,
        153740.265625,
        153489.375,
        154093.40625,
        153896.8125,
        154107.5,
        154042.71875,
        153831.859375,
        153836.828125,
        153731.09375,
        153790.921875,
        153618.34375,
        153722.625,
        153644.03125,
        153915.53125,
        153505.53125,
        153782.234375,
        153643.265625,
        153551.59375,
        153817.921875,
        153244.0625,
        153765.421875,
        153242.3125,
        153797.1875,
        153590.828125,
        153462.1875,
        153858.078125,
        154109.03125,
        153679.421875,
        153772.90625,
        153767.15625,
        153689.859375,
        153711.671875,
        153915.421875,
        153732.59375,
        153840.15625,
        153783.734375,
        153685.328125,
        153812.734375,
        153789.53125,
        153679.28125,
        153746.4375,
        153772.53125,
        153920.9375,
        153796.75,
        153776.796875,
        153710.5625,
        153758.84375,
        153838.078125,
        153839.984375,
        153814.5,
        153780.046875,
        153785.609375,
        153893.125,
        153857.34375,
        153784.0,
        153883.078125,
        153774.5625,
        153740.765625,
        153858.15625,
        153788.6875,
        153849.765625,
        153754.640625,
        153734.984375,
        153788.5,
        153757.859375,
        153791.5625,
        153805.09375,
        153861.5,
        153799.765625,
        153782.0,
        153801.609375,
        153774.375,
        153796.84375,
        153883.390625,
        153786.9375,
        153803.125,
        153788.25,
        153802.4375,
        153779.671875,
        153772.875,
        153810.46875,
        153807.203125,
        153830.90625,
        153764.25,
        153796.65625,
        153818.21875,
        153788.0625,
        153812.15625,
        153803.578125,
        153804.875,
        153795.0
    ]
}