{
    "nEvents": 314622,
    "sumGenWeights": 15750.954691804945,
    "sumSquaredGenWeights": 788.5565973974299,
    "sumLHEpdfWeights": [
        15750.873046875,
        15740.9169921875,
        15716.85546875,
        15751.8515625,
        15789.0517578125,
        15726.50390625,
        15790.35546875,
        15753.9228515625,
        15768.6552734375,
        15741.6455078125,
        15738.5703125,
        15749.41796875,
        15774.001953125,
        15773.6982421875,
        15793.708984375,
        15783.0078125,
        15774.248046875,
        15776.46484375,
        15719.298828125,
        15726.689453125,
        15739.17578125,
        15727.8857421875,
        15737.609375,
        15768.8896484375,
        15706.458984375,
        15749.87109375,
        15732.7431640625,
        15733.18359375,
        15746.359375,
        15688.8740234375,
        15748.3193359375,
        15689.13671875,
        15750.82421875,
        15730.1591796875,
        15709.158203125,
        15759.9365234375,
        15786.109375,
        15731.8095703125,
        15746.02734375,
        15747.490234375,
        15735.80859375,
        15735.265625,
        15768.4013671875,
        15744.60546875,
        15758.365234375,
        15747.1435546875,
        15732.9697265625,
        15754.0947265625,
        15749.302734375,
        15734.3974609375,
        15742.751953125,
        15747.0322265625,
        15769.0498046875,
        15749.98046875,
        15746.0595703125,
        15736.1318359375,
        15743.734375,
        15758.671875,
        15760.0185546875,
        15753.36328125,
        15747.18359375,
        15748.267578125,
        15763.3466796875,
        15763.2197265625,
        15749.017578125,
        15764.2705078125,
        15745.4609375,
        15741.8720703125,
        15763.0,
        15749.125,
        15760.58984375,
        15743.103515625,
        15740.2548828125,
        15752.296875,
        15742.3125,
        15748.6318359375,
        15751.6982421875,
        15760.150390625,
        15753.759765625,
        15747.3076171875,
        15752.1396484375,
        15745.9091796875,
        15752.515625,
        15766.3408203125,
        15748.9765625,
        15753.001953125,
        15748.6416015625,
        15753.12890625,
        15746.923828125,
        15745.455078125,
        15755.1298828125,
        15753.3056640625,
        15758.6943359375,
        15744.3994140625,
        15751.955078125,
        15756.7236328125,
        15748.115234375,
        15755.42578125,
        15751.7880859375,
        15753.8720703125,
        15750.873046875
    ],
    "sumPSWeights": [
        15748.3310546875,
        15758.9716796875,
        15753.888671875,
        15722.6796875
    ],
    "sumLHEscaleWeights": [
        20385.189453125,
        19133.47265625,
        17961.38671875,
        16784.2890625,
        15750.873046875,
        14783.943359375,
        14071.923828125,
        13203.677734375,
        12391.6669921875
    ]
}