{
    "sumGenWeights": 62284.0161318481,
    "nEvents": 310927,
    "sumLHEpdfWeights": [
        62287.8515625,
        62244.234375,
        62143.640625,
        62287.92578125,
        62431.45703125,
        62190.0546875,
        62437.92578125,
        62295.38671875,
        62355.2734375,
        62245.7890625,
        62236.296875,
        62278.66015625,
        62375.23046875,
        62373.0859375,
        62453.85546875,
        62408.85546875,
        62377.3984375,
        62385.453125,
        62162.50390625,
        62188.07421875,
        62237.26953125,
        62192.75,
        62230.87109375,
        62356.328125,
        62108.2734375,
        62280.0234375,
        62211.51171875,
        62214.26171875,
        62268.99609375,
        62039.203125,
        62276.28125,
        62044.58203125,
        62285.75,
        62195.49609375,
        62118.17578125,
        62324.9140625,
        62418.015625,
        62206.98046875,
        62263.875,
        62269.7890625,
        62221.4453125,
        62223.2421875,
        62353.19140625,
        62259.83984375,
        62316.2265625,
        62274.6796875,
        62212.55078125,
        62302.2578125,
        62281.9375,
        62215.828125,
        62252.390625,
        62271.5625,
        62357.4296875,
        62287.29296875,
        62270.4296875,
        62227.6171875,
        62258.3203125,
        62319.61328125,
        62325.265625,
        62298.015625,
        62274.421875,
        62276.96484375,
        62339.51953125,
        62335.109375,
        62280.52734375,
        62338.5234375,
        62265.75390625,
        62249.6328125,
        62332.94140625,
        62282.03125,
        62327.59765625,
        62256.125,
        62244.69921875,
        62289.37890625,
        62254.234375,
        62282.5,
        62292.3671875,
        62328.28125,
        62297.98046875,
        62274.21875,
        62293.5078125,
        62270.1328125,
        62293.62109375,
        62350.1484375,
        62280.7265625,
        62295.87890625,
        62281.30078125,
        62297.27734375,
        62273.625,
        62266.75,
        62304.33984375,
        62297.26953125,
        62318.2421875,
        62262.4609375,
        62292.1640625,
        62310.09765625,
        62278.3984375,
        62305.34375,
        62292.9140625,
        62299.5859375,
        62287.8515625
    ],
    "sumPSWeights": [
        62300.10546875,
        62285.609375,
        62265.48828125,
        62364.65234375
    ],
    "sumLHEscaleWeights": [
        80608.3984375,
        75659.171875,
        71024.875,
        66369.65625,
        62287.8515625,
        58460.73046875,
        55644.140625,
        52211.4453125,
        49000.515625
    ]
}