{
    "nEvents": 310927,
    "sumGenWeights": 62284.0161318481,
    "sumSquaredGenWeights": 12476.810159653425,
    "sumLHEpdfWeights": [
        62287.84765625,
        62244.234375,
        62143.64453125,
        62287.92578125,
        62431.4609375,
        62190.0546875,
        62437.92578125,
        62295.3828125,
        62355.27734375,
        62245.78125,
        62236.296875,
        62278.6640625,
        62375.23046875,
        62373.078125,
        62453.85546875,
        62408.8515625,
        62377.3984375,
        62385.453125,
        62162.50390625,
        62188.0703125,
        62237.26953125,
        62192.75,
        62230.87109375,
        62356.328125,
        62108.2734375,
        62280.01953125,
        62211.5078125,
        62214.265625,
        62268.9921875,
        62039.203125,
        62276.28125,
        62044.5859375,
        62285.75,
        62195.4921875,
        62118.171875,
        62324.91015625,
        62418.0078125,
        62206.98046875,
        62263.87890625,
        62269.79296875,
        62221.44921875,
        62223.24609375,
        62353.1953125,
        62259.83984375,
        62316.2265625,
        62274.6796875,
        62212.55078125,
        62302.265625,
        62281.94140625,
        62215.828125,
        62252.38671875,
        62271.5625,
        62357.4296875,
        62287.29296875,
        62270.4296875,
        62227.6171875,
        62258.3203125,
        62319.609375,
        62325.26171875,
        62298.01171875,
        62274.421875,
        62276.9609375,
        62339.51953125,
        62335.109375,
        62280.5234375,
        62338.5234375,
        62265.75,
        62249.6328125,
        62332.94140625,
        62282.03125,
        62327.59765625,
        62256.12109375,
        62244.703125,
        62289.3828125,
        62254.23828125,
        62282.50390625,
        62292.3671875,
        62328.28515625,
        62297.984375,
        62274.21484375,
        62293.5078125,
        62270.1328125,
        62293.625,
        62350.1484375,
        62280.7265625,
        62295.87890625,
        62281.296875,
        62297.27734375,
        62273.62890625,
        62266.74609375,
        62304.3359375,
        62297.265625,
        62318.2421875,
        62262.45703125,
        62292.16796875,
        62310.1015625,
        62278.3984375,
        62305.34375,
        62292.9140625,
        62299.58984375,
        62287.84765625
    ],
    "sumPSWeights": [
        62300.10546875,
        62285.60546875,
        62265.4921875,
        62364.65234375
    ],
    "sumLHEscaleWeights": [
        80608.40625,
        75659.1640625,
        71024.875,
        66369.6640625,
        62287.84765625,
        58460.73046875,
        55644.140625,
        52211.4453125,
        49000.515625
    ]
}