{
    "nEvents": 182378,
    "sumGenWeights": -9130.706026665866,
    "sumSquaredGenWeights": 457.13494441774674,
    "sumLHEpdfWeights": [
        -9130.140625,
        -9117.021484375,
        -9110.931640625,
        -9130.8564453125,
        -9152.28515625,
        -9101.6875,
        -9153.349609375,
        -9112.6982421875,
        -9116.9658203125,
        -9127.9921875,
        -9120.69140625,
        -9155.296875,
        -9138.048828125,
        -9149.8427734375,
        -9162.13671875,
        -9153.03515625,
        -9157.3232421875,
        -9160.3046875,
        -9096.79296875,
        -9095.91796875,
        -9129.8037109375,
        -9106.453125,
        -9123.7900390625,
        -9145.5478515625,
        -9092.654296875,
        -9131.44921875,
        -9120.2841796875,
        -9127.396484375,
        -9121.2548828125,
        -9089.9384765625,
        -9128.939453125,
        -9091.7021484375,
        -9129.55078125,
        -9119.314453125,
        -9101.00390625,
        -9138.8349609375,
        -9151.68359375,
        -9112.1630859375,
        -9128.6025390625,
        -9127.048828125,
        -9119.2470703125,
        -9115.693359375,
        -9143.3232421875,
        -9127.251953125,
        -9134.298828125,
        -9126.1591796875,
        -9112.2255859375,
        -9135.001953125,
        -9130.74609375,
        -9118.779296875,
        -9124.796875,
        -9128.24609375,
        -9143.6904296875,
        -9131.1298828125,
        -9126.08203125,
        -9114.63671875,
        -9125.8173828125,
        -9136.8583984375,
        -9139.37109375,
        -9132.294921875,
        -9127.181640625,
        -9128.3125,
        -9139.46484375,
        -9142.255859375,
        -9127.1044921875,
        -9139.64453125,
        -9124.4833984375,
        -9120.1796875,
        -9141.06640625,
        -9128.5673828125,
        -9140.1533203125,
        -9122.4755859375,
        -9119.9599609375,
        -9130.29296875,
        -9122.5458984375,
        -9129.4638671875,
        -9132.220703125,
        -9136.462890625,
        -9133.21875,
        -9127.83984375,
        -9130.970703125,
        -9126.775390625,
        -9131.01171875,
        -9144.36328125,
        -9128.01953125,
        -9132.6357421875,
        -9129.6103515625,
        -9131.9365234375,
        -9127.087890625,
        -9125.3125,
        -9134.2109375,
        -9132.8125,
        -9137.40625,
        -9124.8408203125,
        -9131.4892578125,
        -9135.8154296875,
        -9128.46875,
        -9134.892578125,
        -9131.94140625,
        -9132.7578125,
        -9130.140625
    ],
    "sumPSWeights": [
        -9130.482421875,
        -9120.384765625,
        -9130.845703125,
        -9143.02734375
    ],
    "sumLHEscaleWeights": [
        -12039.7802734375,
        -10974.8955078125,
        -10047.630859375,
        -10018.7421875,
        -9130.140625,
        -8357.837890625,
        -8473.46875,
        -7720.955078125,
        -7066.533203125
    ]
}