{
    "nEvents": 488000,
    "sumGenWeights": 5537.758882157505,
    "sumSquaredGenWeights": 62.84327313187532,
    "sumLHEpdfWeights": [
        5537.37841796875,
        5528.09326171875,
        5526.076171875,
        5538.09912109375,
        5550.78369140625,
        5517.27880859375,
        5551.87109375,
        5523.2607421875,
        5524.51806640625,
        5536.6982421875,
        5531.4423828125,
        5557.7763671875,
        5540.48974609375,
        5550.67431640625,
        5558.47021484375,
        5552.435546875,
        5557.15966796875,
        5558.7265625,
        5513.01904296875,
        5511.9814453125,
        5538.87939453125,
        5520.63623046875,
        5533.423828125,
        5547.94482421875,
        5511.0966796875,
        5538.7470703125,
        5531.7978515625,
        5537.4755859375,
        5530.08349609375,
        5512.453125,
        5536.1748046875,
        5512.6865234375,
        5536.974609375,
        5531.3857421875,
        5519.09375,
        5542.615234375,
        5551.234375,
        5525.3671875,
        5537.0146484375,
        5535.33984375,
        5530.83984375,
        5527.75830078125,
        5546.30078125,
        5535.6162109375,
        5538.71484375,
        5533.90234375,
        5525.01220703125,
        5540.619140625,
        5538.0263671875,
        5530.33642578125,
        5534.12060546875,
        5536.1943359375,
        5546.6123046875,
        5537.7841796875,
        5534.03515625,
        5526.150390625,
        5534.8017578125,
        5541.02392578125,
        5543.1865234375,
        5538.31591796875,
        5535.0830078125,
        5536.28515625,
        5542.34814453125,
        5545.3232421875,
        5534.82763671875,
        5542.42236328125,
        5533.5869140625,
        5529.98291015625,
        5544.20751953125,
        5535.82177734375,
        5544.20751953125,
        5531.751953125,
        5529.78271484375,
        5536.5712890625,
        5532.2509765625,
        5536.5751953125,
        5538.5908203125,
        5540.77734375,
        5538.67333984375,
        5535.60791015625,
        5537.8349609375,
        5534.81494140625,
        5537.751953125,
        5546.72216796875,
        5535.4130859375,
        5538.7978515625,
        5536.59375,
        5538.36572265625,
        5534.7001953125,
        5533.74609375,
        5539.3720703125,
        5539.1279296875,
        5541.70263671875,
        5533.615234375,
        5538.3125,
        5540.53369140625,
        5535.7158203125,
        5539.93798828125,
        5538.36328125,
        5538.88232421875,
        5537.37841796875
    ],
    "sumPSWeights": [
        5538.02099609375,
        5532.80517578125,
        5537.41796875,
        5542.251953125
    ],
    "sumLHEscaleWeights": [
        7356.5576171875,
        6627.44384765625,
        6004.61328125,
        6147.0244140625,
        5537.37841796875,
        5016.79931640625,
        5216.0302734375,
        4699.150390625,
        4257.22119140625
    ]
}