{
    "nEvents": 325205,
    "sumGenWeights": -879578.9065470695,
    "sumSquaredGenWeights": 2379037.682302475,
    "sumLHEpdfWeights": [
        -879575.5,
        -879442.75,
        -877619.5,
        -879762.125,
        -881630.125,
        -879077.8125,
        -881721.5,
        -880830.25,
        -881866.5625,
        -878957.25,
        -879069.375,
        -878153.875,
        -881133.875,
        -880346.25,
        -881490.625,
        -881012.25,
        -880087.0,
        -880092.5625,
        -878909.6875,
        -879303.625,
        -878628.25,
        -878993.125,
        -878741.8125,
        -880336.3125,
        -877721.875,
        -879429.75,
        -878690.875,
        -878285.4375,
        -879680.375,
        -876345.875,
        -879421.6875,
        -876380.5,
        -879687.5,
        -878474.375,
        -877601.5,
        -880013.375,
        -881282.625,
        -878726.6875,
        -879352.0625,
        -879386.1875,
        -878843.375,
        -879028.0625,
        -880354.75,
        -879142.75,
        -880006.875,
        -879516.0,
        -878902.5625,
        -879641.75,
        -879409.875,
        -878798.375,
        -879172.5,
        -879370.375,
        -880469.125,
        -879477.625,
        -879361.8125,
        -879084.125,
        -879231.9375,
        -879991.375,
        -879998.875,
        -879700.75,
        -879463.625,
        -879378.125,
        -880327.5,
        -880122.9375,
        -879616.9375,
        -880303.0,
        -879390.25,
        -879296.875,
        -880079.5,
        -879554.125,
        -880047.875,
        -879290.0,
        -879141.25,
        -879658.875,
        -879202.3125,
        -879413.625,
        -879529.125,
        -880113.25,
        -879721.0625,
        -879343.625,
        -879705.75,
        -879314.625,
        -879703.8125,
        -880267.25,
        -879556.125,
        -879658.375,
        -879395.5,
        -879743.0625,
        -879391.375,
        -879300.5,
        -879811.25,
        -879679.875,
        -879946.5,
        -879244.875,
        -879617.125,
        -879847.625,
        -879381.5,
        -879805.9375,
        -879621.0,
        -879762.25,
        -879575.5
    ],
    "sumPSWeights": [
        -879586.6875,
        -879340.4375,
        -879591.5,
        -881338.875
    ],
    "sumLHEscaleWeights": [
        -1123540.5,
        -1076371.75,
        -1027799.25,
        -918183.875,
        -879575.5,
        -839875.375,
        -765084.4375,
        -732890.125,
        -699787.6875
    ]
}