{
    "sumGenWeights": 62284.0161318481,
    "nEvents": 310927,
    "sumLHEpdfWeights": [
        310927.0,
        310752.75,
        310199.5625,
        310938.5,
        311676.1875,
        310448.09375,
        311719.84375,
        310953.71875,
        311261.375,
        310775.0,
        310753.15625,
        310903.375,
        311375.8125,
        311373.875,
        311794.25,
        311574.6875,
        311361.125,
        311398.8125,
        310325.25,
        310452.53125,
        310678.8125,
        310481.78125,
        310668.3125,
        311304.3125,
        310091.3125,
        310931.71875,
        310643.125,
        310545.40625,
        310772.59375,
        309702.5,
        310852.875,
        309734.0,
        310925.5625,
        310606.1875,
        310114.09375,
        311074.84375,
        311666.28125,
        310573.875,
        310927.125,
        310884.75,
        310718.15625,
        310658.3125,
        311192.65625,
        310839.90625,
        310967.03125,
        310855.6875,
        310589.09375,
        310996.125,
        310960.8125,
        310691.875,
        310851.875,
        310907.8125,
        311198.78125,
        310947.84375,
        310878.03125,
        310641.5625,
        310884.59375,
        311001.5,
        311035.96875,
        310970.6875,
        310891.5625,
        310930.78125,
        311073.75,
        311112.21875,
        310871.3125,
        311070.25,
        310877.5625,
        310738.5625,
        311098.625,
        310908.0,
        311085.59375,
        310804.75,
        310744.5,
        310886.375,
        310821.3125,
        310938.90625,
        310973.90625,
        311009.53125,
        310932.21875,
        310910.5625,
        310938.46875,
        310879.53125,
        310921.90625,
        311154.0,
        310900.5,
        310942.96875,
        310926.59375,
        310939.875,
        310884.1875,
        310869.875,
        310949.8125,
        310959.9375,
        311004.875,
        310857.5625,
        310933.6875,
        310978.25,
        310918.9375,
        310964.375,
        310952.15625,
        310944.71875,
        310927.0
    ]
}