{
    "sumGenWeights": 22709.24362167716,
    "nEvents": 500000,
    "sumLHEpdfWeights": [
        500000.0,
        499342.28125,
        499315.6875,
        500021.5625,
        500779.75,
        498187.5625,
        500857.84375,
        498931.0,
        498986.875,
        499727.25,
        499660.28125,
        501924.375,
        500178.71875,
        500848.34375,
        501524.75,
        501114.8125,
        501403.3125,
        501935.46875,
        497527.1875,
        497746.1875,
        500042.4375,
        498544.8125,
        499613.8125,
        500798.09375,
        497488.5625,
        499990.8125,
        499582.6875,
        499989.15625,
        499173.8125,
        497603.125,
        499537.25,
        497516.65625,
        500116.59375,
        499815.53125,
        498262.40625,
        500222.1875,
        500859.625,
        499062.875,
        500241.125,
        499960.875,
        499746.625,
        499398.78125,
        500342.75,
        499826.625,
        499833.8125,
        499733.15625,
        499041.78125,
        500173.21875,
        500177.3125,
        499634.5,
        499972.0,
        500086.90625,
        500389.5,
        500076.1875,
        499850.53125,
        499140.0625,
        499953.375,
        500180.0625,
        500221.8125,
        500043.875,
        499929.5625,
        500070.84375,
        500169.90625,
        500569.5625,
        499806.375,
        500150.0625,
        499894.59375,
        499454.25,
        500390.6875,
        499954.78125,
        500449.75,
        499671.84375,
        499465.125,
        499847.0625,
        499731.40625,
        500059.5,
        500160.25,
        500056.875,
        499995.375,
        499982.15625,
        500034.3125,
        499898.28125,
        499974.9375,
        500562.0625,
        499927.15625,
        500017.125,
        500019.625,
        500026.0,
        499879.53125,
        499855.125,
        500038.6875,
        500077.6875,
        500161.8125,
        499851.625,
        500021.46875,
        500102.8125,
        499991.25,
        500082.0,
        500071.1875,
        500039.90625,
        500000.0
    ]
}