{
    "sumGenWeights": -36072.66631773114,
    "nEvents": 180073,
    "sumLHEpdfWeights": [
        180073.0,
        179805.78125,
        179665.4375,
        180082.390625,
        180510.59375,
        179474.421875,
        180532.875,
        179725.15625,
        179792.765625,
        180022.34375,
        179900.21875,
        180558.453125,
        180218.96875,
        180447.109375,
        180695.296875,
        180516.578125,
        180609.71875,
        180667.09375,
        179392.46875,
        179387.96875,
        180059.8125,
        179602.6875,
        179938.109375,
        180364.90625,
        179314.578125,
        180101.875,
        179849.65625,
        180003.59375,
        179874.0625,
        179282.4375,
        180044.09375,
        179297.734375,
        180027.125,
        179805.8125,
        179478.1875,
        180222.921875,
        180498.09375,
        179744.34375,
        180021.46875,
        180041.875,
        179852.1875,
        179758.359375,
        180351.6875,
        180038.09375,
        180154.421875,
        179985.796875,
        179731.03125,
        180144.53125,
        180103.15625,
        179821.125,
        179958.203125,
        180049.015625,
        180341.203125,
        180085.65625,
        180016.78125,
        179771.609375,
        179986.515625,
        180139.5625,
        180213.234375,
        180123.265625,
        180017.546875,
        180072.234375,
        180224.40625,
        180258.71875,
        180005.21875,
        180278.34375,
        179989.734375,
        179876.171875,
        180266.015625,
        180049.859375,
        180228.578125,
        179935.984375,
        179888.546875,
        180044.28125,
        179939.515625,
        180080.0,
        180122.453125,
        180148.625,
        180090.234375,
        180051.703125,
        180075.84375,
        180012.90625,
        180072.671875,
        180314.3125,
        180038.90625,
        180102.46875,
        180073.703125,
        180084.65625,
        180025.5,
        180001.171875,
        180100.671875,
        180112.6875,
        180173.65625,
        179989.328125,
        180080.9375,
        180139.609375,
        180062.21875,
        180120.546875,
        180101.34375,
        180092.25,
        180073.0
    ]
}