{
    "sumGenWeights": -9130.706026665866,
    "nEvents": 182378,
    "sumLHEpdfWeights": [
        -9130.140625,
        -9117.0224609375,
        -9110.931640625,
        -9130.857421875,
        -9152.28515625,
        -9101.6884765625,
        -9153.3505859375,
        -9112.69921875,
        -9116.9658203125,
        -9127.9921875,
        -9120.69140625,
        -9155.296875,
        -9138.048828125,
        -9149.841796875,
        -9162.13671875,
        -9153.03515625,
        -9157.322265625,
        -9160.3046875,
        -9096.79296875,
        -9095.9169921875,
        -9129.8037109375,
        -9106.453125,
        -9123.791015625,
        -9145.5478515625,
        -9092.654296875,
        -9131.44921875,
        -9120.2841796875,
        -9127.396484375,
        -9121.2548828125,
        -9089.9384765625,
        -9128.9384765625,
        -9091.703125,
        -9129.5498046875,
        -9119.314453125,
        -9101.00390625,
        -9138.8349609375,
        -9151.68359375,
        -9112.1630859375,
        -9128.6015625,
        -9127.048828125,
        -9119.2470703125,
        -9115.693359375,
        -9143.3232421875,
        -9127.251953125,
        -9134.298828125,
        -9126.1591796875,
        -9112.2255859375,
        -9135.001953125,
        -9130.7451171875,
        -9118.779296875,
        -9124.7978515625,
        -9128.24609375,
        -9143.6904296875,
        -9131.1298828125,
        -9126.08203125,
        -9114.63671875,
        -9125.818359375,
        -9136.8583984375,
        -9139.37109375,
        -9132.2939453125,
        -9127.181640625,
        -9128.3125,
        -9139.46484375,
        -9142.255859375,
        -9127.103515625,
        -9139.64453125,
        -9124.4833984375,
        -9120.1796875,
        -9141.06640625,
        -9128.5673828125,
        -9140.15234375,
        -9122.4755859375,
        -9119.9599609375,
        -9130.2939453125,
        -9122.544921875,
        -9129.46484375,
        -9132.2216796875,
        -9136.4638671875,
        -9133.21875,
        -9127.83984375,
        -9130.970703125,
        -9126.775390625,
        -9131.01171875,
        -9144.36328125,
        -9128.01953125,
        -9132.6357421875,
        -9129.6103515625,
        -9131.935546875,
        -9127.087890625,
        -9125.3125,
        -9134.2099609375,
        -9132.8125,
        -9137.4052734375,
        -9124.841796875,
        -9131.4892578125,
        -9135.8154296875,
        -9128.46875,
        -9134.892578125,
        -9131.94140625,
        -9132.7587890625,
        -9130.140625
    ],
    "sumPSWeights": [
        -9130.482421875,
        -9120.3837890625,
        -9130.845703125,
        -9143.0263671875
    ],
    "sumLHEscaleWeights": [
        -12039.779296875,
        -10974.8955078125,
        -10047.6318359375,
        -10018.7421875,
        -9130.140625,
        -8357.8369140625,
        -8473.4677734375,
        -7720.955078125,
        -7066.533203125
    ]
}