{
    "nEvents": 153795,
    "sumGenWeights": 415962.91350221634,
    "sumSquaredGenWeights": 1125060.519449234,
    "sumLHEpdfWeights": [
        415967.3125,
        415945.03125,
        415056.875,
        416086.65625,
        416974.03125,
        415816.6875,
        417024.09375,
        416744.3125,
        417190.96875,
        415642.375,
        415744.0625,
        415135.6875,
        416755.25,
        416257.71875,
        416785.40625,
        416625.4375,
        416074.9375,
        416071.71875,
        415780.65625,
        415954.125,
        415502.0,
        415775.375,
        415557.9375,
        416289.25,
        415152.8125,
        415890.0625,
        415530.5,
        415341.0625,
        416041.40625,
        414505.28125,
        415868.0,
        414504.9375,
        416024.15625,
        415415.40625,
        415057.0,
        416149.75,
        416808.15625,
        415614.0,
        415849.5625,
        415885.0625,
        415617.75,
        415733.71875,
        416333.9375,
        415753.125,
        416176.3125,
        415952.5625,
        415687.0,
        415989.3125,
        415868.21875,
        415594.125,
        415766.15625,
        415865.78125,
        416368.0,
        415925.65625,
        415874.78125,
        415769.5625,
        415792.3125,
        416171.75,
        416143.15625,
        416035.25,
        415911.34375,
        415885.875,
        416303.75,
        416205.71875,
        415995.25,
        416291.375,
        415890.4375,
        415858.0,
        416195.25,
        415957.1875,
        416160.125,
        415850.53125,
        415782.0,
        416019.90625,
        415809.53125,
        415896.71875,
        415952.5,
        416218.0,
        416025.875,
        415865.5,
        416018.9375,
        415862.25,
        416023.5625,
        416277.9375,
        415958.1875,
        415995.9375,
        415895.90625,
        416034.71875,
        415889.625,
        415859.8125,
        416078.5,
        416009.25,
        416133.03125,
        415826.65625,
        415972.5,
        416086.5625,
        415896.5,
        416063.5,
        415978.0,
        416046.6875,
        415967.3125
    ],
    "sumPSWeights": [
        415935.875,
        415644.71875,
        416024.125,
        416332.21875
    ],
    "sumLHEscaleWeights": [
        528889.75,
        510350.25,
        490287.15625,
        431086.6875,
        415967.3125,
        399602.6875,
        358437.5,
        345852.5625,
        332244.90625
    ]
}