{
    "sumGenWeights": 5537.758882157505,
    "nEvents": 488000,
    "sumLHEpdfWeights": [
        488000.0,
        487362.5625,
        487302.78125,
        488022.75,
        488753.5,
        486245.78125,
        488862.9375,
        486978.625,
        487016.59375,
        487747.46875,
        487659.875,
        489882.28125,
        488159.28125,
        488810.8125,
        489458.8125,
        489093.78125,
        489362.3125,
        489903.3125,
        485578.25,
        485799.6875,
        488044.1875,
        486578.71875,
        487605.4375,
        488777.5,
        485510.5625,
        487990.53125,
        487596.40625,
        487982.40625,
        487211.5,
        485661.75,
        487550.875,
        485544.90625,
        488107.3125,
        487789.8125,
        486317.0,
        488226.0625,
        488836.3125,
        487088.4375,
        488207.8125,
        487957.4375,
        487730.75,
        487405.25,
        488348.0625,
        487837.625,
        487862.4375,
        487740.03125,
        487055.5,
        488166.0625,
        488170.75,
        487624.4375,
        487945.21875,
        488069.8125,
        488396.0625,
        488071.15625,
        487848.625,
        487155.625,
        487938.9375,
        488180.125,
        488238.28125,
        488048.625,
        487929.1875,
        488055.125,
        488189.40625,
        488562.5625,
        487807.8125,
        488170.40625,
        487881.90625,
        487459.84375,
        488388.625,
        487957.34375,
        488449.125,
        487671.125,
        487470.09375,
        487849.375,
        487730.1875,
        488058.3125,
        488153.3125,
        488077.125,
        487995.375,
        487980.75,
        488035.46875,
        487898.1875,
        487978.03125,
        488564.375,
        487925.5,
        488020.25,
        488016.75,
        488027.625,
        487878.09375,
        487847.9375,
        488046.375,
        488079.15625,
        488169.6875,
        487844.8125,
        488022.125,
        488110.65625,
        487987.875,
        488086.8125,
        488072.90625,
        488040.9375,
        488000.0
    ]
}