{
    "nEvents": 9230748,
    "sumGenWeights": 9232265.85064435,
    "sumSquaredGenWeights": 9233887.485757709,
    "sumPSWeights": [
        9232265.0
    ]
}