{
    "nEvents": 45269532,
    "sumGenWeights": 45275002.08129048,
    "sumSquaredGenWeights": 45280832.28381324,
    "sumPSWeights": [
        45275000.0
    ]
}