{
    "nEvents": 19957999,
    "sumGenWeights": 70868665.363379,
    "sumSquaredGenWeights": 593749991.4597416,
    "sumLHEpdfWeights": [
        70906016.0,
        35460176.0,
        35415628.0,
        35390592.0,
        35477836.0,
        35404232.0,
        35429444.0,
        35407160.0,
        35346076.0,
        35511856.0,
        35366648.0,
        35449048.0,
        35437892.0,
        35511380.0,
        35436664.0,
        35594612.0,
        35389876.0,
        35426712.0,
        35342936.0,
        35445896.0,
        35512696.0,
        35381572.0,
        35506964.0,
        35369624.0,
        35395472.0,
        35397688.0,
        35414260.0,
        35565196.0,
        35479244.0,
        35533132.0,
        35460188.0,
        35583852.0,
        35425780.0,
        35468844.0,
        35485468.0,
        35400912.0,
        35361272.0,
        35489712.0,
        35471656.0,
        35397608.0,
        35442384.0,
        35463420.0,
        35379704.0,
        35406920.0,
        35397692.0,
        35434188.0,
        35415900.0,
        35421468.0,
        35447572.0,
        35399488.0,
        35412008.0,
        35448792.0,
        35433020.0,
        35432128.0,
        35436040.0,
        35471812.0,
        35459132.0,
        35439896.0,
        35447808.0,
        35466584.0,
        35444560.0,
        35443144.0,
        35439496.0,
        35431424.0,
        35461840.0,
        35434888.0,
        35465816.0,
        35465392.0,
        35423120.0,
        35433080.0,
        35428736.0,
        35451724.0,
        35442980.0,
        35442120.0,
        35441416.0,
        35425396.0,
        35426128.0,
        35448284.0,
        35436516.0,
        35412968.0,
        35433784.0,
        35430112.0,
        35447024.0,
        35419888.0,
        35451536.0,
        35430808.0,
        35428176.0,
        35440148.0,
        35443796.0,
        35450296.0,
        35433656.0,
        35447348.0,
        35434328.0,
        35440904.0,
        35424592.0,
        35432448.0,
        35439268.0,
        35437440.0,
        35441312.0,
        35441872.0,
        35453004.0
    ],
    "sumPSWeights": [
        70868224.0,
        70879664.0,
        70865512.0,
        70839096.0
    ],
    "sumLHEscaleWeights": [
        35965496.0,
        36407544.0,
        36772568.0,
        34942456.0,
        70906016.0,
        35839320.0,
        34108596.0,
        34644192.0,
        35078680.0
    ]
}