{
    "nEvents": 11695231,
    "sumGenWeights": 380184020.63990784,
    "sumSquaredGenWeights": 12360083182.214355,
    "sumLHEpdfWeights": [
        -24692740.0,
        -24287968.0,
        -24475162.0,
        -24856068.0,
        -24802428.0,
        -24900500.0,
        -25007916.0,
        -24546888.0,
        -24439594.0,
        -24925988.0,
        -25074400.0,
        -25079196.0,
        -24337678.0,
        -24549786.0,
        -24340200.0,
        -25177334.0,
        -25186332.0,
        -25234216.0,
        -24632924.0,
        -24532760.0,
        -24845712.0,
        -24025024.0,
        -24448812.0,
        -24456264.0,
        -24365148.0,
        -24330048.0,
        -24775148.0,
        -24463186.0,
        -24319840.0,
        -25075206.0,
        -25089572.0,
        -24650072.0,
        -24799464.0,
        -24468718.0,
        -24387100.0,
        -25216028.0,
        -24553936.0,
        -24923536.0,
        -24724534.0,
        -24458696.0,
        -24656868.0,
        -24761642.0,
        -24188308.0,
        -24666616.0,
        -24363916.0,
        -24814986.0,
        -24851696.0,
        -24070822.0,
        -24176592.0,
        -24745300.0,
        -25089108.0,
        -24367704.0,
        -24342132.0,
        -24672636.0,
        -24406940.0,
        -24396024.0,
        -24473016.0,
        -24550840.0,
        -24292320.0,
        -25423220.0,
        -24725640.0,
        -24601670.0,
        -24531578.0,
        -24530586.0,
        -24555838.0,
        -24603472.0,
        -24740184.0,
        -24113594.0,
        -24991236.0,
        -24537464.0,
        -24115576.0,
        -25226240.0,
        -24959248.0,
        -24975284.0,
        -25241692.0,
        -25024440.0,
        -25275502.0,
        -24570182.0,
        -24803236.0,
        -24798016.0,
        -24491328.0,
        -24124978.0,
        -25186332.0,
        -24527496.0,
        -24802000.0,
        -25121026.0,
        -23938108.0,
        -24880716.0,
        -24911726.0,
        -25356540.0,
        -24378352.0,
        -24431078.0,
        -25180440.0,
        -24966888.0,
        -24738836.0,
        -24485452.0,
        -24420868.0,
        -24292348.0,
        -25078572.0,
        -24715794.0,
        -24800712.0
    ],
    "sumPSWeights": [
        380164352.0,
        380185856.0,
        380211232.0,
        380130944.0
    ],
    "sumLHEscaleWeights": [
        390762240.0,
        398537216.0,
        407820224.0,
        369578112.0,
        380087456.0,
        390620672.0,
        349763584.0,
        362140864.0,
        373230336.0
    ]
}