{
    "nEvents": 11518444,
    "sumGenWeights": 373722809.3399048,
    "sumSquaredGenWeights": 12126931957.01709,
    "sumLHEpdfWeights": [
        -24048926.0,
        -23794346.0,
        -23860428.0,
        -24249632.0,
        -24220666.0,
        -24203800.0,
        -24302980.0,
        -23775196.0,
        -23787352.0,
        -24360368.0,
        -24308428.0,
        -24521380.0,
        -23719316.0,
        -23840036.0,
        -23736980.0,
        -24467196.0,
        -24492448.0,
        -24515404.0,
        -23953128.0,
        -23737420.0,
        -24092484.0,
        -23391012.0,
        -23808856.0,
        -23792358.0,
        -23709970.0,
        -23586720.0,
        -24172122.0,
        -23866684.0,
        -23668248.0,
        -24432872.0,
        -24319584.0,
        -24119712.0,
        -24154416.0,
        -23793248.0,
        -23811658.0,
        -24610976.0,
        -23940154.0,
        -24207096.0,
        -24031568.0,
        -23724374.0,
        -23913368.0,
        -24218106.0,
        -23541860.0,
        -24011426.0,
        -23579790.0,
        -24156274.0,
        -24202658.0,
        -23434988.0,
        -23703296.0,
        -24308806.0,
        -24374616.0,
        -23888204.0,
        -23618228.0,
        -23985114.0,
        -23818492.0,
        -23767930.0,
        -23868416.0,
        -23881536.0,
        -23587958.0,
        -24661796.0,
        -24213368.0,
        -23962470.0,
        -24009268.0,
        -23761304.0,
        -24022774.0,
        -23909672.0,
        -24135744.0,
        -23375422.0,
        -24475468.0,
        -23831018.0,
        -23466180.0,
        -24534084.0,
        -24450892.0,
        -24455646.0,
        -24504952.0,
        -24313052.0,
        -24599844.0,
        -23900608.0,
        -24085780.0,
        -24195812.0,
        -23753264.0,
        -23458102.0,
        -24492448.0,
        -23689416.0,
        -24166664.0,
        -24416532.0,
        -23351212.0,
        -24367836.0,
        -24048592.0,
        -24766932.0,
        -23656276.0,
        -23774236.0,
        -24552804.0,
        -24366840.0,
        -24140080.0,
        -23870620.0,
        -23764444.0,
        -23696140.0,
        -24356404.0,
        -24091904.0,
        -24250398.0
    ],
    "sumPSWeights": [
        373718848.0,
        373686592.0,
        373736832.0,
        373848544.0
    ],
    "sumLHEscaleWeights": [
        384172928.0,
        391777184.0,
        400852384.0,
        363338880.0,
        374112320.0,
        383954400.0,
        343852864.0,
        355939040.0,
        366869632.0
    ]
}