{
    "nEvents": 59976000,
    "sumGenWeights": 4324927035.065674,
    "sumSquaredGenWeights": 316975766378.90625,
    "sumLHEpdfWeights": [
        4321285120.0,
        4318117888.0,
        4330089472.0,
        4326078976.0,
        4338242560.0,
        4319776768.0,
        4314350592.0,
        4317527552.0,
        4314833408.0,
        4335411712.0,
        4319098368.0,
        4314708992.0,
        4325751296.0,
        4318728704.0,
        4328357888.0,
        4326795264.0,
        4330924544.0,
        4319663104.0,
        4323074560.0,
        4323733504.0,
        4327227904.0,
        4326165504.0,
        4325462016.0,
        4331122688.0,
        4316585984.0,
        4327620608.0,
        4331914240.0,
        4316602368.0,
        4317105664.0,
        4346153472.0,
        4324924416.0,
        4328347648.0,
        4326836224.0,
        4327237120.0,
        4329549312.0,
        4322751488.0,
        4321984512.0,
        4329223168.0,
        4323117568.0,
        4321158144.0,
        4323863040.0,
        4321654784.0,
        4316899328.0,
        4324448256.0,
        4330603520.0,
        4321133568.0,
        4332248576.0,
        4331571712.0,
        4318726144.0,
        4320607232.0,
        4326207488.0,
        4329799168.0,
        4320686080.0,
        4323517952.0,
        4324403200.0,
        4323410944.0,
        4321898496.0,
        4322865152.0,
        4322130432.0,
        4320793600.0,
        4321993216.0,
        4320541696.0,
        4321495040.0,
        4322206720.0,
        4321207808.0,
        4323855872.0,
        4323441664.0,
        4321221120.0,
        4322710016.0,
        4323450880.0,
        4318718976.0,
        4319796736.0,
        4322163200.0,
        4320196608.0,
        4319737856.0,
        4319992832.0,
        4323868672.0,
        4317726720.0,
        4323022336.0,
        4322916864.0,
        4323483136.0,
        4322665472.0,
        4323819008.0,
        4322138112.0,
        4320798720.0,
        4322821632.0,
        4322678272.0,
        4319760896.0,
        4321996288.0,
        4320830464.0,
        4322696704.0,
        4321168384.0,
        4321162752.0,
        4323300352.0,
        4321143808.0,
        4323043328.0,
        4320069120.0,
        4325914624.0,
        4320299008.0,
        4321987584.0,
        4321580544.0,
        4206464000.0,
        4449097728.0
    ],
    "sumPSWeights": [
        4324857344.0,
        4324548096.0,
        4324741120.0,
        4325918720.0
    ],
    "sumLHEscaleWeights": [
        4871437312.0,
        4786947584.0,
        4732440064.0,
        4431224832.0,
        4321285120.0,
        4243173888.0,
        4010075648.0,
        3895080448.0,
        3800679936.0
    ]
}