{
    "nEvents": 59722000,
    "sumGenWeights": 3970156142.822235,
    "sumSquaredGenWeights": 268174496522.46094,
    "sumLHEpdfWeights": [
        3969573632.0,
        3968589824.0,
        3971676160.0,
        3970488832.0,
        3977810688.0,
        3968848128.0,
        3962691584.0,
        3964992768.0,
        3961881088.0,
        3975030784.0,
        3967668992.0,
        3962913536.0,
        3969957120.0,
        3964804608.0,
        3974115072.0,
        3971623424.0,
        3973622784.0,
        3968446464.0,
        3969232896.0,
        3969808896.0,
        3973219328.0,
        3971278080.0,
        3970152960.0,
        3972065280.0,
        3966305792.0,
        3972669696.0,
        3975639040.0,
        3966511104.0,
        3965398528.0,
        3988603136.0,
        3969574912.0,
        3971701248.0,
        3973018880.0,
        3971639296.0,
        3972090112.0,
        3970964224.0,
        3969392640.0,
        3971530240.0,
        3971249664.0,
        3969200640.0,
        3971348480.0,
        3969710848.0,
        3965088768.0,
        3969543680.0,
        3971872512.0,
        3969472000.0,
        3972786944.0,
        3972202496.0,
        3966600960.0,
        3968996864.0,
        3969895424.0,
        3970390784.0,
        3968903168.0,
        3969926400.0,
        3969897472.0,
        3969789440.0,
        3970139648.0,
        3969589760.0,
        3970266112.0,
        3969302272.0,
        3969025024.0,
        3969439488.0,
        3969477376.0,
        3969855488.0,
        3969915904.0,
        3969430016.0,
        3970580224.0,
        3969193216.0,
        3969808896.0,
        3970260992.0,
        3967760128.0,
        3969168640.0,
        3969795840.0,
        3968123648.0,
        3968584704.0,
        3968603136.0,
        3971134208.0,
        3966451712.0,
        3970224384.0,
        3970153728.0,
        3970685952.0,
        3969789440.0,
        3970438656.0,
        3970048512.0,
        3969018880.0,
        3970797824.0,
        3970601984.0,
        3968365056.0,
        3969630464.0,
        3969141504.0,
        3970190336.0,
        3969152512.0,
        3969388800.0,
        3970657792.0,
        3969356032.0,
        3970522624.0,
        3968893440.0,
        3971858432.0,
        3969221376.0,
        3969828864.0,
        3969657088.0,
        3861573888.0,
        4084366848.0
    ],
    "sumPSWeights": [
        3970066944.0,
        3969991168.0,
        3970215168.0,
        3970701312.0
    ],
    "sumLHEscaleWeights": [
        4471010304.0,
        4392441344.0,
        4341221376.0,
        4069357056.0,
        3969573632.0,
        3893626624.0,
        3684404736.0,
        3576989440.0,
        3488617216.0
    ]
}