{
    "nEvents": 59858000,
    "sumGenWeights": 4200376118.439041,
    "sumSquaredGenWeights": 299547553074.21875,
    "sumLHEpdfWeights": [
        4194960128.0,
        4193841152.0,
        4206114304.0,
        4202265600.0,
        4213073152.0,
        4195648512.0,
        4188587776.0,
        4192974848.0,
        4190064640.0,
        4210357760.0,
        4196237568.0,
        4189819136.0,
        4202099968.0,
        4194264832.0,
        4203600640.0,
        4202465024.0,
        4207580160.0,
        4194514944.0,
        4198421248.0,
        4203888128.0,
        4202481408.0,
        4201731584.0,
        4200447232.0,
        4206853888.0,
        4191807744.0,
        4202651392.0,
        4207094528.0,
        4191884288.0,
        4191872512.0,
        4221031936.0,
        4203424000.0,
        4204803584.0,
        4202190080.0,
        4205392128.0,
        4204871168.0,
        4198040576.0,
        4198626816.0,
        4205072384.0,
        4199431168.0,
        4196198144.0,
        4200386048.0,
        4197291776.0,
        4192684544.0,
        4200787456.0,
        4205691136.0,
        4195998208.0,
        4207557120.0,
        4206673664.0,
        4193921792.0,
        4195525376.0,
        4204404992.0,
        4205316608.0,
        4197011200.0,
        4201592064.0,
        4204237312.0,
        4200635392.0,
        4196759296.0,
        4200391936.0,
        4202206720.0,
        4195764736.0,
        4200512256.0,
        4195816448.0,
        4198789120.0,
        4198653696.0,
        4196027648.0,
        4202810112.0,
        4198831104.0,
        4197576192.0,
        4205279232.0,
        4201947136.0,
        4193688576.0,
        4194628096.0,
        4197609984.0,
        4195149824.0,
        4195666432.0,
        4194918656.0,
        4201244928.0,
        4192786944.0,
        4199289344.0,
        4203055360.0,
        4200749568.0,
        4203502848.0,
        4204199936.0,
        4198270464.0,
        4195872256.0,
        4198993920.0,
        4198068736.0,
        4194556928.0,
        4200506624.0,
        4196859136.0,
        4198914048.0,
        4196982784.0,
        4196635648.0,
        4198600192.0,
        4197457920.0,
        4200467456.0,
        4195029760.0,
        4206352384.0,
        4195047424.0,
        4198599424.0,
        4196719360.0,
        4085389824.0,
        4320991232.0
    ],
    "sumPSWeights": [
        4200305152.0,
        4200198144.0,
        4200072192.0,
        4201060352.0
    ],
    "sumLHEscaleWeights": [
        4731111936.0,
        4648515072.0,
        4595014656.0,
        4304320000.0,
        4194960128.0,
        4120348928.0,
        3895808000.0,
        3783350016.0,
        3690994688.0
    ]
}