{
    "nEvents": 10522657,
    "sumGenWeights": 3527174.8444578648,
    "sumSquaredGenWeights": 4020601.723715186,
    "sumLHEpdfWeights": [
        3524487.0,
        3527683.25,
        3526203.0,
        3527902.0,
        3531502.75,
        3521166.25,
        3525612.25,
        3519582.75,
        3513124.0,
        3541305.5,
        3521300.5,
        3535429.75,
        3524912.0,
        3539713.0,
        3526314.0,
        3550313.0,
        3523202.0,
        3526824.5,
        3510579.0,
        3526215.75,
        3530653.0,
        3514508.5,
        3536993.0,
        3522009.0,
        3515445.5,
        3525585.0,
        3527602.0,
        3538036.5,
        3528327.0,
        3546236.5,
        3538107.25,
        3544763.0,
        3523810.5,
        3538336.0,
        3531532.5,
        3521752.25,
        3519796.5,
        3533553.5,
        3532832.5,
        3518707.5,
        3524741.5,
        3528453.75,
        3513166.0,
        3521911.0,
        3523118.0,
        3526440.0,
        3522021.25,
        3526240.5,
        3531908.5,
        3518906.75,
        3524586.5,
        3532720.0,
        3524632.0,
        3526335.75,
        3527607.5,
        3532423.25,
        3528820.0,
        3525521.5,
        3528211.5,
        3530235.0,
        3531728.5,
        3529741.0,
        3527142.0,
        3521854.75,
        3530182.25,
        3527278.25,
        3530937.25,
        3531084.75,
        3526415.0,
        3523746.5,
        3525927.0,
        3527141.0,
        3526884.0,
        3528809.75,
        3524550.0,
        3525950.5,
        3525442.0,
        3528560.25,
        3529460.5,
        3523447.0,
        3526926.0,
        3528175.75,
        3529317.5,
        3524346.0,
        3528924.25,
        3526031.0,
        3526672.5,
        3529608.5,
        3527350.0,
        3527736.75,
        3526456.0,
        3528077.75,
        3525828.0,
        3526253.0,
        3526763.0,
        3526960.75,
        3525452.25,
        3526573.0,
        3527168.0,
        3527879.75,
        3524487.5,
        3388145.5,
        3659832.5
    ],
    "sumPSWeights": [
        3563564.75,
        3530620.0,
        3480832.75,
        3524026.5
    ],
    "sumLHEscaleWeights": [
        3889261.5,
        3852390.0,
        3832592.5,
        3595328.0,
        3524487.0,
        3475445.5,
        3257393.0,
        3177292.5,
        3112189.0
    ]
}