{
    "nEvents": 970179,
    "sumGenWeights": 656374.2774096727,
    "sumSquaredGenWeights": 1486166.6003118753,
    "sumLHEpdfWeights": [
        656466.875,
        656515.875,
        656159.5,
        656507.125,
        657142.1875,
        655272.75,
        656067.25,
        654988.375,
        653717.125,
        658982.875,
        655298.0625,
        657885.5,
        655943.125,
        658691.4375,
        656182.625,
        660639.0,
        655626.375,
        656269.1875,
        653236.0,
        656151.0625,
        657042.375,
        654052.375,
        658221.0,
        655437.3125,
        654181.75,
        656072.3125,
        656487.0,
        658368.875,
        656591.875,
        659904.0625,
        658396.25,
        659746.125,
        655767.8125,
        658437.3125,
        657112.375,
        655416.3125,
        654978.9375,
        657639.0625,
        657428.1875,
        654914.25,
        655914.875,
        656563.5,
        653849.875,
        655425.875,
        655602.6875,
        656302.4375,
        655464.25,
        656177.0,
        657224.0,
        654873.0,
        655872.3125,
        657356.0625,
        655854.75,
        656208.125,
        656511.75,
        657273.625,
        656622.9375,
        655993.5,
        656530.6875,
        656950.75,
        657272.5,
        656868.3125,
        656471.125,
        655400.0,
        656975.875,
        656443.0625,
        657031.75,
        657095.875,
        656260.5625,
        655713.4375,
        656136.9375,
        656399.9375,
        656358.1875,
        656656.625,
        655885.375,
        656108.875,
        656151.0,
        656667.625,
        656733.9375,
        655680.875,
        656406.0,
        656702.625,
        656757.875,
        655905.125,
        656690.5,
        656131.8125,
        656424.9375,
        656809.25,
        656413.9375,
        656550.9375,
        656245.875,
        656647.3125,
        656064.125,
        656293.125,
        656332.5625,
        656344.75,
        656215.375,
        656441.375,
        656457.3125,
        656418.25,
        656466.0625,
        630516.125,
        681035.75
    ],
    "sumPSWeights": [
        663347.625,
        657666.75,
        647581.8125,
        655754.5
    ],
    "sumLHEscaleWeights": [
        723731.375,
        717033.0,
        713485.25,
        668933.5,
        656466.875,
        646853.375,
        605996.4375,
        591185.625,
        579154.5
    ]
}