{
    "nEvents": 19992000,
    "sumGenWeights": 4876491.7072889805,
    "sumSquaredGenWeights": 4909423.901438713,
    "sumLHEpdfWeights": [
        4876902.0,
        4872540.0,
        4867454.0,
        4877143.0,
        4885428.5,
        4865604.0,
        4881813.5,
        4866357.5,
        4865974.0,
        4881450.5,
        4870322.5,
        4886494.0,
        4878666.0,
        4889114.0,
        4885961.5,
        4896212.5,
        4882194.0,
        4884488.0,
        4856746.5,
        4867194.5,
        4878580.5,
        4862439.0,
        4880372.5,
        4879277.0,
        4858448.5,
        4875284.5,
        4874280.0,
        4881820.5,
        4874745.0,
        4873107.0,
        4880534.0,
        4874828.0,
        4873835.5,
        4876514.5,
        4870089.5,
        4876911.0,
        4877052.5,
        4873811.5,
        4878344.5,
        4872675.0,
        4871542.0,
        4871744.5,
        4873520.5,
        4874481.5,
        4875907.0,
        4874956.5,
        4868092.0,
        4877231.0,
        4881085.0,
        4867897.0,
        4873906.5,
        4878464.0,
        4879889.0,
        4876850.0,
        4876438.5,
        4874655.5,
        4877378.5,
        4878352.5,
        4880175.5,
        4880148.0,
        4878906.0,
        4878195.0,
        4879819.0,
        4878158.5,
        4878030.0,
        4879229.5,
        4877930.0,
        4876250.5,
        4881416.5,
        4874935.0,
        4881130.5,
        4874878.0,
        4873063.0,
        4878970.5,
        4872727.0,
        4876508.5,
        4877800.0,
        4880372.5,
        4880297.5,
        4874652.0,
        4878195.5,
        4876466.0,
        4879952.0,
        4880591.0,
        4877270.5,
        4877114.5,
        4876855.0,
        4881107.5,
        4875743.0,
        4875778.0,
        4879214.5,
        4878933.5,
        4878977.0,
        4875128.0,
        4878686.0,
        4879753.0,
        4876085.0,
        4879507.0,
        4878658.0,
        4880215.0,
        4876888.0,
        4744736.5,
        5018466.5
    ],
    "sumPSWeights": [
        4876353.0,
        4876519.5,
        4876256.0,
        4876786.0
    ],
    "sumLHEscaleWeights": [
        5332349.0,
        5254689.5,
        5197389.5,
        5007872.0,
        4876902.0,
        4769560.0,
        4636625.5,
        4478384.5,
        4346147.5
    ]
}