{
    "nEvents": 19960000,
    "sumGenWeights": 10208011.520469427,
    "sumSquaredGenWeights": 21110524.463653564,
    "sumLHEpdfWeights": [
        10206593.0,
        10199435.0,
        10192045.0,
        10209846.0,
        10228050.0,
        10185410.0,
        10223157.0,
        10185280.0,
        10184924.0,
        10218230.0,
        10193655.0,
        10228678.0,
        10212239.0,
        10236801.0,
        10227324.0,
        10250412.0,
        10220859.0,
        10225073.0,
        10165802.0,
        10188098.0,
        10212738.0,
        10177412.0,
        10216448.0,
        10213523.0,
        10170683.0,
        10204966.0,
        10204598.0,
        10218984.0,
        10204440.0,
        10200894.0,
        10217013.0,
        10203716.0,
        10202176.0,
        10212026.0,
        10194410.0,
        10208422.0,
        10211996.0,
        10201777.0,
        10213074.0,
        10197372.0,
        10198424.0,
        10197300.0,
        10202972.0,
        10200455.0,
        10206972.0,
        10200606.0,
        10189378.0,
        10207396.0,
        10214382.0,
        10191575.0,
        10201241.0,
        10210086.0,
        10218227.0,
        10205338.0,
        10203816.0,
        10201984.0,
        10208164.0,
        10206258.0,
        10212732.0,
        10212813.0,
        10210778.0,
        10207886.0,
        10214951.0,
        10206305.0,
        10208139.0,
        10216251.0,
        10208394.0,
        10204547.0,
        10216098.0,
        10201631.0,
        10213724.0,
        10202258.0,
        10198212.0,
        10207613.0,
        10196126.0,
        10202535.0,
        10205832.0,
        10210895.0,
        10210260.0,
        10199535.0,
        10205620.0,
        10203487.0,
        10209937.0,
        10213164.0,
        10205703.0,
        10204800.0,
        10204570.0,
        10212102.0,
        10202917.0,
        10201784.0,
        10207436.0,
        10209667.0,
        10208470.0,
        10201074.0,
        10207329.0,
        10209000.0,
        10201094.0,
        10208280.0,
        10208599.0,
        10209206.0,
        10206590.0,
        9932925.0,
        10504417.0
    ],
    "sumPSWeights": [
        10207784.0,
        10207766.0,
        10207504.0,
        10207014.0
    ],
    "sumLHEscaleWeights": [
        11177640.0,
        11010736.0,
        10885785.0,
        10486300.0,
        10206593.0,
        9980635.0,
        9704116.0,
        9370101.0,
        9090527.0
    ]
}