{
    "nEvents": 15670000,
    "sumGenWeights": 15670122.115062356,
    "sumSquaredGenWeights": 15670279.973079443,
    "sumPSWeights": [
        15669798.0,
        15669586.0,
        15670398.0,
        15673138.0
    ]
}