{
    "sumGenWeights": 1237360460.8339844,
    "nEvents": 69625,
    "sumLHEpdfWeights": [
        69625.0,
        69596.9375,
        69586.625,
        69568.9375,
        69629.890625,
        69653.1171875,
        69643.5078125,
        69670.5625,
        69678.5390625,
        69577.6953125,
        69619.671875,
        69634.40625,
        69681.640625,
        69638.796875,
        69545.640625,
        69642.640625,
        69595.8828125,
        69568.84375,
        69636.1328125,
        69625.7421875,
        69635.375,
        69703.484375,
        69640.9609375,
        69621.1328125,
        69765.5625,
        69658.890625,
        69507.3046875,
        69641.546875,
        69675.984375,
        69447.921875,
        69623.140625,
        69612.2265625,
        69575.3828125,
        69657.7265625,
        69589.46875,
        69619.0546875,
        69645.9921875,
        69629.5625,
        69623.8671875,
        69605.84375,
        69614.4765625,
        69632.984375,
        69649.59375,
        69623.40625,
        69631.28125,
        69667.046875,
        69613.8984375,
        69589.34375,
        69641.0234375,
        69618.5234375,
        69645.46875,
        69633.03125,
        69605.3515625,
        69633.703125,
        69614.0859375,
        69639.796875,
        69622.296875,
        69632.03125,
        69642.1484375,
        69608.890625,
        69623.546875,
        69604.203125,
        69628.078125,
        69614.1953125,
        69599.1015625,
        69663.734375,
        69586.828125,
        69624.328125,
        69623.171875,
        69609.78125,
        69631.5,
        69602.171875,
        69633.2890625,
        69638.2734375,
        69627.828125,
        69618.390625,
        69615.921875,
        69630.1796875,
        69624.8359375,
        69632.0625,
        69616.4765625,
        69623.34375,
        69617.9765625,
        69624.65625,
        69630.578125,
        69613.1875,
        69615.671875,
        69625.8359375,
        69622.9765625,
        69626.4375,
        69618.546875,
        69621.5,
        69631.109375,
        69605.90625,
        69634.3828125,
        69623.96875,
        69625.21875,
        69617.0390625,
        69620.4765625,
        69627.296875,
        69633.203125,
        68053.1875,
        71165.5390625
    ]
}